Datetime,brent,gold
2007-01-03,,-0.012833950533258864
2007-01-04,,-0.005115840369174229
2007-01-05,,-0.030926942774749833
2007-01-08,,0.004288979741342125
2007-01-09,,0.009175839733252644
2007-01-10,,-0.0024495808113993434
2007-01-11,,0.0013072695131741696
2007-01-12,,0.02116562625723528
2007-01-16,,-0.0014399241455045342
2007-01-17,,0.011936165093056061
2007-01-18,,-0.007941592237232342
2007-01-19,,0.013306112012223537
2007-01-22,,-0.003467866382398377
2007-01-23,,0.018616140923706226
2007-01-24,,0.0037128189333692774
2007-01-25,,0.00030880378921605
2007-01-26,,-0.00510716551416035
2007-01-29,,-0.0021746272015139567
2007-01-30,,0.0017090606685030707
2007-01-31,,0.012035306080422359
2007-02-01,,0.008248136440767162
2007-02-02,,-0.01718362608653745
2007-02-05,,0.007246985805619666
2007-02-06,,0.004139448106073473
2007-02-07,,-0.0019909461043559062
2007-02-08,,0.008700371237097215
2007-02-09,,0.01433445894908747
2007-02-12,,-0.007367937254463719
2007-02-13,,0.001960119478876976
2007-02-14,,0.005258030399310165
2007-02-15,,-0.0001499012817358647
2007-02-16,,0.0022453419019594634
2007-02-20,,-0.01764886676878774
2007-02-21,,0.034550713769768926
2007-02-22,,-0.0011767988581095068
2007-02-23,,0.0054311343364794595
2007-02-26,,0.004964999210322674
2007-02-27,,-0.003794481405683392
2007-02-28,,-0.02142991855355625
2007-03-01,,-0.010663218189123747
2007-03-02,,-0.03190942300397115
2007-03-05,,-0.007510577860367462
2007-03-06,,0.011089493708477782
2007-03-07,,0.010506876609992055
2007-03-08,,0.004294560017825688
2007-03-09,,-0.005217173641936412
2007-03-12,,-0.0024645353753820487
2007-03-13,,-0.0012346434101146997
2007-03-14,,-0.010399707500601707
2007-03-15,,0.007461541933949434
2007-03-16,,0.010629328211231304
2007-03-19,,0.000765872778032417
2007-03-20,,0.007322761674232403
2007-03-21,,0.0016705533014773621
2007-03-22,,0.00665462881186496
2007-03-23,,-0.010150851529001415
2007-03-26,,0.010150851529001415
2007-03-27,,-0.0019615982572505075
2007-03-28,,0.006623574561642087
2007-03-29,,-0.0075301560637530685
2007-03-30,,0.002265006630851829
2007-04-02,,0.004064146757930764
2007-04-03,,-0.0025569874673596615
2007-04-04,,0.012124953174441622
2007-04-05,,0.0031197182550348757
2007-04-09,,-0.0034172646439492027
2007-04-10,,0.006822891348881477
2007-04-11,,0.0004433426447771893
2007-04-12,,-0.002514998371418997
2007-04-13,,0.015141853176474207
2007-04-16,,0.006833834188308963
2007-04-17,,-0.0027569681479819863
2007-04-18,,0.0013068518332488566
2007-04-19,,-0.0069899628145115855
2007-04-20,,0.011189555497930215
2007-04-23,,-0.002025206013736458
2007-04-24,,-0.009310459219108225
2007-04-25,,-0.00014622030572919442
2007-04-26,,-0.013539502155394345
2007-04-27,,0.005614653771912614
2007-04-30,,0.002648600395906975
2007-05-01,,-0.009004379202715462
2007-05-02,,-0.0031187915709338654
2007-05-03,,0.014031690481807857
2007-05-04,,0.007889046633799524
2007-05-07,,0.0011634494998649103
2007-05-08,,-0.0042240605602552606
2007-05-09,,-0.0070309179656735665
2007-05-10,,-0.022596490824396298
2007-05-11,,0.008235429042812825
2007-05-14,,-0.0031364010838332845
2007-05-15,,0.006708933102729908
2007-05-16,,-0.019202491735736515
2007-05-17,,-0.00607719877938262
2007-05-18,,0.007288200722077143
2007-05-21,,0.0028703462248378386
2007-05-22,,-0.005748955059365457
2007-05-23,,0.004239292992538779
2007-05-24,,-0.013537394733265984
2007-05-25,,0.003210729193710904
2007-05-29,,0.003048318279422091
2007-05-30,,-0.006105957222766634
2007-05-31,,0.012023620324888462
2007-06-01,,0.01531333348818631
2007-06-04,,-0.0007452120337463342
2007-06-05,,-0.0016414785915275232
2007-06-06,,-0.0004481108465066441
2007-06-07,,-0.01384107015876701
2007-06-08,,-0.022366091422627576
2007-06-11,,0.013540732932368904
2007-06-12,,-0.0089039394625674
2007-06-13,,-0.0004626942168526327
2007-06-14,,0.005231529720376216
2007-06-15,,0.004440746089932723
2007-06-18,,0.001984260446638686
2007-06-19,,0.007444051715152611
2007-06-20,,-0.006986718371801537
2007-06-21,,-0.008418202626151228
2007-06-22,,0.004447556550482901
2007-06-25,,-0.0033721862544835446
2007-06-26,,-0.014226330032003354
2007-06-27,,-0.0006230929983637168
2007-06-28,,0.008997869794266755
2007-06-29,,0.0009261741897681475
2007-07-02,,0.012877725979389965
2007-07-03,,-0.005498678156999226
2007-07-05,,-0.0069161880715507
2007-07-06,,0.0066097968292320175
2007-07-09,,0.011879499618847156
2007-07-10,,0.0030234338979973074
2007-07-11,,-0.0033262991469502623
2007-07-12,,0.009645929220218896
2007-07-13,,-0.0013508811271032428
2007-07-16,,-0.0012022661506883026
2007-07-17,,-0.00045121124359503995
2007-07-18,,0.011814933595868382
2007-07-19,,0.006815905276592815
2007-07-20,,0.009845075517621815
2007-07-23,,-0.004543184473599915
2007-07-24,,0.004981731056082239
2007-07-25,,-0.016059312963741412
2007-07-26,,-0.016170419560705973
2007-07-27,,-0.0037807228399060477
2007-07-30,,0.006192868763566395
2007-07-31,0.017148207104760615,0.004207442462503153
2007-08-01,-0.02231069655166884,-0.0049606247205815635
2007-08-02,0.005426572253207418,0.001505797659562269
2007-08-03,-0.013421264804366118,0.011816792290472833
2007-08-06,-0.04907785668751696,-0.0014880955127019035
2007-08-07,0.008813162974488975,-0.0013412183374610365
2007-08-08,-0.01134552659846566,0.0057988780219790925
2007-08-09,-0.011048253969987876,-0.019612838187414106
2007-08-10,0.0025604609597271732,0.013366517692220192
2007-08-13,-0.00227558097897429,-0.000895486009000912
2007-08-14,0.003978956057725469,-0.0016439316728176223
2007-08-15,0.01589899464501432,0.0004486711523865594
2007-08-16,-0.02644949883594716,-0.03128107527152846
2007-08-17,0.009557248450517974,0.013178303712339634
2007-08-20,-0.008411254429488757,-0.00030452527862490086
2007-08-21,-0.016746400089717284,0.0
2007-08-22,0.00014549103861938306,0.003647919231787533
2007-08-23,0.016744093308676433,-0.0003034160446260259
2007-08-24,0.010820181277182428,0.01371635856411313
2007-08-27,0.004661931200605096,-0.0017980409668920672
2007-08-28,-0.005653639037767277,-0.0036057180845840975
2007-08-29,0.022148286881872536,0.002855586762699147
2007-08-30,-0.0031937224881222193,-0.001952960592014108
2007-08-31,0.010927571133854563,0.011958288988873633
2007-09-04,0.016779545479574054,0.014017197414387006
2007-09-05,0.005665713044810339,-0.0011728307836254004
2007-09-06,0.005767574507547835,0.020185051106790475
2007-09-07,0.004004317404669777,0.007447774821192965
2007-09-10,0.005446757455131568,0.0035610037537079364
2007-09-11,0.011853080863103216,0.012575262026389034
2007-09-12,0.01687698207376709,-0.00042130157951270064
2007-09-13,-0.0072351419950136275,-0.003376989803959951
2007-09-14,-0.011738774455446688,0.0001408999898853125
2007-09-17,0.009921780002229319,0.00869938468825282
2007-09-18,0.00789281424417787,0.0
2007-09-19,0.011277895988041742,0.008624357614590572
2007-09-20,0.00786999653257503,0.01430170724185853
2007-09-21,0.002651768896246409,-0.0013663070394995813
2007-09-24,-0.0049301581828791186,0.000956544209422816
2007-09-25,-0.016482847615889362,-0.0006832001586776215
2007-09-26,-0.0024508549857946704,-0.004520848683053913
2007-09-27,0.03302724278594216,0.0060233233633821825
2007-09-28,-0.010804133070681843,0.013690455218486441
2007-10-01,-0.0195146656156977,0.005906090206921455
2007-10-02,-0.0033544366618674104,-0.02356239597586196
2007-10-03,0.0,-0.0006853540236280153
2007-10-04,0.020339735189659258,0.011587615365222348
2007-10-05,-0.0008868017760663705,0.004732616578215776
2007-10-08,-0.02984527723173258,-0.011532588493760265
2007-10-09,0.011812898248537707,0.006257722206492566
2007-10-10,0.014222811813906056,0.0040600947651476815
2007-10-11,0.019528218071409142,0.014614409453741928
2007-10-12,0.004978249416133451,-0.0034666375862943966
2007-10-15,0.02694586674768651,0.01115692732150464
2007-10-16,0.009621277310356113,-0.00013205942499805445
2007-10-17,-0.005039677064132775,0.000660283946075424
2007-10-18,0.017528634072387916,0.008675101318599943
2007-10-19,-0.009620569024137104,-0.00013084953560316137
2007-10-22,-0.006225379617760929,-0.010791014402271593
2007-10-23,-0.005056574478681242,0.004225002631381258
2007-10-24,0.018180195276343625,0.003419674025245456
2007-10-25,0.03619831345074509,0.00745639185367164
2007-10-26,0.013736936733480754,0.021403649064486885
2007-10-29,0.018211745546804714,0.006611532248831153
2007-10-30,-0.03240604467336361,-0.006101439933481778
2007-10-31,0.03583238197203542,0.009769807160042276
2007-11-01,-0.010091530503546053,-0.0016427472992859293
2007-11-02,0.02596406104139959,0.01879283541884913
2007-11-05,-0.01741846054342666,0.002974303093727926
2007-11-06,0.03015199053067885,0.01559367651667376
2007-11-07,-0.00021452302989466432,0.01235033531105767
2007-11-08,-0.004837906024713234,0.00504143688862424
2007-11-09,0.004194224432024107,-0.0032380098894737586
2007-11-12,-0.012961911055652031,-0.032597664246311275
2007-11-13,-0.03484674721348924,-0.010729953957265614
2007-11-14,0.028083301193800203,0.01962550589678802
2007-11-15,-0.0124457493778376,-0.033901520610580604
2007-11-16,0.015287615225976658,-0.0002545332189498595
2007-11-19,0.00717780164073023,-0.011392154455674763
2007-11-20,0.0341940875135629,0.017229703502251503
2007-11-21,-0.006830285007212389,0.00919458327336553
2007-11-23,0.009653860974237816,0.032563341871250095
2007-11-26,-0.004605434528939689,0.0024242436115056165
2007-11-27,-0.02981484794903988,-0.015003010816484696
2007-11-28,-0.029728500581176043,-0.016855073362179063
2007-11-29,0.004554845011810471,-0.006017302728189122
2007-11-30,-0.021964117465307353,-0.016608908686688295
2007-12-03,0.01729798124685722,0.007768234653164896
2007-12-04,-0.0030112582805994492,0.01635668096938936
2007-12-05,-0.011684223873160704,-0.004753558890991272
2007-12-06,0.018918149238678517,0.004628784368598815
2007-12-07,-0.017224460263773445,-0.008523475563928962
2007-12-10,-0.006791949055984681,0.01660357409790425
2007-12-11,0.021907262250072,0.004570463299585548
2007-12-12,0.04380896058419559,0.00258474579793333
2007-12-13,-0.02041538512377361,-0.01798498089281786
2007-12-14,-0.004678756079193214,-0.007159500845978606
2007-12-17,-0.004372086082784499,0.0018890503987458729
2007-12-18,-0.012899116564784485,0.010264218627719757
2007-12-19,0.01497825980941414,-0.002368961201365316
2007-12-20,-0.006580481099631719,-0.002374510136989194
2007-12-21,0.01723618390743642,0.015396335261854688
2007-12-24,0.0025923309928082006,0.0014774839354627645
2007-12-26,0.013287866936831705,0.016109711715253106
2007-12-27,0.008902097072265747,0.003142726658091455
2007-12-28,-0.00954106193359383,0.013188058689201476
2007-12-31,-0.0003195949526970665,-0.005613572426415914
2008-01-02,0.04163570717552467,0.02612593215592529
2008-01-03,-0.0024559761643017097,0.01090880526774285
2008-01-04,-0.008333785165140384,-0.003816192926393569
2008-01-07,-0.025108563749322244,-0.004063394572429324
2008-01-08,0.01210988867389684,0.021179457268416968
2008-01-09,-0.012321762406837244,0.0017069705424956894
2008-01-10,-0.02304621512222038,0.013776202652837632
2008-01-11,-0.012548601786693148,0.00492221981492591
2008-01-14,0.020110449967771338,0.006118949001593599
2008-01-15,-0.021099149157150165,-0.0006656780386320449
2008-01-16,-0.016401113758536923,-0.022901792011034594
2008-01-17,-0.008415196925284363,-0.0012499014196905023
2008-01-18,0.005393915177665853,0.001477007371830652
2008-01-22,-0.008779957430029128,0.009941324503008886
2008-01-23,-0.020906618608276695,-0.008013107245000484
2008-01-24,0.027891806522646334,0.025728488516016057
2008-01-25,0.020337443952247902,0.005506621844195259
2008-01-28,0.005266588108637116,0.01806750911147681
2008-01-29,0.006761970970623921,-0.002159594892595429
2008-01-30,0.00574432601938657,-0.004876208523132419
2008-01-31,-0.0034643284460980084,0.002278562950784213
2008-02-01,-0.030500537918959125,-0.015289147679384385
2008-02-04,0.01067624757395258,-0.004190552797878944
2008-02-05,-0.017632437849256277,-0.02122036236046121
2008-02-06,-0.011778176074370705,0.016568147366052166
2008-02-07,0.008281893762560166,0.005977395941376251
2008-02-08,0.03802065281616862,0.013483403864658072
2008-02-11,0.017146010462574246,0.004887860576610947
2008-02-12,-0.007189238230408179,-0.016937518589792866
2008-02-13,0.004941454718431437,-0.000992363940470753
2008-02-14,0.019525280035439074,0.000992363940470753
2008-02-15,-0.005585202422752289,-0.005082362713297428
2008-02-19,0.04069095351873919,0.02602091521246308
2008-02-20,-0.0014214581811140548,0.008596657509311711
2008-02-21,-0.02239896736381919,0.012229641761595467
2008-02-22,0.007969038524401562,-0.0014808162087653898
2008-02-25,0.00698513666229772,-0.007544036912825014
2008-02-26,0.018056878780181584,0.009024853121590404
2008-02-27,-0.012137345222369866,0.01270829128311668
2008-02-28,0.02641118426822242,0.006553295157218031
2008-02-29,-0.007960271404618524,0.00784882236647455
2008-03-03,0.003789065051231333,0.009623359004257814
2008-03-04,-0.029901285378872267,-0.01809443359817564
2008-03-05,0.041379701696941495,0.022871606049530868
2008-03-06,0.00949824737545324,-0.011421715170023994
2008-03-07,-0.00224404562027658,-0.002875913830401977
2008-03-10,0.017236859416652095,-0.0023685585962169853
2008-03-11,0.010410258943732487,0.004423635331527009
2008-03-12,0.009644521233388659,0.004710685194335262
2008-03-13,0.011879886099017689,0.013698149521350622
2008-03-14,-0.012538799823008873,0.005928200646111215
2008-03-17,-0.042805255749184035,0.003200655011221798
2008-03-18,0.036760664184280145,0.001795857770975573
2008-03-19,-0.046935086651124,-0.060082752350066215
2008-03-20,-0.003381444990918858,-0.026928663356224902
2008-03-24,-0.005193745680406536,-0.0014146450140577471
2008-03-25,0.007383031313320743,0.017594482817452572
2008-03-26,0.033142477631631806,0.015290194466074603
2008-03-27,0.00966563002803511,-0.00021078323222489814
2008-03-28,-0.011783470890087244,-0.01936850220191033
2008-03-31,-0.034011153873247046,-0.015594818399606858
2008-04-01,-0.001297001049987756,-0.037022723216523445
2008-04-02,0.035115434766606946,0.013835199074146765
2008-04-03,-0.011926290359120628,0.010887773066116324
2008-04-04,0.02294966119659758,0.00441015047755311
2008-04-07,0.021128854807763275,0.014959073636717335
2008-04-08,-0.007494911117597702,-0.009473596360046521
2008-04-09,0.019832174667507196,0.021217483367744094
2008-04-10,-0.0024923100983622604,-0.005693111565884479
2008-04-11,0.005070331761197977,-0.005075892209258193
2008-04-14,0.009973058150523073,0.0019470518083206656
2008-04-15,0.015717110708306947,0.0035596690711043877
2008-04-16,0.009632627144796402,0.017504944242580756
2008-04-17,-0.0020436574963893506,-0.005623642489008596
2008-04-18,0.01316562311447278,-0.029807796020180355
2008-04-21,0.004466853406040805,0.0027368783481440673
2008-04-22,0.013195752385394499,0.008274380998537723
2008-04-23,0.0043888211657323595,-0.017610491302641584
2008-04-24,-0.01837142474008946,-0.021640581726710018
2008-04-25,0.017340473197386963,0.00045098581831126694
2008-04-28,0.0034323144716319476,0.006404170070398507
2008-04-29,-0.028763312215216885,-0.02116542347273409
2008-04-30,-0.018417707194386956,-0.013126296026030992
2008-05-01,-0.007752681109188586,-0.01624147786327601
2008-05-02,0.036083160943369386,0.00844574072710369
2008-05-05,0.02950117510546768,0.01874622421442762
2008-05-06,0.019471867746158722,0.004232703491293677
2008-05-07,0.01656883437310608,-0.00733278320444164
2008-05-08,0.004242106634684717,0.012570157865352982
2008-05-09,0.020625974606319097,0.004419048002536563
2008-05-12,-0.020056230344976278,-0.0009048612623345775
2008-05-13,0.009635269893064624,-0.017350066656345753
2008-05-14,-0.018214830086024314,-0.003575729679071493
2008-05-15,0.0062988195476476605,0.015593041683088948
2008-05-16,0.019062047634293755,0.02249813678644319
2008-05-19,0.0005598856063526725,0.006651909228305719
2008-05-20,0.02198585075465509,0.01589510034445052
2008-05-21,0.037311464968813546,0.009201688741824476
2008-05-22,-0.016641108251290504,-0.01094325396341933
2008-05-23,0.0080892749561432,0.008353670680213199
2008-05-27,-0.025089893166070354,-0.019528208522102908
2008-05-28,0.020213581420179594,-0.007963776364880992
2008-05-29,-0.0313422087009636,-0.026215134156373665
2008-05-30,0.0069894610222958065,0.011448099624153052
2008-06-02,0.0018765094662089865,0.006291489781817816
2008-06-03,-0.02723844056342184,-0.012736209159860401
2008-06-04,-0.020107725904123797,-0.0019301183078272999
2008-06-05,0.04358967944578218,-0.009248266595728971
2008-06-06,0.07657475112198142,0.026710547270769602
2008-06-09,-0.027836839332445074,-0.0007820928756965273
2008-06-10,-0.02181794394205916,-0.03041195141702424
2008-06-11,0.030072931343937626,0.013504425354745386
2008-06-12,0.007893457405863558,-0.012007691708726398
2008-06-13,-0.007227138673449041,0.0012647033429749044
2008-06-16,-0.0029648964394217714,0.015166478146507956
2008-06-17,-0.007376298869189668,0.0007919138617733523
2008-06-18,0.0201369047633726,0.0074358573529016425
2008-06-19,-0.03308305285769997,0.012049668913240552
2008-06-20,0.021435285245881452,-0.00044373202509806475
2008-06-23,0.007755721080109801,-0.01847653504686253
2008-06-24,0.004038651675172034,0.004960578846449515
2008-06-25,-0.01573210788159418,-0.01040028834589446
2008-06-26,0.04012793944168269,0.036923469412486476
2008-06-27,0.0034268308581948403,0.017586224542828433
2008-06-30,-0.0034268308581948403,-0.0033413942012225917
2008-07-01,0.0059892966053141095,0.017445712095821797
2008-07-02,0.025200480244368606,0.00243733264075896
2008-07-03,0.012537240383955428,-0.013747712973158244
2008-07-07,-0.029243318474879487,-0.004948414347644814
2008-07-08,-0.03909950201641088,-0.005840340355240947
2008-07-09,0.0010989280494353437,0.005840340355240947
2008-07-10,0.039127757358945914,0.014559765318161055
2008-07-11,0.017172044724774516,0.0195754254874716
2008-07-14,-0.003952762103573981,0.013663406977276082
2008-07-15,-0.03658382429300833,0.005127164572051868
2008-07-16,-0.0214169204871979,-0.01639637084538048
2008-07-17,-0.035525244627685915,0.008489555345726707
2008-07-18,-0.006736646849714312,-0.013179262296642236
2008-07-21,0.018417553630167838,0.0060404140165744025
2008-07-22,-0.023345563727392715,-0.015802720962339478
2008-07-23,-0.033435872999993066,-0.02737550683219503
2008-07-24,0.009136849091501809,-0.00043377186623239083
2008-07-25,-0.015301588041813474,0.004976723077947831
2008-07-28,0.010544911034291893,0.0010786324272329395
2008-07-29,-0.025187389121153814,-0.012147601841161482
2008-07-30,0.03515032566251275,-0.01484114486757182
2008-07-31,-0.024853876839881828,0.012109350639264882
2008-08-01,0.0016118390440897912,-0.00537608881482754
2008-08-04,-0.028589711574612764,-0.009839253038162354
2008-08-05,-0.025003428481705114,-0.024176137385097718
2008-08-06,-0.005965053540200493,-0.0034203659881777426
2008-08-07,0.007323549790625883,-0.0056118379116814054
2008-08-08,-0.03919355168668481,-0.014926542002205778
2008-08-11,-0.005840756977106842,-0.043239020374831405
2008-08-12,-0.0135825217862795,-0.01632236972897605
2008-08-13,0.02065784142252447,0.020573818586334447
2008-08-14,0.001848990912526105,-0.020573818586334447
2008-08-15,-0.009989892005935808,-0.027852775319139766
2008-08-18,-0.005434559194258171,0.01727988017315063
2008-08-19,0.01163472908997587,0.014154648374000267
2008-08-20,0.009753608428074934,-0.0009867865745070148
2008-08-21,0.04947284570154764,0.02762910776499261
2008-08-22,-0.05332778690226281,-0.006745358632567644
2008-08-25,0.0009651293736583355,-0.0092278903542935
2008-08-26,0.005247965202344496,0.0029232961305867278
2008-08-27,0.013775430983836046,0.007150201247062782
2008-08-28,-0.017796407500073386,0.0033755894959766053
2008-08-29,-0.001051574161802904,-0.0019275233161311078
2008-09-02,-0.05136257906072039,-0.029739679318913304
2008-09-03,-0.002587790604887452,-0.0028612170735691222
2008-09-04,-0.016421291766040014,-0.0059977534328616855
2008-09-05,-0.021009439711585642,-0.00037611887391086896
2008-09-08,-0.006264116279481868,-0.00012535337922248146
2008-09-09,-0.030427375506648424,-0.013126560528334608
2008-09-10,-0.01374759631643041,-0.037803791099906725
2008-09-11,-0.013529546968952921,-0.022146097835143763
2008-09-12,-0.0006146661213763949,0.025307690983231268
2008-09-15,-0.03482787591704639,0.02954729440187087
2008-09-16,-0.05473945385323198,-0.008463727991975034
2008-09-17,0.06108597920158676,0.08643165666030406
2008-09-18,0.0036836973272809104,0.053022292610552135
2008-09-19,0.045387647373555495,-0.03662079982375133
2008-09-22,0.06255382277012966,0.04908896977821264
2008-09-23,-0.028310986507019464,-0.020566304591170592
2008-09-24,-0.006130558650466966,0.003944778291016249
2008-09-25,0.020768692145940015,-0.012792372007855768
2008-09-26,-0.010185516727057475,0.005907108053613719
2008-09-29,-0.09687599092168409,0.005984985041900259
2008-09-30,0.04361862165822483,-0.015887760208689095
2008-10-01,-0.02935607533952833,0.007407863279141225
2008-10-02,-0.05133198821714391,-0.048506353204809116
2008-10-03,-0.003428990282890787,-0.012111156416157343
2008-10-06,-0.07558359324943975,0.039967470181283105
2008-10-07,0.011643274385892077,0.018035078316721354
2008-10-08,-0.0035499155037870267,0.027731163674079795
2008-10-09,-0.02035750945878778,-0.022394845394240193
2008-10-10,-0.10945533238615379,-0.03186919249497855
2008-10-13,0.04448114126653557,-0.019477685379195364
2008-10-14,-0.03855994975232857,-0.0031041531637123754
2008-10-15,-0.051342668711324535,-0.000957037755558332
2008-10-16,,-0.04154537598583996
2008-10-17,-0.01709449838677024,-0.020673904942153598
2008-10-20,0.034318136537295985,0.003179248659467504
2008-10-21,-0.0325954437936522,-0.027677638112130865
2008-10-22,-0.07751203693281283,-0.04375779920174594
2008-10-23,0.021466656596636824,-0.02765280628251343
2008-10-24,-0.060501358469237765,0.021908791156648455
2008-10-27,-0.010367813498488587,0.017134001873510663
2008-10-28,-0.018406418169861105,-0.0032410891492435923
2008-10-29,0.08242577341152124,0.018095796004218734
2008-10-30,-0.027250519340061174,-0.02094032970135551
2008-10-31,0.024956741672085947,-0.028062397723488175
2008-11-03,-0.07698553912781936,0.011926415873979579
2008-11-04,0.09398659718868974,0.04131811567473154
2008-11-05,-0.07126392921208957,-0.019635990983918994
2008-11-06,-0.07446857208895441,-0.013718348361156707
2008-11-07,-0.0013940032211321451,0.002731495780071036
2008-11-10,0.029719671687032267,0.01677069801267006
2008-11-11,-0.058732841057061336,-0.018408716665887503
2008-11-12,-0.06182575970307713,-0.01972884251674234
2008-11-13,,-0.017995688029951218
2008-11-14,0.03508478668148296,0.051832230942693513
2008-11-17,-0.03623109094186994,-0.0006737182543474773
2008-11-18,-0.00902552864799544,-0.012614679083479352
2008-11-19,-0.0023174774816534516,0.00449445608885668
2008-11-20,-0.07297824919535367,0.01711048974902596
2008-11-21,0.02282399457870321,0.055977784738779235
2008-11-24,0.0919965921187198,0.034389847311672384
2008-11-25,-0.06868832614874343,-0.0012211504389476602
2008-11-26,0.06850284378619076,-0.012170565451709692
2008-11-28,-0.00800668072308719,0.009478758910475449
2008-12-01,-0.10891891096104267,-0.05231270236526875
2008-12-02,-0.05418309677037003,0.008612447816330082
2008-12-03,0.0,-0.016128341600647467
2008-12-04,-0.07207861206066646,-0.006524882968608203
2008-12-05,-0.06195585277028037,-0.017566307735926046
2008-12-08,0.08856184291950342,0.02226855855333376
2008-12-09,-0.044504094030001884,0.006494372535565063
2008-12-10,0.020732369976244946,0.043944963918793434
2008-12-11,0.11126282487454286,0.021814650381867473
2008-12-12,-0.02089627313490361,-0.00730019037369356
2008-12-15,-0.039781125151774344,0.019948675198090626
2008-12-16,,0.00751298943288603
2008-12-17,0.020637597722241274,0.030191841100655203
2008-12-18,-0.04883405132796348,-0.009148375454314461
2008-12-19,0.0146522627104968,-0.027360139622763846
2008-12-22,-0.059701733930698,0.011648755967735624
2008-12-23,-0.02664868937947018,-0.01069274755904459
2008-12-24,-0.09751776680423108,0.011755717464121851
2008-12-26,0.04695443261775001,0.027134181534173685
2008-12-29,0.055259885325027014,0.0048137069133504795
2008-12-30,-0.009913283349412882,-0.00607833502162336
2008-12-31,0.12706591917508359,0.01631616787309209
2009-01-02,0.02854247151527778,-0.0054471172958550085
2009-01-05,0.05616308765016598,-0.024886048779878323
2009-01-06,0.018173238408075942,0.009520578162079296
2009-01-07,-0.096973904407053,-0.02848132606004583
2009-01-08,-0.026291196365452407,0.015103589562761144
2009-01-09,-0.005612317128445454,0.00046828636384166344
2009-01-12,-0.034584881797443234,-0.04061229374111974
2009-01-13,0.04377270356431762,-0.00024385785477676336
2009-01-14,0.005561130777716805,-0.014616686524401956
2009-01-15,,-0.0018577006733595525
2009-01-16,0.03251782065176112,0.03961632946949489
2009-01-20,-0.06544081415457148,0.018065298097618587
2009-01-21,0.0315911093599337,-0.005867872890375381
2009-01-22,0.008184957374952617,0.010071565029693197
2009-01-23,0.06358796173116232,0.04232165722412162
2009-01-26,-0.02958360872876442,0.014636043830686063
2009-01-27,-0.07126180106706936,-0.010289395121364286
2009-01-28,0.026403473775273856,-0.012421170940621451
2009-01-29,0.011074309924821613,0.018961086085000467
2009-01-30,0.010517176884828672,0.024231716782881385
2009-02-02,-0.04593898833878107,-0.022465476526969397
2009-02-03,0.005915879180994121,-0.01634551553514285
2009-02-04,0.0015867552272008645,0.010704803066960089
2009-02-05,0.0509987460253396,0.013221876531853027
2009-02-06,-0.00539550256669763,0.00032837081348358055
2009-02-09,-0.004120110515574815,-0.023806693076172003
2009-02-10,-0.0311180317321611,0.0235878134484393
2009-02-11,-0.007424982549503412,0.03241196299379645
2009-02-12,,0.004967523016699005
2009-02-13,0.04374454024734886,-0.00740744127786197
2009-02-17,-0.08595068978994647,0.02672414735608708
2009-02-18,-0.04087109104314557,0.011004391543788294
2009-02-19,0.06023476664656835,-0.0016378718280085636
2009-02-20,-0.0032399795205884097,0.025988633569344444
2009-02-23,-0.01824609167096858,-0.007213027004394412
2009-02-24,0.03434211097844031,-0.02597284118603138
2009-02-25,0.03540585024324683,-0.003514540934516752
2009-02-26,0.04709033966267606,-0.0250603147654056
2009-02-27,-0.00864892727076505,-0.00031857675086310877
2009-03-02,-0.08947977190094791,-0.002658868888944177
2009-03-03,0.031922489583413594,-0.028189106893814042
2009-03-04,0.053098222396436245,-0.007587066271469212
2009-03-05,-0.04817326492378182,0.02291425952287529
2009-03-06,0.0255745834572072,0.016157834574253904
2009-03-09,-0.012926024453386642,-0.02624084701337459
2009-03-10,-0.0044198292556600904,-0.02437669566214229
2009-03-11,-0.059310476569800485,0.01639023272432638
2009-03-12,0.08229997751257301,0.014503266625009559
2009-03-13,-0.006950499059735993,0.006582139313892732
2009-03-16,0.012562392094753516,-0.008858232677147804
2009-03-17,0.037596879576465625,-0.005658286230059595
2009-03-18,-0.012096118744013395,-0.03069324274035523
2009-03-19,0.06124151488195384,0.07540113413124327
2009-03-20,0.01079612125296947,-0.002612195238976156
2009-03-23,0.042990667186395104,-0.003878627723209682
2009-03-24,0.0005608821116385165,-0.03071585009182254
2009-03-25,-0.03325722175648238,0.013020075834423217
2009-03-26,0.03250926143982946,0.00447995540937729
2009-03-27,-0.028074673178498433,-0.0178249922984417
2009-03-30,-0.07986632956131112,-0.008158870388286665
2009-03-31,0.025510493626140995,0.007725380546914629
2009-04-01,-0.01617729413709945,0.003786449152511473
2009-04-02,0.08523788202163596,-0.02039879967861502
2009-04-03,0.013556999434146455,-0.013089536670784163
2009-04-06,-0.02327225469223171,-0.02727799250451657
2009-04-07,-0.019718412494163395,0.012202936547797805
2009-04-08,0.0071977536103342565,0.002942815463823578
2009-04-09,0.046766708037129234,-0.002942815463823578
2009-04-13,-0.036162169452048865,0.014069678689391019
2009-04-14,-0.0034582226167918506,-0.004256265066847398
2009-04-15,,0.0021303628238795724
2009-04-16,,-0.015236455452009245
2009-04-17,,-0.013625862954765644
2009-04-20,,0.02234472276205768
2009-04-21,,-0.005539581722063147
2009-04-22,,0.010936477917778298
2009-04-23,,0.015687073120011163
2009-04-24,,0.008463860553517222
2009-04-27,,-0.006809418043446591
2009-04-28,,-0.016220816181079734
2009-04-29,,0.0078099248863923165
2009-04-30,,-0.010164818697878886
2009-05-01,0.016983509261815133,-0.0034865205900747043
2009-05-04,0.03220986538391557,0.01564977209423457
2009-05-05,-0.008463765261747636,0.0023265247687760393
2009-05-06,0.03682292479296567,0.007496438751917189
2009-05-07,0.005682836942089153,0.004930166107858014
2009-05-08,0.02914433933117877,-0.000655926095377346
2009-05-11,-0.01141683138582028,-0.0015322585851755832
2009-05-12,0.007970915392307099,0.011434919044326364
2009-05-13,-0.010409505522922302,0.002163332374257365
2009-05-14,,0.0026976007726489115
2009-05-15,-0.024003987206295818,0.0031201535625431376
2009-05-18,0.04351934715497041,-0.010366183483647262
2009-05-19,0.007666737452459493,0.005412440216615799
2009-05-20,0.027949304957799903,0.011485139156709678
2009-05-21,-0.010952645912967185,0.014620440408921631
2009-05-22,0.014083547842388633,0.008065839838355515
2009-05-26,0.007539830792810065,-0.005649758157545648
2009-05-27,0.020365958544859453,0.00010495370280239058
2009-05-28,0.02979177532875532,0.00866980699787856
2009-05-29,0.017397056238451114,0.01783275406825613
2009-06-01,0.036711061008423584,-0.0002043651900160981
2009-06-02,0.002938109196582772,0.004689616760363613
2009-06-03,-0.034169694895810565,-0.019202738321654422
2009-06-04,0.042059872099712514,0.017166492479470996
2009-06-05,-0.005399542617943176,-0.02007376041363873
2009-06-08,-0.0067537931968191245,-0.010452692506764727
2009-06-09,0.025310521930632213,0.0024137995434356796
2009-06-10,0.016807121969256045,0.0
2009-06-11,0.013886159537648268,0.007622850925021574
2009-06-12,-0.012192747953831962,-0.022300295758447497
2009-06-15,-0.021089349876818986,-0.01414051539359562
2009-06-16,0.011454813402962394,0.0050578005823265215
2009-06-17,0.008647025686379983,0.0040707595883242575
2009-06-18,0.0029596116359744684,-0.001497833163073281
2009-06-19,-0.02666817743965577,0.0017115703866288356
2009-06-22,-0.03246226131175067,-0.016162403752059795
2009-06-23,0.02680967181173699,0.0035782622382924956
2009-06-24,-0.00685485370632577,0.010979605640643264
2009-06-25,0.020998482675116392,0.005338471070921891
2009-06-26,-0.01240103317313146,0.001702348141176202
2009-06-29,0.029592606867401727,-0.0003189493271724686
2009-06-30,-0.02409404172653673,-0.014243934348133536
2009-07-01,-0.007386551385825335,0.014881731306239487
2009-07-02,-0.03160332932831622,-0.01100613527774641
2009-07-06,-0.039790993529390306,-0.007224932665948813
2009-07-07,-0.01288521115837149,0.005181345599199361
2009-07-08,-0.04529318940732452,-0.021548323063404595
2009-07-09,0.011026165780543273,0.007562120887279811
2009-07-10,-0.00953794472008429,-0.004047937405190716
2009-07-13,0.0028050207358045753,0.010902855349896434
2009-07-14,0.002797237277803788,0.0003252429052178485
2009-07-15,0.035986126303687804,0.017834567898587395
2009-07-16,,-0.004268494480373697
2009-07-17,0.03565407848525659,0.002243270325745783
2009-07-20,0.016082962204573725,0.011985069716427432
2009-07-21,0.006451155648219853,-0.002005197694241012
2009-07-22,0.00507155522063929,0.006738311973373712
2009-07-23,0.029901112707465316,0.0015727395116007514
2009-07-24,0.015333103969658701,-0.0017826379364578315
2009-07-27,0.006943950148306399,0.0005246314651614625
2009-07-28,-0.013220753223822435,-0.01511415748624323
2009-07-29,-0.04912649055595519,-0.012646174017243439
2009-07-30,0.05241249051886854,0.008270292620339958
2009-07-31,0.022425259118199925,0.01990957157316231
2009-08-03,0.025474783497030806,0.0030361363399702412
2009-08-04,0.009876231510964395,0.011330119179445042
2009-08-05,0.016423406055331213,-0.00341667027214676
2009-08-06,-0.009046227544236451,-0.00363655650970518
2009-08-07,-0.016709801386969758,-0.003545388921298631
2009-08-10,-0.001223690956033252,-0.012931881707043402
2009-08-11,-0.014250733386793613,0.0008461898094651588
2009-08-12,0.005916774188526652,0.005167450901821802
2009-08-13,0.008061859011397665,0.004198599585206075
2009-08-14,-0.01466884405655744,-0.008098074604157901
2009-08-17,-0.026164524188618365,-0.013501520452598115
2009-08-18,0.025611949043232052,0.003632508710155413
2009-08-19,0.030214514040573626,0.005954271271399136
2009-08-20,-0.01703657379478063,-0.0031853924140641254
2009-08-21,0.011659576033147268,0.0136257977299854
2009-08-24,0.0009430744069218733,-0.011501075772751612
2009-08-25,-0.03340949296707851,0.002332004683360367
2009-08-26,-0.0023698089782939746,-0.00021178759961060223
2009-08-27,0.011931337274218023,0.0012699887565581491
2009-08-28,0.003854082863133712,0.012089503354442144
2009-08-31,-0.04409587357419564,-0.005553519548103125
2009-09-01,-0.0279534593433457,0.003147295885384871
2009-09-02,-0.001034045312541032,0.022679958838283554
2009-09-03,-0.008013114398315757,0.0194692953210458
2009-09-04,-0.004479670717942419,-0.0009041678150394361
2009-09-08,0.03817255169568945,0.003010841221180449
2009-09-09,0.0058887590223806185,-0.002608908368364027
2009-09-10,0.00042950503591931977,0.00010050396399741146
2009-09-11,-0.031554753527493595,0.00949864639858955
2009-09-14,-0.0037001446932141135,-0.004988038951621476
2009-09-15,,0.005087522094868291
2009-09-16,0.060833874562655765,0.013736096448258905
2009-09-17,-0.0016756758028559915,-0.006498680395438328
2009-09-18,-0.003219759938585476,-0.003067007683343448
2009-09-21,-0.037573124947802405,-0.005464765880867084
2009-09-22,0.02643447014434308,0.010406952415250359
2009-09-23,-0.03667752979392169,-0.001183911148353367
2009-09-24,-0.04774641111324218,-0.015419355484664443
2009-09-25,0.004463963617579836,-0.007345193508852432
2009-09-28,0.006582500616723053,0.002320057306179457
2009-09-29,-0.0007632306288778423,0.0006043267642770189
2009-09-30,0.05322305207175049,0.014892109305691292
2009-10-01,0.0017359001137284835,-0.008468294690858968
2009-10-02,-0.016319795819659255,0.003695028106294629
2009-10-05,-0.0004408019932125029,0.013367197240888196
2009-10-06,0.007613457696364456,0.021311528615876263
2009-10-07,-0.020036036563707782,0.004515184372023029
2009-10-08,0.03753086772081993,0.011531051828550964
2009-10-09,0.003291172212499305,-0.007227090529354108
2009-10-12,0.0192422547755271,0.008458023664125847
2009-10-13,0.014468823642459938,0.00707249904093743
2009-10-14,0.00962202541452939,-0.00028187280977309825
2009-10-15,,-0.013341708139990693
2009-10-16,0.051847169661225934,0.0008568458926996314
2009-10-19,0.010080193998858178,0.006261972697648943
2009-10-20,-0.0068382796386954325,0.00047279087156937294
2009-10-21,0.03122670814268602,0.005562024561628576
2009-10-22,-0.0022613112651148626,-0.005562024561628576
2009-10-23,-0.007448168827823842,-0.002082023290920887
2009-10-26,-0.021258273064987065,-0.012871417930402806
2009-10-27,0.008506250947093008,-0.007126402150334776
2009-10-28,-0.026793091528602098,-0.004649748583262614
2009-10-29,0.028331983179908704,0.01589399119738477
2009-10-30,-0.037070337112516505,-0.006423562014159501
2009-11-02,0.017792971595986806,0.01309088820547366
2009-11-03,0.0201739354663113,0.028911611284338612
2009-11-04,0.009936371934050392,0.0022108736262573814
2009-11-05,-0.011473883418931408,0.001838742900872603
2009-11-06,-0.027559200400181894,0.005861381950603928
2009-11-09,0.024734323990816875,0.005191571548221141
2009-11-10,-0.0034777731826585168,0.0009987521140404354
2009-11-11,0.005789619994287065,0.010921156837166102
2009-11-12,-0.025071136951044792,-0.007207238404949301
2009-11-13,-0.006201690289913131,0.009090540704948857
2009-11-16,0.041610551781586125,0.019958972287575705
2009-11-17,0.002662768073081523,0.00017570320589843647
2009-11-18,0.006311558345342583,0.0016669469477434973
2009-11-19,-0.02329685687313443,0.0006135342637367813
2009-11-20,-0.00568333293931822,0.004371018318064301
2009-11-23,0.003362244767061817,0.015493471170473505
2009-11-24,-0.012993945972922027,0.001030089495090536
2009-11-25,0.025566316158323055,0.018194707156251155
2009-11-27,-0.01619367238909941,-0.010757863586142058
2009-11-30,0.016576041632133887,0.005859163901265951
2009-12-01,0.011152026047004604,0.015125068077877835
2009-12-02,-0.01869928250553876,0.010700632604194737
2009-12-03,0.006144455628259493,0.004445569484829548
2009-12-04,-0.01077767658699802,-0.04073983390131275
2009-12-07,-0.014160631030740944,-0.004630849751017685
2009-12-08,-0.016357017387909956,-0.017865339378396072
2009-12-09,-0.03795011598614639,-0.019795647906921232
2009-12-10,-0.007348369694622825,0.004719234808527872
2009-12-11,0.00027823352570788273,-0.005612171717756631
2009-12-14,0.00013914080100363435,0.003477975848773518
2009-12-15,0.0022232002959370334,-0.0008015535760756975
2009-12-16,0.02060512373809331,0.011603811005702624
2009-12-17,-0.0024503183791582117,-0.025600069516358737
2009-12-18,0.005165825059353146,0.0036075073610097874
2009-12-21,-0.010358579023828973,-0.013960904752837955
2009-12-22,0.006418611732484258,-0.008618394143545594
2009-12-23,0.02672911683785273,0.00669946860778925
2009-12-24,0.01133381454183624,0.009829811231236718
2009-12-28,0.013148691084936992,0.0028037604299511187
2009-12-29,0.004130100046295659,-0.009255080487627687
2009-12-30,0.0050106020451403666,-0.005026284285231775
2009-12-31,-0.001282360713152464,0.003384053400488085
2010-01-04,0.027714553306976697,0.020336008314825627
2010-01-05,0.005848981816710008,0.00035783561269830955
2010-01-06,0.01600234893360586,0.015794515412509647
2010-01-07,-0.004651137514220416,-0.0024680918902548754
2010-01-08,-0.0017190498517667407,0.00449080642933275
2010-01-11,-0.004927957688783735,0.010922386126404504
2010-01-12,-0.020840563649509036,-0.019126681502084075
2010-01-13,-0.012562889537836242,0.006621663569801761
2010-01-14,-0.0062768139518230015,0.005440953459530107
2010-01-15,-0.009165481874642722,-0.011000243160598444
2010-01-19,0.0067209332769628816,0.008458924256074418
2010-01-20,-0.01701889189577077,-0.024335039522402013
2010-01-21,-0.023062623839171792,-0.008668314012208356
2010-01-22,-0.023744415930912588,-0.01231823651385966
2010-01-25,0.011739154538362051,0.0054935134202303
2010-01-26,-0.005442951480070235,0.0024623360872553235
2010-01-27,-0.014430306892171174,-0.012372425339341575
2010-01-28,-0.0015238711000726823,-0.0007380524579723158
2010-01-29,-0.009332168653842565,-0.0005538406794372008
2010-02-01,0.02282732487010719,0.019476726268452538
2010-02-02,0.03955730574806271,0.011792885604595682
2010-02-03,-0.0018423402182285997,-0.005384076061273113
2010-02-04,-0.051210121746098736,-0.04508998111049234
2010-02-05,-0.03584918220467781,-0.009647358811312401
2010-02-08,0.007444619691820975,0.01274865051805918
2010-02-09,0.028404562512856835,0.010268948062854832
2010-02-10,0.005668138038395831,-0.0008361462449988366
2010-02-11,0.007006033497239272,0.01695884177835083
2010-02-12,-0.0020555200272598384,-0.004304582620552111
2010-02-16,0.03742526883033648,0.026984658134351136
2010-02-17,0.0077657033862594815,0.00017862351978337188
2010-02-18,0.019604680870963342,-0.0013407823237647776
2010-02-19,0.005257480327149011,0.0029473952977854267
2010-02-22,0.005357132209519833,-0.007789173314889375
2010-02-23,-0.017452009792108925,-0.008937923213824917
2010-02-24,0.010815045000717838,-0.005638384626172943
2010-02-25,-0.02332008067581448,0.010252821817720914
2010-02-26,0.01689662560488525,0.00943360802129245
2010-03-01,-0.009062684601538251,-0.000447207179014697
2010-03-02,0.016638043162204852,0.016942770091358028
2010-03-03,0.01359354848908012,0.005088558812882837
2010-03-04,-0.00899935195069812,-0.008877987298245849
2010-03-05,0.017042620047359236,0.0019406138387152438
2010-03-08,0.00723377847365736,-0.009918672460991651
2010-03-09,-0.006983412113414467,-0.0014249874190186418
2010-03-10,0.007107700848535181,-0.012736696406977721
2010-03-11,-0.0024882393402618774,0.00018047763156570085
2010-03-12,-0.011148100673561423,-0.0058837010648318255
2010-03-15,-0.019074840953219763,0.0032629192601643098
2010-03-16,0.014403375405382057,0.015355194303237063
2010-03-17,0.03653036969911394,0.0016027506478373255
2010-03-18,-0.005873679642198759,0.003020366849029621
2010-03-19,-0.019832158394320842,-0.017899170867508474
2010-03-22,0.008228492626907169,-0.007341289432869935
2010-03-23,0.001984570669150365,0.0038132886945039246
2010-03-24,-0.01347318539151754,-0.01359450212371982
2010-03-25,-0.00012563130104581433,0.0037592083178719093
2010-03-26,-0.00402769193638175,0.010469393738636867
2010-03-29,0.023433669383940092,0.005509246408054835
2010-03-30,0.0013542705968632163,-0.005237549177463663
2010-03-31,0.01731959631642077,0.007935877733399543
2010-04-01,0.01571629967694399,0.010543277283995067
2010-04-05,0.022015076223910413,0.006908839551936552
2010-04-06,0.003139039656869791,0.0019399928234982156
2010-04-07,-0.006521569578956665,0.01503925614145718
2010-04-08,-0.009154979520031858,-8.687147434383036e-05
2010-04-09,0.0002358438177978428,0.0076946946861795595
2010-04-12,-0.000707608384810321,0.0004305334466216948
2010-04-13,-0.0005899513179947746,-0.007604536011492691
2010-04-14,0.016738264983995776,0.005363756298328859
2010-04-15,0.011770233332100588,0.0006037445188047386
2010-04-16,-0.013629228437896934,-0.02038389596343748
2010-04-19,-0.02067979339838555,-0.0009686090620819598
2010-04-20,0.006744386603925179,0.002990612241767998
2010-04-21,0.010557211208390704,0.008396040132929272
2010-04-22,-0.00035010539135260643,-0.005151639722385859
2010-04-23,0.0182748764799312,0.009410130119176685
2010-04-26,-0.004825355922171148,0.0003468520092830829
2010-04-27,-0.012166340302257161,0.007083608874006941
2010-04-28,0.004420210493615073,0.008229877275134356
2010-04-29,0.008551974478644198,-0.002478972354069242
2010-04-30,0.006194821958847463,0.00996384753469215
2010-05-03,0.017009140743372342,0.0022007590281978295
2010-05-04,,-0.011993488743152092
2010-05-05,-0.0738312665698233,0.005121213074799513
2010-05-06,-0.03423134936813188,0.018807257973652902
2010-05-07,-0.019735051667034043,0.010885458313715901
2010-05-10,0.023361200150873174,-0.007965504686302083
2010-05-11,0.004607381486850137,0.016114053263374117
2010-05-12,0.008782283019086456,0.018517484352124747
2010-05-13,-0.013514511738463852,-0.011248269390146781
2010-05-14,-0.03726033778239213,-0.0011399922839627763
2010-05-17,-0.027319821611424544,0.0002443295688872027
2010-05-18,-0.008961447980135873,-0.010974641144064101
2010-05-19,-0.009991952562316442,-0.018032042052983144
2010-05-20,-0.025425764891641833,-0.0040328795279185314
2010-05-21,-0.002229600093882844,-0.010239224347209586
2010-05-24,-0.007140417340870897,0.01527786429339173
2010-05-25,-0.02302539333521114,0.003345043959224192
2010-05-26,0.031002480078671013,0.012857378706691236
2010-05-27,0.03989608021018487,-0.001154564182172635
2010-05-28,-0.008609240930625539,0.0002474541168790978
2010-06-01,-0.01785636753582409,0.010340754973077182
2010-06-02,0.014202081149455204,-0.003435084100971153
2010-06-03,0.022258945557274146,-0.010128067664846085
2010-06-04,-0.045024653159848604,0.006516750094045065
2010-06-07,0.0,0.018815539932685255
2010-06-08,0.0,0.0037852508285354247
2010-06-09,0.0,-0.01253808133789125
2010-06-10,0.043432048404688395,-0.006287491434215475
2010-06-11,-0.01256368363879723,0.0066130586301316185
2010-06-14,0.011367537990661702,-0.0045673151891936214
2010-06-15,0.013210232269377009,0.008060212449386484
2010-06-16,0.025140659172639523,-0.0031674360237801125
2010-06-17,0.006886915583629971,0.014696607232111525
2010-06-18,-0.005863612466163737,0.007745438458949039
2010-06-21,0.0076413829616610585,-0.014017611627571647
2010-06-22,-0.00994524040862732,0.0001613754190925576
2010-06-23,-0.02294189532409252,-0.004688811199894616
2010-06-24,0.002618890856965095,0.009195116025986216
2010-06-25,0.021347618147681047,0.008235802859860364
2010-06-28,-0.006807635459334271,-0.01411418591172886
2010-06-29,-0.028100835020216763,0.0030643108430572497
2010-06-30,-0.005716204226606791,0.002814072208811247
2010-07-01,-0.03624429056044409,-0.031979191653301875
2010-07-02,-0.009584000329908804,0.0009114435337522764
2010-07-06,-0.002795313906387875,-0.010490459373536432
2010-07-07,0.028423618782323246,0.0031753404461198897
2010-07-08,0.01619245928689228,-0.0023387303754462963
2010-07-09,0.009458527818810403,0.01147424796186236
2010-07-12,-0.01401979590557989,-0.009218931367246164
2010-07-13,0.03019695357839325,0.01227318542745337
2010-07-14,0.0015642698877336159,-0.005371691556161018
2010-07-15,,0.001076588571142345
2010-07-16,-0.01840454081595766,-0.016777636394283313
2010-07-19,0.0033114804869329717,-0.0053171825978592935
2010-07-20,0.007903076677608922,0.008258979214065931
2010-07-21,-0.011214557164541894,8.39038118582991e-05
2010-07-22,0.03198910933815302,0.0032675865477242994
2010-07-23,-0.004765936174912611,-0.006545885229683357
2010-07-26,0.0006454088993663731,-0.003965037690309536
2010-07-27,-0.017835567118706486,-0.021359205845446816
2010-07-28,-0.000919898838906974,0.002070415153659688
2010-07-29,0.01991603530595576,0.006870518122280345
2010-07-30,0.007575358560666601,0.011318725915851147
2010-08-02,0.03321059160602413,0.0014376335483019531
2010-08-03,0.02275328263027987,0.0015198236281603883
2010-08-04,-0.0058224735684877515,0.0071461906949439324
2010-08-05,-0.0072034539760927885,0.002927769997135954
2010-08-06,-0.017927127938483167,0.005165447880548513
2010-08-09,0.010300980862875342,-0.00224622470353264
2010-08-10,-0.017311590203421545,-0.0037548545791992183
2010-08-11,-0.02493132324149805,0.0010862254939798532
2010-08-12,-0.02768527305318358,0.014343444080896717
2010-08-13,-0.005443763562300141,8.229459026232178e-05
2010-08-16,-0.0034676233442088034,0.007870808435993304
2010-08-17,0.027409830957958015,0.0017134968958103514
2010-08-18,-0.0059973984184749085,0.002524103183020543
2010-08-19,-0.01541834768545769,0.003328679879881058
2010-08-20,-0.013907697817999498,-0.005363765526181119
2010-08-23,-0.00865571225741224,-0.0002444291286334277
2010-08-24,-0.01698678506953044,0.003985871196475976
2010-08-25,0.015083325843024298,0.006231518582649365
2010-08-26,0.020741393874637026,-0.0033132484513753724
2010-08-27,0.02149492531836028,0.0004855349937660236
2010-08-30,-0.0006525683984630604,0.0008895521162353148
2010-08-31,-0.02592050846463856,0.009012753638830695
2010-09-01,0.02265146331750767,-0.0016034637619029013
2010-09-02,0.007567909758447122,0.004163630861030221
2010-09-03,-0.0033854477492525348,-0.0018395245504221336
2010-09-07,0.013859424256390085,0.006463296113427219
2010-09-08,0.005516020863321813,-0.0013530769111760321
2010-09-09,-0.008995138407312808,-0.005350343106166555
2010-09-10,0.008867274187617014,-0.0035293406098446667
2010-09-13,0.011069457182276032,0.00048198554260547866
2010-09-14,0.0016436552256715586,0.019564785269065688
2010-09-15,-0.0031631580548552307,-0.0023655586772370896
2010-09-16,-0.005464150910137633,0.004096809710311788
2010-09-17,-0.0034463531239836698,0.0029047723442321427
2010-09-20,0.014092794896688687,0.0026618855822180265
2010-09-21,-0.011411326289342938,-0.005173622516442933
2010-09-22,-0.0060114171612637435,0.013892307190348063
2010-09-23,0.0020505410826174852,0.0031728389211513885
2010-09-24,0.009682864797859736,0.0013125517383203444
2010-09-27,-0.0038110189304614295,0.0005399399869343569
2010-09-28,0.0017802572191021326,0.007605786822311167
2010-09-29,0.025835367369858808,0.0014531182487349525
2010-09-30,0.01888700943087329,-0.0005350695069461509
2010-10-01,0.017343593381736966,0.006326425826713944
2010-10-04,-0.005627761056280711,-0.0005319788625364197
2010-10-05,0.018558676882694414,0.017707579110320282
2010-10-06,0.0025897745917315973,0.005585982471688844
2010-10-07,-0.019348900551471537,-0.009327381559674386
2010-10-08,0.0071659028412858206,0.007692003761054167
2010-10-11,-0.0036959512545537976,0.006747085952422793
2010-10-12,-0.0026312803017711772,-0.005631802700302835
2010-10-13,0.013560329042030972,0.017531422240192107
2010-10-14,-0.001300474399068996,0.005243585898250913
2010-10-15,-0.024914474507601092,-0.004075976044960683
2010-10-18,0.02301990873937676,7.291367731543374e-05
2010-10-19,-0.039528978424963945,-0.02668005612400659
2010-10-20,0.03036055953193184,0.006123132308617052
2010-10-21,-0.021399554922900244,-0.013943327587893961
2010-10-22,0.013714605969887828,-0.00022643672330868725
2010-10-25,0.006967017142675225,0.010440643180368525
2010-10-26,0.0014354397595921498,-0.00022422659934129285
2010-10-27,-0.005153109696551361,-0.011878982718150688
2010-10-28,0.004315951809467755,0.014938554242795554
2010-10-29,-0.005277627910831306,0.011114518884629554
2010-11-01,0.017524453759900638,-0.005097358653301853
2010-11-02,0.00929255508512039,0.004581455806499157
2010-11-03,0.011292902901173463,-0.014331077888990684
2010-11-04,0.018580678742156742,0.03353500271930976
2010-11-05,0.0012492263275856175,0.010503763950063139
2010-11-08,0.003964421284768704,0.003928436042611949
2010-11-09,-0.001470640603817408,0.004977610900923857
2010-11-10,0.007106998724078828,-0.007618729685156644
2010-11-11,-0.0016875914306284656,0.0028549017104566587
2010-11-12,-0.02820628106784362,-0.027236613135163346
2010-11-15,0.004160900875093354,0.0021947480800701413
2010-11-16,-0.02298407875788655,-0.02224200365725526
2010-11-17,-0.0172613601806626,-0.0011214534802057585
2010-11-18,0.021030945074901553,0.011971719847731599
2010-11-19,-0.008383149826173053,-0.000517595108599167
2010-11-22,-0.004515720849518345,0.004059196095939299
2010-11-23,-0.008492355187551759,0.01447820638468933
2010-11-24,0.030636926799850528,-0.003344953340669754
2010-11-26,-0.0030334232759079427,-0.00775082507196867
2010-11-29,0.02035687374356865,0.0027122775163039847
2010-11-30,-0.016391896678667806,0.01381337849070352
2010-12-01,0.03375804920660208,0.0016593076617548164
2010-12-02,0.02027246572382424,0.000864580463660225
2010-12-03,0.008017128494737236,0.0120979493828548
2010-12-06,0.00032808859153465875,0.007019580110277701
2010-12-07,-0.0006562848605220495,-0.004958219364303851
2010-12-08,-0.006807259049891101,-0.01848988347919267
2010-12-09,0.0024207893352778953,0.006919926460453141
2010-12-10,-0.005620717981707379,-0.005618748890463543
2010-12-13,0.007816399809062347,0.009347206064547642
2010-12-14,0.0002192614361762324,0.004498509284143637
2010-12-15,0.010795567308731435,-0.012979262012137838
2010-12-16,-0.005328682875220814,-0.010958399477841496
2010-12-17,-0.0004362625887326388,0.005965787917044274
2010-12-20,0.011604703929427806,0.004992611560797222
2010-12-21,0.004947833018666081,0.0019468234287538522
2010-12-22,0.004816756236156294,-0.0010089387117142579
2010-12-23,0.006386381144601216,-0.004915470868822602
2010-12-27,-0.004253079554301209,0.0017376375591764415
2010-12-28,0.0056314104231081075,0.016358469933077657
2010-12-29,-0.0025461277073759447,0.005606248668242664
2010-12-30,-0.011216301700603282,-0.0053216148079986425
2010-12-31,0.017675116173587746,0.01096696191437374
2011-01-03,0.0009493786211152155,0.0010549637197136974
2011-01-04,-0.013908995188652185,-0.03149021467398416
2011-01-05,0.020844020091685955,-0.0037065165009089185
2011-01-06,-0.01031483068356831,-0.001457301310387571
2011-01-07,-0.012669797606317701,-0.0021168841718210984
2011-01-10,0.0250766473733135,0.003792544305454726
2011-01-11,0.019761686869722794,0.007470063391425974
2011-01-12,0.00521129394252462,0.0012275346898995565
2011-01-13,-0.0006117360563377972,0.0008656663981083668
2011-01-14,,-0.019292266186344165
2011-01-18,-0.00265490308118288,0.00564410600155707
2011-01-19,0.0036742294653695495,0.0015337808521973528
2011-01-20,-0.016227138305869637,-0.017448045681379476
2011-01-21,0.010505778380703212,-0.004093028969974988
2011-01-24,-0.010195215937938151,0.002606592427240706
2011-01-25,-0.014177247840293283,-0.009115388093256627
2011-01-26,0.02754371276198153,0.000525232563046707
2011-01-27,-0.00532519706277057,-0.011013142505554185
2011-01-28,0.02062975254313759,0.01677293051448636
2011-01-31,0.01586626074063613,-0.005159781381155248
2011-02-01,0.007200975407865684,0.00433899588867348
2011-02-02,0.0058800491955306455,-0.006064917441172213
2011-02-03,-0.005683447008548725,0.015500756332791354
2011-02-04,-0.01914836289458144,-0.002962306732165132
2011-02-07,-0.005826838122761302,-0.0005193614389140677
2011-02-08,0.006727927924814914,0.011656383419734517
2011-02-09,0.018836697984866646,0.0010263356787421074
2011-02-10,-0.009373959181309566,-0.0021271320127924653
2011-02-11,0.005536322100965663,-0.0014696159336340386
2011-02-14,0.016136495150959718,0.0034501419225705376
2011-02-15,-0.01406825110066734,0.006573685319167133
2011-02-16,0.02083610973025163,0.000800477148772849
2011-02-17,-0.011532835774113792,0.007247984439805677
2011-02-18,-0.0006825576513804776,0.0025244343337211816
2011-02-22,0.031303585346128315,0.008821406968376522
2011-02-23,0.05041846694853369,0.009168850829876618
2011-02-24,0.000988281020647186,0.0013433907099464903
2011-02-25,0.006979883185765701,-0.00467429863555946
2011-02-28,-0.0030364972351826225,0.0004259032401146001
2011-03-01,0.031866045400964715,0.015070638998910368
2011-03-02,0.008025243215197264,0.004532941421429015
2011-03-03,-0.01349849658066482,-0.014860747011216091
2011-03-04,0.010227167441559715,0.008578880672767575
2011-03-07,-0.00805164556356086,0.004122581784772983
2011-03-08,-0.017361272277830686,-0.005033181664813924
2011-03-09,0.02515420731583884,0.0016805720309420735
2011-03-10,-0.004408548698446424,-0.012036110571015612
2011-03-11,-0.013870366657957156,0.0065639145847367075
2011-03-14,-0.001494424022574492,0.002178403315712174
2011-03-15,-0.046365040733153506,-0.022718569429602375
2011-03-16,0.019166472538561408,0.0024385183451531844
2011-03-17,0.03796126873925676,0.005714301263438415
2011-03-18,-0.008477970746120889,0.008440082947956284
2011-03-21,0.009000006418242279,0.007248141823970045
2011-03-22,0.006416374016266602,0.0009111321724830646
2011-03-23,-0.0012972446920569425,0.0072590702825001685
2011-03-24,0.0014701275255983859,-0.0021582321232278545
2011-03-25,-0.0011240750324121862,-0.006082072066177169
2011-03-28,-0.0068579051555657244,-0.004427377627128415
2011-03-29,,-0.0026800557424673244
2011-03-30,0.002870390360496522,0.005493392710337552
2011-03-31,0.019184238206185533,0.010549561772540628
2011-04-01,0.011353136870379643,-0.007534077373141379
2011-04-04,0.019686994390846202,0.0028668171163461764
2011-04-05,0.00953643915789204,0.013592510003809899
2011-04-06,0.0006543581916531593,0.004055618099718217
2011-04-07,0.0030207404718147757,0.0005486927245001993
2011-04-08,0.031929580377692446,0.01016416151081767
2011-04-11,-0.021307099145497332,-0.004080527901066944
2011-04-12,-0.024991134581623164,-0.00993056803655712
2011-04-13,0.01607909227905857,0.0013756106209505958
2011-04-14,-0.004240722776755135,0.011480975490103518
2011-04-15,0.008868666799725311,0.009198642917713329
2011-04-18,-0.015016983058756317,0.004701781747730394
2011-04-19,-0.0023050868565279714,0.0014731160665251153
2011-04-20,,0.002539461914122576
2011-04-21,0.021686778807390006,0.0032649719783526265
2011-04-25,-0.002665006217933197,0.0035859156198050357
2011-04-26,0.003874062324104699,-0.0037189414832985435
2011-04-27,0.007943218858267542,0.009073779110715385
2011-04-28,-0.0008794772746414381,0.009253616584985913
2011-04-29,0.006934807277381161,0.01632791928966082
2011-05-02,-0.006135206181291153,0.00044973893703392775
2011-05-03,-0.021570540272888294,-0.010720831163208544
2011-05-04,-0.010343176350021466,-0.016497887231928132
2011-05-05,-0.08963278026955024,-0.022699418750813827
2011-05-06,-0.015186994899108797,0.006931104657723175
2011-05-09,0.0601879565541692,0.007815458997540325
2011-05-10,0.014816318111832594,0.009074379984260084
2011-05-11,-0.04396883396729123,-0.010272814766928207
2011-05-12,0.0036355939540255733,0.0036572837848378725
2011-05-13,0.007495281813245214,-0.008800024237279658
2011-05-16,-0.009710514588027408,-0.0020108592813157244
2011-05-17,-0.024606175687986287,-0.00713758018037236
2011-05-18,0.020784455772461463,0.010620471291147737
2011-05-19,-0.007867060760580635,-0.002275939463858734
2011-05-20,0.008668131940654966,0.011063156926242712
2011-05-23,-0.020585930229911398,0.0042988061241029385
2011-05-24,0.021830812044496994,0.005199881615300939
2011-05-25,0.02110340812188216,0.0022296713911060806
2011-05-26,0.0010435929708796365,-0.002492246798885489
2011-05-27,-0.00017388971098863948,0.00882618234650856
2011-05-31,0.014670651126799328,-0.0002604156023613413
2011-06-01,-0.019026817671421448,0.004223116367711555
2011-06-02,0.008780011525764131,-0.006765589384364112
2011-06-03,0.0025930987468729683,0.006311600694144381
2011-06-06,-0.011809732452378263,0.0031086411304430683
2011-06-07,0.01989164783086217,-0.002071300579561175
2011-06-08,0.009120804032128227,-0.0033751399606689603
2011-06-09,0.014489354944706712,0.0025972354470180647
2011-06-10,-0.0066289390685057015,-0.00879284019464599
2011-06-13,0.0026904312388031926,-0.008936828893796545
2011-06-14,0.008860754943257554,0.0057918081390964105
2011-06-15,-0.02579596091965719,0.0011805122007180202
2011-06-16,-0.02665441541129443,0.0024223869992088254
2011-06-17,-0.0071293491587791635,0.00606274987462907
2011-06-20,-0.013517294591528284,0.001883072169083455
2011-06-21,-0.0066475765386080354,0.0029149818211617884
2011-06-22,0.028959229173441514,0.0044532161493702205
2011-06-23,-0.06278303757518611,-0.021348060207589725
2011-06-24,-0.02015323260679125,-0.012977720208725785
2011-06-27,0.008242149019781486,-0.0030035063459994404
2011-06-28,0.02598275288890939,0.0024701759946168522
2011-06-29,0.0327364682619713,0.006778384090709189
2011-06-30,0.0007115068720446871,-0.0050461400491244035
2011-07-01,-0.0063322995438488405,-0.013402331110025756
2011-07-05,,0.020036734583423588
2011-07-06,0.016416412939162406,0.010785966022019977
2011-07-07,0.04281256379389653,0.0009807448220735537
2011-07-08,-0.002194788225675204,0.007162888181999172
2011-07-11,-0.009254249248916935,0.00491916697862127
2011-07-12,0.0043406352748389665,0.008422575445943714
2011-07-13,,0.014807507019098942
2011-07-14,0.004829082926776529,0.0023943360229381483
2011-07-15,-0.008999106069338403,0.0005033653156711893
2011-07-18,-0.010372550736597042,0.007707000561492983
2011-07-19,,-0.0007492670796214185
2011-07-20,0.017933857530309183,-0.0026270175692548747
2011-07-21,-0.0054315620226903505,-0.00621952835338746
2011-07-22,0.00982306172225833,0.009096389409616101
2011-07-25,-0.006170474974478424,0.006659814245340456
2011-07-26,0.002878643391056812,0.00284951913106557
2011-07-27,-0.00721227068804442,-0.0009902065408819993
2011-07-28,-0.0005962749403751744,-0.0009911880218247404
2011-07-29,-0.005296917558803571,0.009192787122421997
2011-08-01,0.0005994407903431309,-0.005727881079718777
2011-08-02,-0.0030008037192725823,0.014045448009743389
2011-08-03,-0.028126680574689367,0.013009592424412908
2011-08-04,-0.05425862016485539,-0.004337922994214871
2011-08-05,0.019574096651763462,-0.004478011926987158
2011-08-08,-0.05284890612879334,0.03656251398014465
2011-08-09,-0.011342258987069087,0.017274819037840672
2011-08-10,0.03928821283045192,0.02345834900137511
2011-08-11,0.012482661913302273,-0.01841359586674507
2011-08-12,9.259094144375979e-05,-0.004929845270196687
2011-08-15,0.01725292737074824,0.008753695535478556
2011-08-16,,0.015207067821775055
2011-08-17,0.0062581928918872265,0.004924974594275433
2011-08-18,-0.033184723107982705,0.01534617714369002
2011-08-19,0.015120225708974644,0.016358944672721698
2011-08-22,-0.0023965550433304728,0.02129785500808179
2011-08-23,0.008728837121520172,-0.01622661829373051
2011-08-24,0.007655227130046072,-0.05770622662384994
2011-08-25,,0.0032443030264150963
2011-08-26,0.0109251149659082,0.01930329585950119
2011-08-29,0.004658641717405487,-0.003182110806197791
2011-08-30,0.018946998377412427,0.021189654541231562
2011-08-31,0.007253073687451206,0.000984925037035289
2011-09-01,-0.004887829929195675,-0.0013681764345223613
2011-09-02,-0.017298101965918633,0.02578727738981801
2011-09-06,0.004972903912699778,-0.0020300930054704125
2011-09-07,0.025450703625737425,-0.030240394272828652
2011-09-08,-0.010853155951811466,0.021916634484532516
2011-09-09,-0.015661119064548146,0.001077934767350186
2011-09-12,-0.004621789853865188,-0.02536753291431193
2011-09-13,-0.003212286257658903,0.009294220435614342
2011-09-14,0.004547710670320448,-0.0018080977908825346
2011-09-15,0.025820305401683008,-0.02498741886022504
2011-09-16,-0.027423015236114345,0.018716067856801466
2011-09-19,-0.027829785034881205,-0.019897522083803132
2011-09-20,0.012745998521721091,0.01685775404041756
2011-09-21,-0.001629699807797813,-0.0006090504844129541
2011-09-22,-0.04513161343646832,-0.03741235242561736
2011-09-23,-0.014513733712371746,-0.06025452078248872
2011-09-26,,-0.02786558006308848
2011-09-27,0.030033977025252234,0.03583373492124231
2011-09-28,-0.0315741030689205,-0.02099922674198229
2011-09-29,0.0013477032589541693,-0.0004951103610251195
2011-09-30,-0.011513791915858107,0.0030285411306705257
2011-10-03,-0.010270575394069503,0.021732008549981252
2011-10-04,-0.01905763056539289,-0.025255905297380643
2011-10-05,,0.015730031038416747
2011-10-06,0.05782071942373079,0.007046973654236233
2011-10-07,0.0014176449238902933,-0.010589208176211784
2011-10-10,0.02858268196161884,0.02124711497602405
2011-10-11,0.016205802646402923,-0.005947228433466734
2011-10-12,0.00567336604059232,0.01293049901994614
2011-10-13,-0.0022474949778601427,-0.008361751874609524
2011-10-14,0.03162493658714016,0.008659096579890502
2011-10-17,-0.040211756012328514,-0.0037530492546844485
2011-10-18,0.008946766474362988,-0.014306597212666361
2011-10-19,-0.025144825941721294,-0.0034569287276839944
2011-10-20,0.012560355243726562,-0.020934479687990226
2011-10-21,-0.0018238613291767791,0.014290327060280994
2011-10-24,0.01710371033843394,0.009980016221538435
2011-10-25,-0.004766828209882057,0.028708949045219256
2011-10-26,-0.018287317526999303,0.01349988423230819
2011-10-27,0.028691031653092836,0.013835466371475036
2011-10-28,-0.019551035965811536,-0.0002862950656439267
2011-10-31,-0.0031895602888338814,-0.012678823957672058
2011-11-01,-0.00018253439763693535,-0.007685151564337467
2011-11-02,-0.0018275277395103373,0.010291657790972408
2011-11-03,0.013535252334860637,0.02032764946429566
2011-11-04,0.010233476865307622,-0.005057491867623831
2011-11-07,0.02286769272701683,0.019743420551100677
2011-11-08,0.0038334464620728426,0.0045141634438685685
2011-11-09,-0.023669245126408,-0.004179093869826289
2011-11-10,0.012388456348365828,-0.018029672886400228
2011-11-11,0.003949665662116075,0.016129368049582204
2011-11-14,-0.020084764882619233,-0.005441323295111822
2011-11-15,0.004458719734813599,0.002191265011515675
2011-11-16,-0.004548116315116424,-0.0044437718148016
2011-11-17,-0.03326064028998399,-0.030916132101222793
2011-11-18,-0.0061173947918415905,0.002845060617729267
2011-11-21,,-0.02727168857833817
2011-11-22,0.01357425381968369,0.014140097949622898
2011-11-23,-0.018607361006449885,-0.0038258972397358093
2011-11-25,-0.005810110267299606,-0.006033350443704677
2011-11-28,0.024142290980632808,0.014898870219743898
2011-11-29,0.016559378456262763,0.0015185888849824636
2011-11-30,,0.018561332766248384
2011-12-01,-0.016651145384429356,-0.0058607103104861835
2011-12-02,0.00867866933825212,0.006719693899452039
2011-12-05,-0.001183207262611674,-0.009374108416037252
2011-12-06,0.009065423539252215,-0.0016191102696172521
2011-12-07,-0.011618527725135053,0.007495422440086941
2011-12-08,-0.013049240240401438,-0.01802580173855617
2011-12-09,0.004706344942519536,0.001753053633319901
2011-12-12,-0.01259976442169819,-0.02878498865722179
2011-12-13,0.020668735785401182,-0.0025871238457044754
2011-12-14,-0.04177377301155083,-0.046614674079330065
2011-12-15,0.000666314785136457,-0.006141443955558934
2011-12-16,-0.016695819666552758,0.013248569484948014
2011-12-19,0.002802078441169975,-0.0007523205194175375
2011-12-20,0.029378962573692213,0.013208884366838092
2011-12-21,0.00914010948429933,-0.0022927670287806734
2011-12-22,0.001669762043333911,-0.0018628917176544135
2011-12-23,0.0006485957634740913,-0.0026139380542522517
2011-12-27,0.012061073191638627,-0.006564780411903115
2011-12-28,-0.01577304415862013,-0.01982892689606608
2011-12-29,0.0041750265058864144,-0.014825590380465492
2011-12-30,-0.005849915792192739,0.01667941156926922
2012-01-03,0.04328496856189634,0.021419174466295487
2012-01-04,0.013904485937885624,0.007597541424776644
2012-01-05,-0.008479110210915408,0.004642102778981361
2012-01-06,0.002834365948108264,-0.00203990108018548
2012-01-09,-0.005409978386718528,-0.005335647136046617
2012-01-10,0.007353967902901992,0.014513146509239405
2012-01-11,-0.009223202407924624,0.005014964515898335
2012-01-12,-0.008769592914011248,0.004929325457331046
2012-01-13,-0.0073974146793611695,-0.010312215151505377
2012-01-17,0.009821192893248565,0.015096419488761725
2012-01-18,-0.00783113149807324,0.0025945342285300654
2012-01-19,0.008010477672991456,-0.0032593126715800835
2012-01-20,-0.015266114766101957,0.005786968828131123
2012-01-23,0.00653242399823295,0.008558599710570824
2012-01-24,-0.004986212680883284,-0.008258109901120747
2012-01-25,-0.002001467410928548,0.021166127664300483
2012-01-26,0.008884948419591865,0.015469792317015063
2012-01-27,0.006029248131226517,0.003180940101367824
2012-01-30,-0.006390365002190812,-0.0004620820325049735
2012-01-31,0.002074626220604614,0.003920697326562639
2012-02-01,0.0052125057291947385,0.0053372830035769425
2012-02-02,0.00456113246581058,0.005536743602649885
2012-02-03,0.022149611620155163,-0.010816498290285637
2012-02-06,0.011713278353714607,-0.008726599296451809
2012-02-07,0.002584452222708755,0.013605637693124173
2012-02-08,0.00831083556658907,-0.009839809647734121
2012-02-09,0.011790283992257677,0.005593504786632231
2012-02-10,-0.010852152390229186,-0.009069149732669146
2012-02-13,0.00527124798359857,-0.0001741280936844447
2012-02-14,0.0019484385262753534,-0.004129219008215834
2012-02-15,0.006495418089240701,0.006042679587632271
2012-02-16,0.009872907342837856,0.0002895948506296264
2012-02-17,-0.004422375882862539,-0.0013328595810797594
2012-02-21,0.01724468022859682,0.018727555492429104
2012-02-22,0.010140729993865172,0.007314837698549681
2012-02-23,0.0058413374614660896,0.008382858345699518
2012-02-24,0.014854329451583048,-0.005505659316442646
2012-02-27,-0.010415116218254639,-0.0008453800602881145
2012-02-28,-0.021325853813249473,0.00752687062258417
2012-02-29,0.009090604184464723,-0.04410333262681565
2012-03-01,0.028451595871583635,0.006528703558172921
2012-03-02,-0.020412919617464276,-0.007172208750398035
2012-03-05,0.0012123785934727849,-0.0033999966776985246
2012-03-06,-0.01481026051253398,-0.01872978848839857
2012-03-07,0.01739173731994903,0.007094568258127154
2012-03-08,0.010578714356219265,0.008753783142556593
2012-03-09,0.004295614775503331,0.007509597525348077
2012-03-12,-0.005093175261216665,-0.006862038788651326
2012-03-13,0.006996410248201634,-0.003242067243859559
2012-03-14,-0.009952707561665441,-0.030695984709045554
2012-03-15,-0.011427761130454073,0.010055800575299756
2012-03-16,0.01812685582232909,-0.002172193946764267
2012-03-19,-0.0007951533136489886,0.006862550608128792
2012-03-20,-0.012728797935268155,-0.012192373023584224
2012-03-21,0.0006442832194393233,0.0020020323227809556
2012-03-22,-0.008571230401560825,-0.0046775598195614165
2012-03-23,0.01603126040063696,0.01210448684018317
2012-03-26,0.004147101206348758,0.013860040758867598
2012-03-27,-0.0008758359513842962,-0.0004153643128494977
2012-03-28,-0.011053354252109848,-0.016095135389950777
2012-03-29,-0.014358423522682351,-0.003444052396309516
2012-03-30,0.003995584640312799,0.010296702536995106
2012-04-02,0.020539589421999516,0.004900183733836272
2012-04-03,-0.004554721947734208,-0.004480963435036678
2012-04-04,-0.020389090641335095,-0.035161865156342564
2012-04-05,0.008870172347747562,0.0099975844618303
2012-04-09,-0.006176388110308295,0.00856012564247699
2012-04-10,-0.0230065885806221,0.01029688080126423
2012-04-11,0.002499401907736676,-0.00030134096958533974
2012-04-12,0.012650536919157851,0.012281118861903195
2012-04-13,0.0009854870316416964,-0.01222085811828233
2012-04-16,-0.026195847401865535,-0.006288202983069091
2012-04-17,0.0008422343166669677,0.0009700501859493116
2012-04-18,-0.00684266710938175,-0.006992822669181109
2012-04-19,0.00025425926434152757,0.0010977172197064178
2012-04-20,0.006420043417688426,0.0009138819427354505
2012-04-23,-0.0004211315302127261,-0.006230900532803396
2012-04-24,-0.0046438671372159845,0.0067788439398652756
2012-04-25,0.00809174221709874,-0.0009742879677308025
2012-04-26,0.006693427092350213,0.011027043678364379
2012-04-27,-0.0007507515505125184,0.002647747633252706
2012-04-30,-0.003008782928074716,-0.000360627269362368
2012-05-01,0.0015891145193887013,-0.0010225697890646757
2012-05-02,-0.01227633941277162,-0.0050073567381776485
2012-05-03,-0.018098454803396002,-0.011680430512859274
2012-05-04,-0.025300149939254446,0.0064046089873679435
2012-05-07,-0.0001766956151625365,-0.0037157632506863436
2012-05-08,-0.0038071699606216924,-0.02134169438191158
2012-05-09,0.004160529975122174,-0.006442183199088625
2012-05-10,-0.004160529975122174,0.0008780886453685355
2012-05-11,-0.004177980291604655,-0.007235694057576403
2012-05-14,-0.006165434673561343,-0.014630373776525651
2012-05-15,0.0059872228917008385,-0.0024378832424805097
2012-05-16,-0.004733197374318543,-0.013320661016581248
2012-05-17,-0.03850841927597326,0.02462595876150342
2012-05-18,-0.003261415355163777,0.01080202267237329
2012-05-21,0.015466834769538806,-0.0020125485861335335
2012-05-22,-0.0036828500722068114,-0.007646876018406523
2012-05-23,-0.026640880946395384,-0.018052002832832592
2012-05-24,0.00933489867919679,0.005925227079559114
2012-05-25,0.002624415911506972,0.00735744315100284
2012-05-29,-0.0014051009232094458,-0.012959745819267177
2012-05-30,-0.03055197475996696,0.009511671214860407
2012-05-31,-0.01558420985089981,-0.0005118674635919973
2012-06-01,-0.03435187882205781,0.03638365864295867
2012-06-04,0.004257895438764869,-0.005135068018744526
2012-06-05,-0.00010119011079456897,0.0018590822053798917
2012-06-06,0.01804744281790427,0.010837604631932507
2012-06-07,-0.007079842959835325,-0.02870301591992863
2012-06-08,-0.0046138404911983955,0.0022035454843187807
2012-06-11,-0.014888624765823089,0.0033902747537384315
2012-06-12,-0.00881424803618902,0.010722595990918293
2012-06-13,-0.00010297149752602763,0.0033428436084408375
2012-06-14,-0.0010300626803267932,0.00018541562118556953
2012-06-15,0.00595975698330431,0.005299806280194552
2012-06-18,-0.016111032452673868,-0.0007993660139984371
2012-06-19,-0.003023837429272369,-0.0021552396687365416
2012-06-20,-0.032584465330669055,-0.00457208231963957
2012-06-21,-0.03804327469402846,-0.03164485610772605
2012-06-22,0.019422395506155432,0.0009583134418109651
2012-06-25,0.00032967502239866775,0.013635854216098586
2012-06-26,0.021845073645906155,-0.008540301789498272
2012-06-27,0.005146948586990163,0.0022211654380193124
2012-06-28,-0.023153683706210515,-0.017779983130193244
2012-06-29,0.0681168556564078,0.03412740784803514
2012-07-02,-0.004714641461365687,-0.0039366745152218385
2012-07-03,0.03373720651478784,0.014976261054685303
2012-07-05,0.0001985961208150755,-0.007677595841302676
2012-07-06,-0.02524136737377436,-0.019139039655363455
2012-07-09,0.021460671797285613,0.006441418654736353
2012-07-10,-0.02370375202606745,-0.005871368037160707
2012-07-11,0.022806256712557982,-0.0025995244667154083
2012-07-12,0.00834576453804381,-0.006560277556704186
2012-07-13,0.013073384439446833,0.01691784444328981
2012-07-16,0.011167889806369402,-0.00025136636004408075
2012-07-17,0.004336281828434707,-0.0013206149982707416
2012-07-18,0.011092135544473969,-0.011837423346489295
2012-07-19,0.024794652098491632,0.006157741197844402
2012-07-20,-0.009038883686649513,0.001517754311837649
2012-07-23,-0.033988702958305694,-0.003418173005170111
2012-07-24,0.0015482491236573637,-0.0006977105953360763
2012-07-25,0.009239710638929033,0.020101179321087237
2012-07-26,0.008395440318461844,0.004343785917845011
2012-07-27,0.011429766571314559,0.001794070444503859
2012-07-30,-0.0025391867198569784,0.0011118896446893345
2012-07-31,-0.01212594252512833,-0.005696226974696295
2012-08-01,0.009863518216797651,-0.004231260703660311
2012-08-02,-0.0005663887475204632,-0.010215956030912743
2012-08-03,0.028302027350049386,0.011649142470026241
2012-08-06,0.0055837995326024625,0.004287200553179105
2012-08-07,0.022117777396404747,-0.0019860201813832745
2012-08-08,0.0012492139576680827,0.0019860201813832745
2012-08-09,0.009584754137443419,0.0026005904265771207
2012-08-10,-0.00238762349485544,0.0016065102594868819
2012-08-13,0.005738276959667665,-0.0062552310083123785
2012-08-14,0.0037780681091437174,-0.006357111575335139
2012-08-15,0.019281483503304386,0.002684854905290912
2012-08-16,0.005575837063412692,0.007702395180227306
2012-08-17,-0.02766754194567067,0.0001237923777575034
2012-08-20,-8.796566915592052e-05,0.0023482440213156153
2012-08-21,0.008233404279792467,0.012147418590036985
2012-08-22,0.002352466943067455,-0.0015256463843211776
2012-08-23,0.0008698545398795332,0.01947442928767984
2012-08-24,-0.01242365767517839,0.0001198258615104919
2012-08-27,-0.011777813460248865,0.0015558470788290535
2012-08-28,0.002846467756992155,-0.003534116332835069
2012-08-29,-0.00035537416009479017,-0.004028476165369277
2012-08-30,0.0009769582832994672,-0.0038028891605774717
2012-08-31,0.016900306818310895,0.018633878966917372
2012-09-04,-0.00340983403299866,0.004914916675883063
2012-09-05,-0.009592223707894476,-0.001241230493302048
2012-09-06,0.0035307789889964525,0.006954661539328555
2012-09-07,0.00667432128433898,0.02029081832827284
2012-09-10,0.0048895370666537374,-0.00507764575578129
2012-09-11,0.00512580045555211,0.0017917055255480818
2012-09-12,0.004840928861734817,-0.0006932031433573016
2012-09-13,0.008073585372623704,0.022002773808938336
2012-09-14,,0.00039564454858354026
2012-09-17,,-0.0011873345034461025
2012-09-18,-0.042552199856463524,0.0003959578383909701
2012-09-19,-0.03487771840901921,0.00033921840196171615
2012-09-20,0.01686408152214991,-0.0007351762403526862
2012-09-21,0.012553783371317628,0.00440283446371037
2012-09-24,-0.014555250782246176,-0.007575807663553036
2012-09-25,0.005811324859288369,0.000964334417972168
2012-09-26,-0.0037189578595810957,-0.007512027785335995
2012-09-27,0.01774422771910711,0.01530555379885623
2012-09-28,0.0033867880040867604,-0.003663317473184158
2012-10-01,-0.0017810757812917188,0.005293415039934857
2012-10-02,-0.005541690448423786,-0.004390443242589193
2012-10-03,-0.03094814715516936,0.0025916057639054912
2012-10-04,0.03996004958572286,0.009408103578217641
2012-10-05,-0.004986699485940882,-0.00867696557838915
2012-10-08,-0.0017869639450864838,-0.0028715290253007453
2012-10-09,0.023684390124965482,-0.005938091815806956
2012-10-10,-0.0014858034248934615,0.00011340886782296167
2012-10-11,0.011998033406587005,0.0031710658827703853
2012-10-12,-0.009464719889894724,-0.00612457890334106
2012-10-15,0.010242258406495175,-0.01259318302482626
2012-10-16,-0.006323955309309071,0.004998976879014627
2012-10-17,,0.0038899705382311467
2012-10-18,,-0.004692666879352103
2012-10-19,-0.04378835789054136,-0.011828994235928647
2012-10-22,-0.006375802110326845,0.001334103125178565
2012-10-23,-0.010933109299812394,-0.009786253111553123
2012-10-24,-0.003702008195592299,-0.004576427088636592
2012-10-25,0.005916624456777875,0.006739952254437576
2012-10-26,0.009723110754904951,-0.0006427156013657509
2012-10-31,-0.007789327846574601,0.0038501829961825607
2012-11-01,-0.004887719337481222,-0.0019815978265720346
2012-11-02,-0.023288383612829477,-0.023612454431588326
2012-11-05,0.019212464964916798,0.004826738663643582
2012-11-06,0.030532502364708947,0.018785715767944744
2012-11-07,-0.03901545837672149,-0.0005252090298402123
2012-11-08,0.0040173857534178126,0.007095983552185103
2012-11-09,0.01984834612745967,0.0028359102897814736
2012-11-12,-0.0030210287929151036,0.0
2012-11-13,-0.007454114041431481,-0.0035316856255276363
2012-11-14,0.012392855694785432,0.003069202920692682
2012-11-15,0.012421418349824798,-0.009410985538837124
2012-11-16,,0.0005834986578836521
2012-11-19,-0.0012623481906732792,0.011426015844216764
2012-11-20,-0.009153954483204885,-0.006247879274090096
2012-11-21,0.00933441702529425,0.0027238133820048915
2012-11-23,0.004679604004694582,0.01345158471129082
2012-11-26,-0.004138549262268754,-0.0010283643519493069
2012-11-27,-0.009511330528431117,-0.004181378449656492
2012-11-28,-0.0032819849164198445,-0.014861320460339833
2012-11-29,0.011349828794942063,0.006214238032745456
2012-11-30,0.004234442194264609,-0.009482009830170668
2012-12-03,-0.002790955544355711,0.005072129324280361
2012-12-04,-0.009784476120374919,-0.01476298116878283
2012-12-05,-0.009421508593729477,-0.0011810559842020396
2012-12-06,-0.01649406193454528,0.004657080509181455
2012-12-07,-9.345607523147947e-05,0.0021736936084622016
2012-12-10,0.002892516037667825,0.005267790934858851
2012-12-11,0.006315617654984784,-0.002806063396620928
2012-12-12,0.0137007140480927,0.004905420134284633
2012-12-13,-0.014626968944213559,-0.012308929981781347
2012-12-14,0.011425516663261526,0.00011798858346345753
2012-12-17,,0.0007073515707611833
2012-12-18,,-0.01633780585051703
2012-12-19,0.011024657904032509,-0.0017985616359155188
2012-12-20,-0.0014508858537247704,-0.013046011827404058
2012-12-21,-0.011224242834922293,0.008595665013674925
2012-12-24,-0.001561263719902506,-0.0003014136366426001
2012-12-26,0.020649267960343387,0.0007232842850024568
2012-12-27,-0.002433828575306052,0.001685484830296069
2012-12-28,-0.0016258724606101893,-0.0046420286352324425
2012-12-31,0.004419777693622784,0.011953185522100007
2013-01-02,0.01216582318038295,0.007791382859458018
2013-01-03,-0.0029384450167571075,-0.008448451813216629
2013-01-04,-0.0074290056810237814,-0.01541362091915488
2013-01-07,0.0008082616187419234,-0.0015788050432803402
2013-01-08,0.004835694082687247,0.009676519411254247
2013-01-09,-0.0016093012100153459,-0.004040623700428014
2013-01-10,0.0011625063015525683,0.01350520171763403
2013-01-11,-0.011234558524756189,-0.010367784461266183
2013-01-14,0.011145161944453363,0.005347139027603198
2013-01-15,-0.014222889857150811,0.008650830902112716
2013-01-16,0.002806552504962312,-0.0004159551156286412
2013-01-17,0.0,0.0045655845799430494
2013-01-18,0.0,-0.002250548079390846
2013-01-22,0.01623133485409145,0.0036693378433438895
2013-01-23,0.0033745248322434307,-0.003847182876657307
2013-01-24,0.00424625305088,-0.010012628248205147
2013-01-25,0.0,-0.007877592973066783
2013-01-28,0.0017640203529420972,-0.002417796113122428
2013-01-29,0.0077247332688479275,0.0050103795130516104
2013-01-30,0.004710825343551939,0.011495111538641467
2013-01-31,0.0056411649963310495,-0.011555314223236302
2013-02-01,0.0104172011507222,0.00528532691511252
2013-02-04,-0.009984621243191327,0.0035279878042961954
2013-02-05,0.007926960242666148,-0.0017325477647567311
2013-02-06,0.0018007011413780916,0.003164043591519672
2013-02-07,0.0043594931990114105,-0.004360645368130633
2013-02-08,0.01405971890834401,-0.0026375895772305924
2013-02-11,-0.006497126820107724,-0.010741790022626319
2013-02-12,0.004476601982778661,0.000303315246834579
2013-02-13,0.0005054980085699157,-0.0027331549301568003
2013-02-14,-0.001179935980538005,-0.00579464263345475
2013-02-15,0.0,-0.015970681578292734
2013-02-19,-0.008979350419898502,-0.0032375032652733893
2013-02-20,-0.016472560262204006,-0.016346397170893034
2013-02-21,-0.018068834614441975,0.0003802367748857449
2013-02-22,0.005008135070667663,-0.0036817960734820687
2013-02-25,0.002975446020555772,0.008738057791807918
2013-02-26,-0.015232549384284866,0.018117569902100783
2013-02-27,-0.007480632720739067,-0.01245966817007016
2013-02-28,-0.004389753908429661,-0.011031030283688459
2013-03-01,-0.008837605837598517,-0.0036829650487248955
2013-03-04,-0.0028119678467373177,0.00012719540212824398
2013-03-05,0.013712477318609473,0.0015889665775548067
2013-03-06,-0.0049400833055415205,0.0
2013-03-07,0.0008100803076187546,0.00012705483006669738
2013-03-08,-0.0027027318412491397,0.0011423030650430377
2013-03-11,-0.005699542766821608,0.0007608884674095151
2013-03-12,-0.005184890750438598,0.008645465114191175
2013-03-13,-0.010359031922849482,-0.002012675138656661
2013-03-14,0.00825921504454108,0.0014469955905793697
2013-03-15,-0.0003656390933262088,0.001193820272248125
2013-03-18,,0.007569380658191349
2013-03-19,-0.017802438121302444,0.004166847778572347
2013-03-20,0.011750186383976846,-0.002361159771307797
2013-03-21,-0.011564030859231522,0.003911499559245968
2013-03-22,0.001766396936706549,-0.004720566316438024
2013-03-25,0.004725899566317082,-0.0009966212500724936
2013-03-26,0.010941151282183093,-0.005499280632432324
2013-03-27,0.0030130296837533876,0.006495901882504818
2013-03-28,0.003003909254711168,-0.007122743230299378
2013-04-01,0.009588541987425536,0.003255262103589729
2013-04-02,-0.0035171554689252815,-0.015684882420190505
2013-04-03,-0.032877173978881125,-0.014258962507669892
2013-04-04,-0.007214875836449863,-0.0006442053746882337
2013-04-05,-0.021097367133080525,0.015093644840955989
2013-04-08,0.005172929429225981,-0.002160529777127884
2013-04-09,0.014889550457943379,0.008992493876984753
2013-04-10,-0.004150580739660903,-0.01774567308034225
2013-04-11,-0.014472349046002364,0.0038429559959709536
2013-04-12,-0.011187271157602652,-0.04130691814830367
2013-04-15,-0.026733790825642423,-0.09820579166610166
2013-04-16,-0.00029886704378778717,0.019073209052712592
2013-04-17,0.0,-0.0033225726891608076
2013-04-18,-0.012331635241907613,0.007065164563453408
2013-04-19,0.005231969633250344,0.0023679189985097437
2013-04-22,0.007398532652445056,0.01825136820422557
2013-04-23,-0.0007972280668502307,-0.008764563117938273
2013-04-24,0.0140569112473381,0.010452107037941971
2013-04-25,0.01637942680625759,0.026620193431925898
2013-04-26,-0.002420488097917506,-0.005625365162654106
2013-04-29,0.006281065174668754,0.009448922631150936
2013-04-30,-0.013968553925498561,0.003265703540304088
2013-05-01,-0.02392369734806543,-0.017749242617428607
2013-05-02,0.02860157084943804,0.014687911508286078
2013-05-03,0.012944577593341222,-0.0023191704417664383
2013-05-06,0.012115546564705149,0.0025916852087926046
2013-05-07,-0.010102035356811534,-0.013095367795032509
2013-05-08,-0.0005749275678379462,0.017038302086289647
2013-05-09,0.0012451980377417016,-0.003466191297197163
2013-05-10,-0.005374785426496942,-0.022027321577899883
2013-05-13,-0.010545291448343264,-0.0016020961104556974
2013-05-14,-0.0021419657947454596,-0.0068551254707998055
2013-05-15,0.010471317682848813,-0.01999212456538757
2013-05-16,0.0011567645847483377,-0.006753887216782495
2013-05-17,-0.0007710276924717263,-0.01613403541922942
2013-05-20,0.0,0.014113448217259794
2013-05-21,0.0018302026679632988,-0.004706572368188056
2013-05-22,-0.012687257243088723,-0.007430698684902204
2013-05-23,-0.0015606327006825182,0.017684200980975895
2013-05-24,0.001950429196981851,-0.0037425918742926
2013-05-28,0.015372313597357135,-0.005567875242675768
2013-05-29,-0.017420386530408116,0.008807502165757874
2013-05-30,-0.0023457919128331284,0.014414371750389066
2013-05-31,-0.017771254891338906,-0.01348048271637925
2013-06-03,0.016498257090909796,0.013622131324814823
2013-06-04,0.011495502443984229,-0.010395975120352396
2013-06-05,-0.0019390829173167035,0.0009301011782127944
2013-06-06,0.005516584913308087,0.012295330550164962
2013-06-07,0.009127189812116576,-0.023369021245246202
2013-06-10,-0.005851061020551107,0.002311102594680925
2013-06-11,-0.009569430550278923,-0.006658935530785115
2013-06-12,0.005134414642376406,0.010690688764811718
2013-06-13,0.007316891640731349,-0.010255071542170313
2013-06-14,0.00038362823287929615,0.007016610331898043
2013-06-17,,-0.003248982924671573
2013-06-18,0.01645223498465853,-0.011784578876664398
2013-06-19,0.000942831254940657,0.005109127327629359
2013-06-20,-0.038128218950128634,-0.06597613154712167
2013-06-21,-0.012213269433976492,0.004422859719569239
2013-06-24,0.00247439123563975,-0.011524755043812007
2013-06-25,0.0009880296353284024,-0.0015676440923648727
2013-06-26,0.003942460403613346,-0.036100448476660496
2013-06-27,0.011345935617434577,-0.0149121576686575
2013-06-28,-0.006439636088214407,0.010184076226777528
2013-07-01,0.008188740658550131,0.025891654536359
2013-07-02,0.009661910911736626,-0.009842086910742509
2013-07-03,0.01678149716085464,0.006811742623574979
2013-07-05,0.01836288297335731,-0.0318079157329052
2013-07-08,-0.0026958037564392967,0.01797580845034563
2013-07-09,0.003530920386428882,0.00886816500649168
2013-07-10,0.006471958413487577,0.0012032247636408755
2013-07-11,-0.007214226252340694,0.02587677612608541
2013-07-12,0.009975091458866103,-0.0017982934091742564
2013-07-15,0.0025699765144624465,0.0046845805308430855
2013-07-16,0.00283770789553639,0.005437751093870347
2013-07-17,-0.00036570593876916746,-0.010044094286119076
2013-07-18,,0.005229242099018094
2013-07-19,-0.011866035505613937,0.006749762357370237
2013-07-22,0.0007400040167775401,0.03278232057525443
2013-07-23,0.0024933904356796432,-0.0009732726413984594
2013-07-24,-0.01140957346379512,-0.011601776086361149
2013-07-25,0.004282254504951233,0.007022378689875097
2013-07-26,-0.004468896345425577,-0.005508029892910216
2013-07-29,0.0026092530474741693,0.005056479060803198
2013-07-30,-0.005038201407323584,-0.0033177713841849865
2013-07-31,0.007362162547074114,-0.008799916807399555
2013-08-01,0.016940231886887425,-0.0010673359258541737
2013-08-02,-0.00540075433350129,-0.0003051757864609428
2013-08-05,-0.0022972673278864875,-0.006122780607500822
2013-08-06,-0.004795256787834212,-0.0150053283093321
2013-08-07,-0.006863934325860299,0.0022574442286140695
2013-08-08,-0.007098872763941166,0.0189469440830079
2013-08-09,0.014332501319938906,0.001677141163559881
2013-08-12,0.006906422696570935,0.016468061360921382
2013-08-13,0.007770032880864974,-0.010166133337281558
2013-08-14,0.003454209954057319,0.00964156991634102
2013-08-15,0.00822383806322513,0.020478513413118904
2013-08-16,0.0005398376856247111,0.007390349998876999
2013-08-19,,-0.004017683329916366
2013-08-20,-0.009217457673672769,0.005037811989806684
2013-08-21,-0.003091509724471031,-0.0018223572084146156
2013-08-22,0.000819297917206363,0.0004376508946979385
2013-08-23,0.010319629709693245,0.01770981329617438
2013-08-26,-0.0027956689771126975,-0.0019363517501069794
2013-08-27,0.032256536764814214,0.019619605598163226
2013-08-28,0.019483665975149833,-0.0011269022179263288
2013-08-29,-0.012512541222208462,-0.00430805110888155
2013-08-30,-0.010036314961311632,-0.011961729543889632
2013-09-03,0.01454157846570947,0.0113245215459159
2013-09-04,-0.006678515909645633,-0.01577531939713772
2013-09-05,0.0030412194036220086,-0.012160880108594618
2013-09-06,0.007433698266857469,0.009855849000619088
2013-09-09,-0.020884865292305044,7.218147199861136e-05
2013-09-10,-0.02195937647073709,-0.016504117418558728
2013-09-11,0.0022446698538240994,-0.00014659176849995958
2013-09-12,0.010083494773548196,-0.024868593603377676
2013-09-13,0.0013309218815589219,-0.01667463190592855
2013-09-16,,0.007234543851109443
2013-09-17,,-0.006394194227050676
2013-09-18,-0.01951893226341994,-0.0012990114845123912
2013-09-19,-0.016776435885898167,0.046026332051999574
2013-09-20,0.004220568494598176,-0.027315828475254378
2013-09-23,-0.00975256174764727,-0.004211464098284878
2013-09-24,0.004428012039361384,-0.008248580056451793
2013-09-25,-0.0029498518456634315,0.015008407385870726
2013-09-26,0.008182819479843673,-0.009249961668873041
2013-09-27,-0.005325038664621751,0.01111961031158426
2013-09-30,-0.0023962638824430726,-0.008930994336050269
2013-10-01,-0.003975783470714589,-0.031007268780229857
2013-10-02,0.011513966576546686,0.026549534475807768
2013-10-03,-0.0017416241560788137,-0.0024260445347756843
2013-10-04,0.004211295122592773,-0.005862049685156023
2013-10-07,0.0020078606847420133,0.011463475434532633
2013-10-08,0.004366849627469804,-0.00045307487090617826
2013-10-09,-0.010035720551933025,-0.013150527333181117
2013-10-10,0.024813420905564598,-0.007912504372284523
2013-10-11,-0.004662051372046783,-0.022304578914430273
2013-10-14,-0.0021590316420159184,0.006602778534198883
2013-10-15,-0.00977385003247555,-0.0026673149739631086
2013-10-16,0.008151494526224212,0.007045038923208402
2013-10-17,0.000991756015505274,0.031253706635890666
2013-10-18,,-0.006294758819145763
2013-10-21,-0.012057639645055573,0.0009884999625331403
2013-10-22,0.0030053465554562564,0.020164741123126717
2013-10-23,-0.019929925638833446,-0.0064265469332536185
2013-10-24,-0.0075423346004601655,0.012145692994379509
2013-10-25,-0.0005609345613351024,0.0016281164419824634
2013-10-28,0.024754199173481872,-0.0002958322832187221
2013-10-29,-0.005488976059110584,-0.0050423130348367096
2013-10-30,0.00776719273328208,0.00282091263968276
2013-10-31,-0.009327953201874628,-0.019008298605495355
2013-11-01,-0.02728916883518462,-0.007964543329991969
2013-11-04,0.0030168749594023936,0.0011416829857315847
2013-11-05,-0.008508290160108345,-0.00503316524085573
2013-11-06,-0.0008548603589941806,0.007388502478491432
2013-11-07,-0.01705838014716221,-0.007082720171927903
2013-11-08,0.01591752513808853,-0.01843549777376907
2013-11-11,0.012103010384147517,-0.0027285146532047833
2013-11-12,-0.005560581405933185,-0.007758374803145784
2013-11-13,0.012304717180574798,-0.0022051885213283384
2013-11-14,0.013169050047037167,0.01401463716541329
2013-11-15,9.21473679555973e-05,0.0008549428585640229
2013-11-18,,-0.011799392732389613
2013-11-19,-0.015130050292891717,0.0009428608914205938
2013-11-20,0.010605731677604702,-0.01224682450185366
2013-11-21,0.018520784996029604,-0.011513699009954692
2013-11-22,0.008773187002483418,0.0004020100556649808
2013-11-25,-0.00045037650903712034,-0.0023339308349594745
2013-11-26,-0.0010816906415023197,0.00024173118194248389
2013-11-27,0.0038705689009068678,-0.0029041448933400105
2013-11-29,-0.014660851891168392,0.01028776685854993
2013-12-02,0.015917804769003396,-0.02288904688035931
2013-12-03,0.010443311764947616,-0.0004910782883058573
2013-12-04,-0.006592500430119053,0.021459182938458277
2013-12-05,-0.008076808638552535,-0.012090096963768282
2013-12-06,0.005660621990384307,-0.0023542956632374157
2013-12-09,-0.02009118458412651,0.00405581331600402
2013-12-10,-9.14397439402137e-05,0.021700795360903413
2013-12-11,0.002921306653894007,-0.0030941548556420173
2013-12-12,-0.009433589236980566,-0.026163698079213482
2013-12-13,0.001471298307797575,0.0078807340994409
2013-12-16,0.014956953401393136,0.007899484106637544
2013-12-17,-0.0005432593149503617,-0.011547791836537868
2013-12-18,,0.003971978277199639
2013-12-19,-0.0010874740001742822,-0.03381505677728658
2013-12-20,0.013329889744074563,0.008416345408783776
2013-12-23,-0.0018806174881769167,-0.005575176639224466
2013-12-24,0.003043088078928946,0.005575176639224466
2013-12-26,0.0007146849447483561,0.007440510666761213
2013-12-27,0.0017844129018813604,0.0016459554700949397
2013-12-30,-0.008684429202271637,-0.010747458164401813
2013-12-31,-0.0036934957422074532,-0.0009978804752162063
2014-01-02,-0.02763470067665086,0.01903718570719448
2014-01-03,-0.008291838603708968,0.010879399570833392
2014-01-06,-0.001497950197313358,-0.0004845937968926961
2014-01-07,0.005792197732283455,-0.006809384421340603
2014-01-08,-0.0018647739505608385,-0.003340513526092437
2014-01-09,-0.00711815436882457,0.0032591895882276845
2014-01-10,0.008050976016777511,0.014055079791468472
2014-01-13,-0.00467290569939216,0.003363290552861997
2014-01-14,-0.003378070317385351,-0.004567191383518576
2014-01-15,0.006931442845275804,-0.005718193646703007
2014-01-16,-0.00037345642039898763,0.001533452891411713
2014-01-17,-0.0002801660550844076,0.009391208725446631
2014-01-21,,-0.007538048800282304
2014-01-22,0.011238674156460071,-0.0026599368951050195
2014-01-23,-0.0063933024521043436,0.018868464968043064
2014-01-24,0.002784698946428854,0.001503719512834678
2014-01-27,-0.011092016725378073,-0.000712016503126911
2014-01-28,0.006725865618085969,-0.010021539139981606
2014-01-29,0.004088036982373033,0.008912959998292003
2014-01-30,0.000926770003705002,-0.01597222964778222
2014-01-31,-0.01446253744220094,-0.0016919599958669096
2014-02-03,-0.0033892011938938538,0.01623714843165569
2014-02-04,-0.0024549359568011297,-0.006926561928680464
2014-02-05,0.004433353706710719,0.004464015110304587
2014-02-06,0.008808175675338425,0.0002385198268903821
2014-02-07,0.021960628152224437,0.004522260225517272
2014-02-10,-0.008616024470256,0.009061958358516087
2014-02-11,0.0004602002043352371,0.011930373961170027
2014-02-12,0.0010116394823693753,0.004022650425664409
2014-02-13,-0.0005516509648471057,0.003929561971428797
2014-02-14,0.0,0.014201945513293346
2014-02-18,,0.004312108113140312
2014-02-19,0.015876226050580478,-0.0030998215570825494
2014-02-20,-0.0015400480070200118,-0.0026538288045969693
2014-02-21,-0.004088168987200547,0.005149612915852586
2014-02-24,0.007165896899897994,0.01081824390288677
2014-02-25,-0.010265793045108218,0.0035057292357230097
2014-02-26,9.126153402316817e-05,-0.011081312179254788
2014-02-27,-0.005126316330078318,0.002556603022505044
2014-02-28,0.0010090411438854474,-0.007689409294796334
2014-03-03,0.019340479229946084,0.02148684660835709
2014-03-04,-0.017233931269192482,-0.009152135496918845
2014-03-05,-0.01418987117735071,0.0017923099224788075
2014-03-06,0.0031501586036499774,0.00854420326067995
2014-03-07,0.008291171699419841,-0.010112344300665654
2014-03-10,-0.008476171635539487,0.0024631838004482987
2014-03-11,0.004339213844541057,0.003794770385582069
2014-03-12,-0.004894560350363619,0.01752109633366583
2014-03-13,-0.0058493019011605085,0.0013855260876454167
2014-03-14,0.010928061246273657,0.004943343120337396
2014-03-17,-0.0002763463627051266,-0.004433290106901744
2014-03-18,-0.016254479313579928,-0.010176173535256794
2014-03-19,-0.008841314591218286,-0.013035272285072175
2014-03-20,0.005652379505634464,-0.008159051448327403
2014-03-21,0.00440551147422763,0.004125263678846913
2014-03-24,-0.0010293419011180305,-0.01873736390623737
2014-03-25,0.0016838199397426479,0.0001525762559584365
2014-03-26,0.0003738054071638075,-0.006119033816973207
2014-03-27,0.007446772283878467,-0.00669728327859076
2014-03-28,0.0022232326162825444,-0.000695308000776329
2014-03-31,-0.002872610565129108,-0.008070837010600407
2014-04-01,-0.0200587786429125,-0.002965315343456787
2014-04-02,-0.007889417059529613,0.008482230162754512
2014-04-03,0.01289484630037574,-0.00473803793516403
2014-04-04,0.0053553910816788175,0.014531038596461876
2014-04-07,-0.008469059013614277,-0.0039981225559317934
2014-04-08,0.017331442229380656,0.008209622486996082
2014-04-09,0.0028750790571638873,-0.00244813161184787
2014-04-10,-0.004827379097644524,0.011121363653430194
2014-04-11,-0.0012104592274937431,-0.00106110700643125
2014-04-14,0.016081657589192666,0.006425057299722425
2014-04-15,-0.003030183070201531,-0.020707158636276368
2014-04-16,0.0005516703986172544,0.002381757965860487
2014-04-17,0.006687110719648004,-0.007471593527117015
2014-04-21,0.003827216054165916,-0.004183801224072248
2014-04-22,-0.006203836383703809,-0.005761928644147929
2014-04-23,-0.0014652996002784135,0.0028072193175834315
2014-04-24,0.011119338107459242,0.004893821820934008
2014-04-25,-0.006820998548355384,0.007872803371142822
2014-04-28,-0.013413146008685928,-0.001384772320621508
2014-04-29,0.007922663146823439,-0.0022351732969703164
2014-04-30,-0.008385247466956791,-0.0003087084588733191
2014-05-01,-0.002872610565129108,-0.009694883579778768
2014-05-02,0.007672736578548722,0.015083242496170435
2014-05-05,-0.008044009229037918,0.004901238540162112
2014-05-06,-0.0061458771144433655,-0.0005348650712599934
2014-05-07,0.00994477939556404,-0.015172283080289617
2014-05-08,-0.0008326441583239585,-0.0009316391759837117
2014-05-09,-0.001389353492297296,-7.765998612985214e-05
2014-05-12,0.00480818554729634,0.006426849857109396
2014-05-13,0.007626907596736565,-0.0007721412003194317
2014-05-14,0.008658893605900886,0.008537509764837026
2014-05-15,0.0022662385121137163,-0.009387535391780055
2014-05-16,-0.00018114889486930963,-0.00015459345020829574
2014-05-19,-0.009554605813372419,0.00030916300497541016
2014-05-20,0.002921573220680429,0.0006182280107411842
2014-05-21,0.007809707228111584,-0.005033892527293027
2014-05-22,-0.0017201800290456148,0.005342863264508502
2014-05-23,0.001629699807797813,-0.0025517499468730165
2014-05-27,-0.004715317752152615,-0.020493443975597714
2014-05-28,-0.0019105595586639268,-0.004832247220515562
2014-05-29,0.001456035046554227,-0.002385117908837664
2014-05-30,-0.00510528546304112,-0.008553609957438368
2014-06-02,-0.0053152784272523235,-0.0015265535202235725
2014-06-03,-9.191027950805619e-05,0.00048239362370416927
2014-06-04,-0.0038670351714502615,-0.00024116772390136987
2014-06-05,0.003591323766618082,0.007208681596943656
2014-06-06,-0.0016559369369302246,-0.0007185537196594538
2014-06-09,0.012625943235375026,0.0011175164219388023
2014-06-10,-0.004282282818119043,0.005013378348112774
2014-06-11,0.003918538916036773,0.0007934618850446995
2014-06-12,0.02753907525467625,0.010101038089279868
2014-06-13,0.0034448386185479407,7.849533927206664e-05
2014-06-16,-0.0016767637279189174,0.0009417510338058932
2014-06-17,0.00202934493606044,-0.0025132136631089708
2014-06-18,0.007114387666273814,0.000550350431645974
2014-06-19,0.006977138224057988,0.03194264624466303
2014-06-20,-0.002175143375629851,0.0019012136171543403
2014-06-23,-0.006028016428178518,0.0013666761382351567
2014-06-24,0.002974858569499972,0.0021979048502647203
2014-06-25,-0.0040269605877938375,0.0009836380573053916
2014-06-26,-0.006953955391460376,-0.004624179680054574
2014-06-27,0.0007947019661216359,0.0022010744273464056
2014-06-30,-0.008331187301006793,0.0021206072596671177
2014-07-01,-0.0006231889304624261,0.0034740428103079424
2014-07-02,-0.009394808575721392,0.0032365590688430146
2014-07-03,-0.0021598088496324053,-0.007770343387195844
2014-07-07,-0.0068704134249832904,-0.002958039532572343
2014-07-08,-0.011862493521263673,-0.00037986705110171215
2014-07-09,-0.006076840893565638,0.0059095926843788504
2014-07-10,0.0035952967525592072,0.011192531747925116
2014-07-11,-0.018669510718203775,-0.0012706592156233043
2014-07-14,0.0029956929753032213,-0.02322954723047488
2014-07-15,-0.009014208585731431,-0.007221930704834456
2014-07-16,-0.0016047407310573192,0.002079685842482526
2014-07-17,0.0010386725981668121,0.013072063269468082
2014-07-18,0.012007637684110506,-0.005712342947713722
2014-07-21,0.0040945752828482895,0.003431319976192171
2014-07-22,-0.003255651177038743,-0.005801967415925979
2014-07-23,0.006500737475747087,-0.0012257533143538168
2014-07-24,-0.008926131709292129,-0.010712617991875284
2014-07-25,0.012253004876656703,0.0096388148305806
2014-07-28,-0.007594032589672395,0.00015352458617723386
2014-07-29,0.0013934836686670948,-0.00384379302618143
2014-07-30,-0.011296381763891361,-0.002622263046676565
2014-07-31,-0.004611173615244546,-0.010558265305008696
2014-08-01,-0.011192380371703337,0.009553784766136886
2014-08-04,0.005422199483926526,-0.004571367029065243
2014-08-05,-0.007618387818459027,-0.0028774381109641922
2014-08-06,-0.00019124543798998417,0.017524632377683425
2014-08-07,0.008094184156433926,0.0031328374476986554
2014-08-08,-0.0039913176636519054,-0.0014505666252642158
2014-08-11,-0.0032426956677387153,-0.0003056654798241354
2014-08-12,-0.01598496902508817,0.00022928118583465107
2014-08-13,0.012156465807109385,0.003051573813724673
2014-08-14,-0.022008708723476822,0.0008375342593867074
2014-08-15,-0.0005884015492148009,-0.007180006652363069
2014-08-18,-0.0034389469607072343,-0.005226396460265903
2014-08-19,-0.00039378732846451214,-0.002005535738078379
2014-08-20,0.007064405690647035,-0.0013134644900674175
2014-08-21,0.00341612240757172,-0.015348416628314432
2014-08-22,-0.0033183354764156903,0.0038396979781980534
2014-08-25,0.0035132329105858062,-0.0010171969619161558
2014-08-26,-0.0014623597513496733,0.0050759546353971174
2014-08-27,0.002144053246979638,-0.0014810965484315375
2014-08-28,-0.0025343822498475888,0.0052905490415975365
2014-08-29,0.0070995032113572165,-0.002252789722417603
2014-09-02,-0.028007590227850265,-0.01733724355686661
2014-09-03,0.023929066413350242,0.004106515517587006
2014-09-04,-0.009188674807393049,-0.0029992515207100112
2014-09-05,-0.009968028537511664,0.000553220793622522
2014-09-08,-0.00616858743344828,-0.01040318904427906
2014-09-09,-0.010433414095793125,-0.004720874815900444
2014-09-10,-0.011359176100090629,-0.002650323812478206
2014-09-11,0.0004079228586766348,-0.0049175604164419795
2014-09-12,-0.009939127965473027,-0.0060795387282084334
2014-09-15,-0.004748141449403498,0.0030038189193488662
2014-09-16,-0.00020699785449806996,0.0012961567218114922
2014-09-17,0.023927562655154055,-0.0006478189129381917
2014-09-18,-0.012915258429941012,-0.007072972316843007
2014-09-19,0.007037638861553397,-0.008521069455597718
2014-09-22,-0.01453750176936719,0.0012335020187990153
2014-09-23,-0.0012382908069863419,0.00344569303731479
2014-09-24,0.0010319761130839211,-0.001967556330828124
2014-09-25,0.0005156282923683975,0.002131303097120174
2014-09-26,0.0,-0.005830900435841002
2014-09-29,0.0020597015663250673,0.002796534515589144
2014-09-30,-0.02637353927035413,-0.0057660785786319835
2014-10-01,-0.005401638954922738,0.003381286984866172
2014-10-02,-0.007890066370712212,-0.0003294008808820692
2014-10-03,-0.011952983919565341,-0.018285084652592154
2014-10-06,0.005186433677594415,0.012089021785870457
2014-10-07,-0.007355363605270782,0.0041349713248948206
2014-10-08,-0.00795691554806055,-0.005295752834792999
2014-10-09,-0.014661500566859331,0.015885701002019914
2014-10-10,0.0017751700081447552,-0.00294404499679235
2014-10-13,-0.014740632132487441,0.006774746282857791
2014-10-14,-0.044277898587678166,0.003491762624595829
2014-10-15,-0.014927443850988098,0.008475653278412487
2014-10-16,0.008202155242178044,-0.0028978331647149247
2014-10-17,0.0008283497774339565,-0.0017750134792242633
2014-10-20,0.010121312693798679,0.004592483646493228
2014-10-21,0.009556064815034127,0.005611237167786776
2014-10-22,-0.017668535841316668,-0.0049683178171067155
2014-10-23,0.024718557524688656,-0.01318100068857131
2014-10-24,-0.008094454248079863,0.0021953509044640995
2014-10-27,-0.003489133848652237,-0.0017070895081285897
2014-10-28,0.002327441380351125,8.133717526082052e-05
2014-10-29,0.012590451707144013,-0.0039942195704769645
2014-10-30,-0.010152427761203064,-0.021632343693815947
2014-10-31,-0.00441601248482737,-0.02279349106756534
2014-11-03,-0.012658418379086989,-0.0014526395819753901
2014-11-04,-0.023390077093397466,-0.0017117429361119818
2014-11-05,0.001568405413510554,-0.01902513240824799
2014-11-06,-0.0010855358308097252,-0.002710125789287865
2014-11-07,0.0063759467643382806,0.023617972636309048
2014-11-10,-0.01267141891335477,-0.008586692128022655
2014-11-11,-0.008170256916276486,0.0027558346829366087
2014-11-12,-0.0159213600989343,-0.0033596312696433372
2014-11-13,-0.03108271901596904,0.001896510199365764
2014-11-14,-0.0023127378902083606,0.020374963962937365
2014-11-17,0.01999429536723607,-0.0016891895908441867
2014-11-18,-0.010647791616460012,0.011514142798771942
2014-11-19,-0.004726364387547477,-0.002593797781803353
2014-11-20,0.015626353087264455,-0.0024326015461424433
2014-11-21,0.012900157146547464,0.005694721835856953
2014-11-24,-0.008497930435590106,-0.0016715423866902057
2014-11-25,-0.01708792235105161,0.0013374369646053097
2014-11-26,-0.00743214369596501,-0.0004177633099144984
2014-11-28,-0.10286272275921426,-0.018045877242182762
2014-12-01,0.03350231817562754,0.03577186495895468
2014-12-02,-0.02795820868901089,-0.015555542198704586
2014-12-03,-0.008828232627318577,0.007725294072399969
2014-12-04,-0.004012599023821117,-0.0008278146168105849
2014-12-05,-0.008218627453079108,-0.014514789852628773
2014-12-08,-0.0425910476668756,0.0038577502784624684
2014-12-09,0.009772217922351167,0.030337871608031364
2014-12-10,-0.03967561255339547,-0.0021134584034427917
2014-12-11,-0.008755490056145732,-0.0030970267852454825
2014-12-12,-0.029158472160601967,-0.002533592640363125
2014-12-15,-0.012855064370282498,-0.012185272725321994
2014-12-16,-0.01984849717670656,-0.011078308205875409
2014-12-17,-0.0010028644224693295,0.00033500075834158594
2014-12-18,-0.008902364675291707,0.0003347863938758522
2014-12-19,0.0349807830701625,0.0010039934370027481
2014-12-22,-0.02090783938829066,-0.01363893293205809
2014-12-23,0.02594559375540495,-0.0015269147659973115
2014-12-24,-0.023785209605753366,-0.003742476400430128
2014-12-26,-0.013200975384545899,0.01840650444295644
2014-12-29,-0.02676371575284353,-0.01144320240930341
2014-12-30,0.00034549071540102005,0.01553413054735664
2014-12-31,-0.009893332073495742,-0.013674074832771055
2015-01-02,-0.016000405739299062,0.0017722065183543023
2015-01-05,-0.06045842719332617,0.014980006662454137
2015-01-06,-0.038580778577508745,0.012710656392123099
2015-01-07,0.0009780548800755184,-0.007160879321572722
2015-01-08,-0.003721528930789475,-0.0018188935745326873
2015-01-09,-0.016820392146432273,0.006269592809969637
2015-01-12,-0.05496565482814253,0.013640062420647858
2015-01-13,-0.017869017219898975,0.0012972013624876766
2015-01-14,0.044087712885996666,8.099451778331712e-05
2015-01-15,-0.021171411184138123,0.024249859450433675
2015-01-16,0.00041947270824227445,0.009600383272962532
2015-01-20,0.006270987331570943,0.013457421344313936
2015-01-21,0.021439639920577847,-0.00038641371389047663
2015-01-22,-0.010456237255691114,0.00539625134896049
2015-01-23,0.005549299082011849,-0.006246868588578813
2015-01-26,-0.012996594760184443,-0.010264437842764984
2015-01-27,0.029462005134981428,0.009567905338057514
2015-01-28,-0.023045727925194992,-0.004500261174159803
2015-01-29,0.013524792879148873,-0.02464210405936118
2015-01-30,0.07563338025868349,0.018870738528236508
2015-02-02,0.03267412051677887,-0.0018006415575539947
2015-02-03,0.05611270990617356,-0.013013315577139473
2015-02-04,-0.06694745281611825,0.0032495353787656
2015-02-05,0.04353617817374156,-0.0014253298741548903
2015-02-06,0.02150995851827986,-0.02251785941057527
2015-02-09,0.009299204576382003,0.005576467523876971
2015-02-10,-0.03328702966597863,-0.007442254987159558
2015-02-11,-0.031868759680750536,-0.010283266746029085
2015-02-12,0.04279588522657285,0.0009019520901309974
2015-02-13,0.005941998550203387,0.005231782127141926
2015-02-17,0.08577636057221127,-0.015115727381670219
2015-02-18,-0.032507332320642846,-0.0069773724962711725
2015-02-19,-0.005300653465897476,0.006149283661093463
2015-02-20,0.00016610705352704258,-0.0022392306033918175
2015-02-23,-0.02216342676051042,-0.0034099716670716873
2015-02-24,-0.004083055615724085,-0.0028366649341622363
2015-02-25,0.049390721357164935,0.003419641802913098
2015-02-26,-0.02597124648432203,0.0071351631617018185
2015-02-27,0.04126823167923632,0.002477088262295979
2015-03-02,-0.049797396535851135,-0.004049110653326693
2015-03-03,0.024553315826079114,-0.0030683369818884643
2015-03-04,-0.007732229391441692,-0.002827935385908198
2015-03-05,-0.0011567330965114309,-0.003922351093294196
2015-03-06,-0.012478325222100572,-0.026950825107847187
2015-03-09,-0.020294976633228323,0.00197386790380083
2015-03-10,-0.03724759545176948,-0.005415915948947969
2015-03-11,0.020188547039212246,-0.00813577684056721
2015-03-12,-0.008026549347168732,0.0012159324570824026
2015-03-13,-0.043138745273331836,0.00043389596775078587
2015-03-16,-0.02275557588346766,0.0006072017488047976
2015-03-17,-0.00018711184920583435,-0.004344810265399346
2015-03-18,0.04537086062801032,0.0026959841412743657
2015-03-19,-0.026827774256517944,0.015255586684474132
2015-03-20,0.01621902322713753,0.013339824035723424
2015-03-23,0.010787563901368813,0.0026971957568777682
2015-03-24,-0.014590866211077191,0.0031095972006651706
2015-03-25,0.024555386109811117,0.004688244381404694
2015-03-26,0.04686600042112499,0.00649346826973396
2015-03-27,-0.04810614045432615,-0.004407613858515624
2015-03-30,-0.0021295293064937937,-0.012580891750165968
2015-03-31,-0.02118571677011616,-0.001435933541767298
2015-04-01,0.035472890968746285,0.02091076569292838
2015-04-02,-0.03838039520516201,-0.00597756132043159
2015-04-06,0.05608612559044612,0.014631342783434143
2015-04-07,0.01672107826913294,-0.006586554489200758
2015-04-08,-0.0619473962421031,-0.006214545543826944
2015-04-09,0.018195301609051917,-0.007927608751493231
2015-04-10,0.022720293168190686,0.009173611346904309
2015-04-13,0.0010362932479441866,-0.004409447390731458
2015-04-14,0.00859407141273305,-0.005434568565282127
2015-04-15,0.031834256851145604,0.007267250790277124
2015-04-16,0.0013254115632443941,-0.0029172765011287183
2015-04-17,0.049263075980993776,0.0040818286206354415
2015-04-20,0.0,-0.007845161517145094
2015-04-21,-0.021828300814614288,0.007845161517145094
2015-04-22,0.010415889441243387,-0.013390441663966968
2015-04-23,0.03323709242180595,0.006299101033357957
2015-04-24,0.006608804723261308,-0.016205683354533207
2015-04-27,-0.0069172045255099235,0.02362951871174168
2015-04-28,-0.0029350826603256053,0.008852869596814195
2015-04-29,0.018394095976947966,-0.003465595586137127
2015-04-30,0.014176115488568897,-0.02290880519148164
2015-05-01,-0.004803367085203014,-0.006703766742857553
2015-05-04,-0.0001505099172058877,0.010418125460372352
2015-05-05,0.01597406133645496,0.005378082159257502
2015-05-06,0.00369576904372515,-0.002433315523068025
2015-05-07,-0.03345891237415355,-0.006659125353704276
2015-05-08,-0.0022913250004892305,0.005650406070160763
2015-05-11,-0.007367580775527571,-0.004974106783250498
2015-05-12,0.029599138657115276,0.007913186088978286
2015-05-13,-0.0007481567258942334,0.02140276540104402
2015-05-14,-0.003298372267213523,0.005728798596138063
2015-05-15,-0.0003003400993168981,8.158275327208031e-05
2015-05-18,-0.004516765583597149,0.0018750657940209692
2015-05-19,-0.03454177333871655,-0.017168880909600226
2015-05-20,0.015653201003662076,0.001655766550627824
2015-05-21,0.022954601239706385,-0.003729337524911891
2015-05-22,-0.017739804708805096,-8.301206705230157e-05
2015-05-26,-0.02556497544143088,-0.014300973526948368
2015-05-27,-0.026396823050472307,-0.0010955517266060255
2015-05-28,0.008344086351484314,0.001853371357715794
2015-05-29,0.046519949136204275,0.0010936268834482732
2015-06-01,-0.01042634916246854,-0.000925243412143395
2015-06-02,0.009358059136881813,0.004868987707044248
2015-06-03,-0.026144248218330723,-0.007903206348653491
2015-06-04,-0.028135059086657144,-0.008306478391888028
2015-06-05,0.020425196941780577,-0.006061379691723268
2015-06-08,-0.009841392867754095,0.004613337822188868
2015-06-09,0.03433744409407957,0.003488706075129855
2015-06-10,0.012559511566778703,0.007446870892936275
2015-06-11,-0.0090207224177421,-0.0052408836542428006
2015-06-12,-0.01922840577270346,-0.0009326965120806108
2015-06-15,-0.01992473134454098,0.005498934994764504
2015-06-16,0.00031939408600578645,-0.004057870754626158
2015-06-17,0.019605337258535194,-0.003479129092530009
2015-06-18,0.006087636081033132,0.021111827743485634
2015-06-19,-0.019485243338348113,0.0
2015-06-22,0.005064899926609634,-0.014925691467098545
2015-06-23,0.017372638514892458,-0.0063562231970246685
2015-06-24,-0.015007242415345345,-0.0030653768027377737
2015-06-25,-0.0045781263944304484,-0.0009385057618116477
2015-06-26,0.000948878120033747,0.0011943563947358626
2015-06-29,-0.019957556050565373,0.0047631080335994724
2015-06-30,0.025160592384767533,-0.005957464428335335
2015-07-01,-0.025160592384767533,-0.0021362964757827285
2015-07-02,0.0009671402148150321,-0.005145808953403552
2015-07-06,-0.09331440705091776,0.008476461823922143
2015-07-07,0.005467824898102158,-0.01763258994680683
2015-07-08,0.003511869578805893,0.009414090400743369
2015-07-09,0.026977277967203506,-0.0037032714567715175
2015-07-10,0.002045320837936515,-0.0011223283049073274
2015-07-13,-0.015097234476839638,-0.002161789164397021
2015-07-14,0.011344223850095148,-0.0016460063008070236
2015-07-15,-0.02526958817839553,-0.00530329228715587
2015-07-16,0.008030753605098973,-0.0029680531118785325
2015-07-17,0.00017390483111867638,-0.010546766320175038
2015-07-20,-0.015240706961918704,-0.02242675870016253
2015-07-21,0.00686077774744831,-0.002986226185726082
2015-07-22,-0.016082344173240948,-0.0109350458429196
2015-07-23,-0.015440173855930439,0.0023794058603039403
2015-07-24,-0.011830177637316197,-0.007707896950271298
2015-07-27,-0.021279324699849944,0.009990481826287478
2015-07-28,-0.0031844549325845684,-0.00018237063843162815
2015-07-29,0.0014998471282923198,-0.0032892653285676587
2015-07-30,-0.0013122073908840015,-0.003942902550703842
2015-07-31,-0.0208499267081641,0.005954306837122836
2015-08-03,-0.052897392266625154,-0.005035948817229574
2015-08-04,0.00944638138117293,0.001192538806868093
2015-08-05,-0.008033815423498236,-0.00459475190306069
2015-08-06,-0.001412565957674694,0.004136225578012187
2015-08-07,-0.018547354006902328,0.0035709643265038338
2015-08-10,0.03636028145414816,0.009188961461124023
2015-08-11,-0.024702522074274036,0.0030744436249161566
2015-08-12,0.009712734014040159,0.013986220544715877
2015-08-13,-0.008899707243501975,-0.0066997439646439005
2015-08-14,-0.003867738997790582,-0.0025127239178521776
2015-08-17,0.0,0.005108638645219266
2015-08-18,-0.004497092731576391,-0.0013418618399914095
2015-08-19,-0.03438916560086591,0.009798760247176297
2015-08-20,-0.011516461737117734,0.021832461299938544
2015-08-21,-0.025196812411304226,0.005707855724575772
2015-08-24,-0.06286812968425748,-0.005360973645283984
2015-08-25,0.012107260155028943,-0.01326609907875298
2015-08-26,-0.0016213019431319253,-0.012020629120604198
2015-08-27,0.0975414738846454,-0.0019581236090830956
2015-08-28,0.05103038982018715,0.009487946300354544
2015-08-31,0.07873551110805765,-0.0013246789876699694
2015-09-01,-0.08857391715513518,0.006254679083375514
2015-09-02,0.018789251810707785,-0.00545963957878115
2015-09-03,0.003558025193245662,-0.007800809896323813
2015-09-04,-0.021338922858607834,-0.0027625341162806905
2015-09-08,-0.001815800995595307,-0.00017844816814349684
2015-09-09,-0.03996409426184089,-0.01637764802791075
2015-09-10,0.027160320747858346,0.006601325224117716
2015-09-11,-0.015459444430126368,-0.005422516675857025
2015-09-14,-0.037460744307496796,0.0037988027454547435
2015-09-15,0.005591458357659285,-0.004433305016104505
2015-09-16,-0.0004290102468980095,0.014761656297426207
2015-09-17,0.051636533670750495,-0.0016989964683835623
2015-09-18,-0.03335369887178219,0.01844507958106245
2015-09-21,0.030088315110917918,-0.004402965995981667
2015-09-22,0.003265383760864271,-0.007174182201744372
2015-09-23,-0.027472590223523774,0.005849503214074403
2015-09-24,0.008757315703043833,0.01942834628959389
2015-09-25,0.008887116879979562,-0.0067832668675036345
2015-09-28,-0.026267892200690923,-0.01229163851155679
2015-09-29,0.01862561728054457,-0.004338039176050579
2015-09-30,0.0028985401630916563,-0.010345205714490824
2015-10-01,-0.014158061238780384,-0.001166120109355795
2015-10-02,0.009184001993387092,0.020344525396983393
2015-10-05,0.023003662110783196,0.0008790436760319764
2015-10-06,0.0527946695108894,0.007615313750683583
2015-10-07,-0.011428624884563199,0.0019165012618254096
2015-10-08,0.03295943843405169,-0.0037494475801524985
2015-10-09,-0.0075685831169356454,0.010082743094216085
2015-10-12,-0.054447177224821175,0.0074099730009873355
2015-10-13,-0.01251275493300108,0.000772321131433884
2015-10-14,-0.0018294577651936095,0.012191571448331828
2015-10-15,-0.008992548615542884,0.006587902904208853
2015-10-16,0.0004105184385556626,-0.003626441948680892
2015-10-19,-0.002465563848082386,-0.008740287853461481
2015-10-20,0.0020550454095267234,0.003997752165893154
2015-10-21,-0.017813243012814617,-0.008867746141183908
2015-10-22,0.00479524230028483,-0.0008568246783458022
2015-10-23,-0.0018736374649530596,-0.002832678595479088
2015-10-26,-0.00942120965540827,0.003175517490032753
2015-10-27,-0.015474596540554941,-0.00017135244509436376
2015-10-28,0.04674328580751563,0.008788764836116236
2015-10-29,-0.005109873231954776,-0.025729617395093385
2015-10-30,0.015453787245510497,-0.004980961312634591
2015-11-02,-0.015658691878209563,-0.005005895536445593
2015-11-03,0.035239727482557104,-0.01920067667017289
2015-11-04,-0.03955315880939514,-0.0069347342721268745
2015-11-05,-0.012427713394728812,-0.0018996573289280505
2015-11-06,-0.011740205847124319,-0.015328811851509805
2015-11-09,-0.004862065386724179,0.0002758435578282814
2015-11-10,0.0052837491045325535,0.0002756553127856165
2015-11-11,-0.034963287864889114,-0.0032215041504368713
2015-11-12,-0.038950065333771544,-0.0036018532070940523
2015-11-13,-0.010265876692499454,0.0
2015-11-16,-0.0006881243179406304,0.0026795140483333313
2015-11-17,-0.000229538407326757,-0.013938156030504523
2015-11-18,0.01299755387587398,9.365862579890916e-05
2015-11-19,0.0009058178985656973,0.008570903001564822
2015-11-20,0.010806038095828807,-0.0014853099349743104
2015-11-23,0.0037993560163975815,-0.008958603455464065
2015-11-24,0.02836907322962512,0.007005773045099417
2015-11-25,0.001083524618548104,-0.003543503093865752
2015-11-27,-0.028783654162166883,-0.013448313986904381
2015-11-30,-0.005588479875640928,0.009048221633438658
2015-12-01,-0.0038181289528274043,-0.001878287468333184
2015-12-02,-0.04487114023994021,-0.009065310104538149
2015-12-03,0.0312778524909727,0.007089211925615402
2015-12-04,-0.019346530426760822,0.02124770023791367
2015-12-07,-0.0542352052722217,-0.007496888732961615
2015-12-08,-0.011606531900376638,-9.288389706618716e-05
2015-12-09,-0.0037326835220601318,0.0012070448032925896
2015-12-10,-0.009519136694260855,-0.004184690258079549
2015-12-11,-0.046364194558072835,0.003534932823407111
2015-12-14,-0.0002637346470573121,-0.011393542545885538
2015-12-15,0.013880086694518567,-0.0016919789508067495
2015-12-16,-0.033318844783404966,0.014106427960112633
2015-12-17,-0.00026888050926565654,-0.02555564718998582
2015-12-18,-0.008101562851058564,0.014549054313300225
2015-12-21,-0.01447526564818613,0.014617897667185353
2015-12-22,-0.006624309810186801,-0.006584134088143401
2015-12-23,0.03403077750574557,-0.005036876826984837
2015-12-24,0.014086579224321216,0.007267270264383008
2015-12-28,-0.03409269884316979,-0.006239207578959238
2015-12-29,0.03145003150928005,0.006517713948165138
2015-12-30,-0.0358287974480489,-0.016280322728812635
2015-12-31,0.022241212933149956,0.00018871273389731158
2016-01-04,-0.0016106730621361365,0.01386172479955139
2016-01-05,-0.021728259987686904,0.0030648260146568518
2016-01-06,-0.06201558485446235,0.012440836582072734
2016-01-07,-0.014122021850383248,0.014366429062977915
2016-01-08,-0.005943576641219472,-0.008977527848297306
2016-01-11,-0.0614632758720135,-0.0011849327360060613
2016-01-12,-0.022112698092210614,-0.009990481826287478
2016-01-13,-0.01798319326323261,0.0017486769311840789
2016-01-14,0.02347682713886634,-0.012584579364649962
2016-01-15,-0.0006447600954673227,0.01625599239180886
2016-01-19,-0.07532419968207638,-0.0014669256944550568
2016-01-20,-0.031075985020490915,0.015657990517612852
2016-01-21,0.047970017887171146,-0.007252320951077529
2016-01-22,0.09546557736977057,-0.0017302053011150065
2016-01-25,-0.05361846743427012,0.008169238859200512
2016-01-26,0.0417395821809583,0.013914673700545777
2016-01-27,0.04006697048963126,-0.005004904333480553
2016-01-28,0.02358673132522071,-0.0004480889181390779
2016-01-29,0.024771841518887783,0.000716889661638298
2016-02-01,-0.0014403877339250748,0.010248273760733895
2016-02-02,-0.058464872352040675,-0.0005320819267531363
2016-02-03,0.06850374315415575,0.012342569977745299
2016-02-04,-0.01669108766429872,0.014180868884579034
2016-02-05,-0.011675488977654247,0.00017281959106441036
2016-02-08,-0.03525911288106576,0.034048349299905745
2016-02-09,-0.08105705196422885,0.0006675513608165318
2016-02-10,0.01700500293384888,-0.0033425285262591586
2016-02-11,-0.025617187084414628,0.04356709112536539
2016-02-12,0.10416222922801532,-0.00707686815854025
2016-02-16,-0.036012444738819926,-0.025501955096164153
2016-02-17,0.0696141729896782,0.002645682545197481
2016-02-18,-0.006397265917511774,0.012309362957954484
2016-02-19,-0.03775156310192429,0.0035009592673835854
2016-02-22,0.04964092637626072,-0.017132288543675323
2016-02-23,-0.04179531760470123,0.010527318680876085
2016-02-24,0.03369111158554583,0.013328033410348716
2016-02-25,0.025252448255162818,-0.00040373049094011293
2016-02-26,-0.005398576630660568,-0.014971721758396228
2016-02-29,0.0244842046447471,0.011492953798612149
2016-03-01,-0.0002781075004172351,-0.0029218229364778026
2016-03-02,0.026617052984283962,0.008739981710060185
2016-03-03,0.0037837718021220823,0.013048052901100782
2016-03-04,0.043548285004577636,0.009892060054906615
2016-03-07,0.05330570309790161,-0.005290031133051265
2016-03-08,-0.02957101046813948,-0.0008711643665364477
2016-03-09,0.03518693397328043,-0.0043673393804049
2016-03-10,-0.02514926607314827,0.012180823359887682
2016-03-11,0.008453559999175297,-0.010511061395113153
2016-03-14,-0.021522368035698403,-0.011425897862329393
2016-03-15,-0.020187145122868344,-0.011314166048867591
2016-03-16,0.040222952981775695,-0.0008943982001952122
2016-03-17,0.02956118620054493,0.02823184571645765
2016-03-18,-0.008218565614194429,-0.008497808326042744
2016-03-21,0.008218565614194429,-0.008007729856973178
2016-03-22,0.006000257880010018,0.003531225454106668
2016-03-23,-0.03209610931669804,-0.019823458291527984
2016-03-24,-0.0007416288573942609,-0.0018812543119599567
2016-03-28,-0.004212573962815824,-0.0012288536097644354
2016-03-29,-0.02846183985685613,0.012787754117695727
2016-03-30,0.003061199721852592,-0.007065979589434335
2016-03-31,0.008622933632417507,0.005932264628275341
2016-04-01,0.0015140395161110654,-0.009770473814591618
2016-04-04,-0.05094834840168838,-0.003442304239960947
2016-04-05,0.0047644428663558,0.008502360171509515
2016-04-06,0.050712222837497656,-0.004814587092324629
2016-04-07,-0.010344480917193977,0.011144176377580806
2016-04-08,0.061713037100370016,0.005083360244175772
2016-04-11,0.02099884164937338,0.011363719796072758
2016-04-12,0.042510897837126915,0.0021462376732568345
2016-04-13,-0.011477527316564817,-0.01005512838417566
2016-04-14,-0.007725558779203112,-0.017639464077110922
2016-04-15,-0.01702368441384472,0.006590460098726325
2016-04-18,-0.004418066259043396,0.00040539994060484474
2016-04-19,0.025766296595877147,0.015603971877910183
2016-04-20,0.03941288241876029,0.00015956521921189903
2016-04-21,-0.028120982541512074,-0.003357009989702675
2016-04-22,0.012940873030037991,-0.01638657099171681
2016-04-25,-0.014064325299721236,0.00826724869407336
2016-04-26,0.02793358563957682,0.002660052989487127
2016-04-27,0.030996855157404468,0.005619345503985684
2016-04-28,0.0201433392283894,0.012963993663771767
2016-04-29,-0.00020771416893339278,0.018554532081355823
2016-05-02,-0.000623560118653721,0.004257137284213286
2016-05-03,-0.02846788965396474,-0.003094301340337502
2016-05-04,-0.04663209066834728,-0.013572675083322494
2016-05-05,0.008702484947516798,-0.001493319222276135
2016-05-06,0.007966420119682738,0.01676910143887511
2016-05-09,-0.03910605851681925,-0.021341477420802057
2016-05-10,0.04240678825766597,-0.001344100753353672
2016-05-11,0.0446809293066992,0.008430186756369196
2016-05-12,0.010033599129357196,-0.0033792532582230805
2016-05-13,-0.00521323233568971,0.001258733184715588
2016-05-16,0.02355479466703425,0.0011786431028752986
2016-05-17,0.006310403812706422,0.0021963664184188048
2016-05-18,-0.007127582916483188,-0.0019608619136297634
2016-05-19,-0.0024554735035193787,-0.01542813208282734
2016-05-20,-0.0018455895773756836,-0.001436150231157285
2016-05-23,-0.0076234581168472815,-0.0010385851367962218
2016-05-24,0.005363093273177633,-0.017903664652126672
2016-05-25,0.022980188506612542,-0.004403876274423624
2016-05-26,-0.00302026854203552,-0.0027828013113238015
2016-05-27,-0.005459531469556023,-0.00517682794215979
2016-05-31,0.0074740058685827115,0.000823519736724343
2016-06-01,0.0004024237121553753,-0.002390098246246808
2016-06-02,0.006616602205406608,-0.0017342990864133156
2016-06-03,-0.008025755853772853,0.02473690478824775
2016-06-06,0.018165982332864594,0.00362217169757173
2016-06-07,0.017453122858703374,-0.00016066787650093062
2016-06-08,0.02058754245264449,0.012299511303835331
2016-06-09,-0.01072186345378956,0.008221312981124385
2016-06-10,-0.027516612156316178,0.002516177827683208
2016-06-13,-0.0037665312158230435,0.008601194468236706
2016-06-14,-0.01038133981978806,0.0009338142093948676
2016-06-15,-0.01740935839754698,0.0001556142495848789
2016-06-16,-0.037025914004814364,0.007978605910286873
2016-06-17,0.04110166754760014,-0.0027814092101872134
2016-06-20,0.029655616636051096,-0.0019361090268663617
2016-06-21,-0.0005925268043114329,-0.015231694595499334
2016-06-22,-0.01472659179078839,-0.0019696677630474113
2016-06-23,0.02043922269150311,-0.005377246041874173
2016-06-24,-0.05035296411742429,0.045568126625119554
2016-06-27,-0.026160328365977925,0.0018921481520379757
2016-06-28,0.029665888831925002,-0.005459071134537474
2016-06-29,0.04093723602032817,0.006517130786710901
2016-06-30,-0.01854675351783408,-0.004163045711472968
2016-07-01,0.0032154337726995053,0.013784954775413638
2016-07-05,-0.03845056647083345,0.014630295802076532
2016-07-06,0.01736298615517695,0.006247034498574777
2016-07-07,-0.050430805107565924,-0.0035229752607088827
2016-07-08,0.007728608590981789,-0.0025766569730398814
2016-07-11,-0.010966636750077807,-0.001180097201669561
2016-07-12,0.04688361108356487,-0.015544565429065571
2016-07-13,-0.046667454522035356,0.006202186015081601
2016-07-14,0.023711473867348953,-0.008303129784920316
2016-07-15,0.005053741638933573,-0.0036120505371028955
2016-07-18,-0.013746680002302725,0.0014313343033443005
2016-07-19,-0.006408892700866975,0.0023308973728486393
2016-07-20,0.010870795154889201,-0.009583857031749687
2016-07-21,-0.020778243876431457,0.008832542195506221
2016-07-22,-0.01110038908306299,-0.005577361821545779
2016-07-25,-0.0214585693750462,-0.0028761196958368984
2016-07-26,0.0033485400398034493,0.001060532177999285
2016-07-27,-0.03169832310102061,0.004457397609610503
2016-07-28,-0.017872134980194687,0.004287548927691454
2016-07-29,-0.005636503389017111,0.012456768592093326
2016-08-01,-0.00023550398297889075,0.001777532976074525
2016-08-02,-0.015430609451446475,0.009573679254285317
2016-08-03,0.03062664042790786,-0.006101874347359093
2016-08-04,0.027235976899825598,0.0019890781304123806
2016-08-05,-0.0004516815219863801,-0.016622543470038664
2016-08-08,0.024984545937227765,-0.0022473602575390217
2016-08-09,-0.009073866667425268,0.004190977197580992
2016-08-10,-0.020892601291783386,0.003950401091376676
2016-08-11,0.044185268676821376,-0.0013399203995287934
2016-08-12,0.019998522288740883,-0.005003147538015007
2016-08-15,0.028957064312377767,0.0033631060701884152
2016-08-16,0.018036994131362505,0.0075813883174769
2016-08-17,0.01251528132680102,-0.005792418519633635
2016-08-18,0.020647962808754805,0.006310574643693556
2016-08-19,-0.00019648858249787793,-0.008024955279562818
2016-08-22,-0.0343896584307668,-0.002016410277178693
2016-08-23,0.016142385338239418,0.00216557191257305
2016-08-24,-0.018382496475119137,-0.012157711605415678
2016-08-25,0.012560921797808877,-0.003252072314532839
2016-08-26,0.005020595126530303,0.0010599822517303181
2016-08-29,-0.01330932876262425,0.0010588598789471604
2016-08-30,-0.01823259386605791,-0.00850234632726199
2016-08-31,-0.02788144169959539,-0.003666029312142882
2016-09-01,0.00021252676277239146,0.004047141416004152
2016-09-02,-0.004686787520399083,0.0075162823500365405
2016-09-06,0.00914017394768507,0.020438704235930416
2016-09-07,0.015120011627659302,-0.0037865995033081745
2016-09-08,0.04103877113069965,-0.0055947329752399355
2016-09-09,-0.040413731419456145,-0.005024625803116578
2016-09-12,0.006436259728761939,-0.006865083481867096
2016-09-13,-0.025572578685043812,-0.0015151518050107171
2016-09-14,-0.026897803203119963,0.0018935813270291035
2016-09-15,0.016010763681154838,-0.006072124918748756
2016-09-16,-0.01775706443688474,-0.005879412979798104
2016-09-19,0.0039250007384419305,0.005879412979798104
2016-09-20,-0.0015245498635856336,0.00015221618146821214
2016-09-21,0.020494746753687565,0.009997866634651409
2016-09-22,0.017358599827367094,0.010122682135452976
2016-09-23,-0.03763544701642818,-0.0023902560464241773
2016-09-26,0.031319572300130716,0.0018678328051375814
2016-09-27,-0.02957775103407645,-0.010354179302007438
2016-09-28,0.057484605617344364,-0.004914386241190449
2016-09-29,0.011232693413894435,0.0017416435276524922
2016-09-30,-0.003662268581303696,-0.006375659049503213
2016-10-03,0.0008149369010967966,-0.0032796038609319567
2016-10-04,0.035414334114205026,-0.03316418589365622
2016-10-05,0.019274454042018885,-0.0008691271779577292
2016-10-06,0.012455803805325072,-0.012246596274554378
2016-10-07,-0.011106931952156174,-0.0007203941462403662
2016-10-11,0.00920074616974409,0.0032774924785767823
2016-10-12,-0.011514202569658405,-0.00151753108679209
2016-10-13,0.004237244507697913,0.003112427756607694
2016-10-14,-0.001538719609416983,-0.0015151108775768307
2016-10-17,-0.008311641550007742,0.001036928370576895
2016-10-18,0.0031007746981881468,0.005089088772621153
2016-10-19,0.018975133351185836,0.005615528957908289
2016-10-20,-0.02479698626035809,-0.0018157090665287257
2016-10-21,0.007754938278313084,0.00023705220583014608
2016-10-24,-0.006199161686041954,-0.0030855868275567744
2016-10-25,-0.01310528622365581,0.00781410055123466
2016-10-26,-0.016076586591024622,-0.005597819151719641
2016-10-27,0.009756208291009205,0.002447962288740335
2016-10-28,-0.015173022849664708,0.005976250792453008
2016-10-31,-0.028774556826534514,-0.0031409527196926135
2016-11-01,0.0006209788808160255,0.011650332541121244
2016-11-02,-0.03088807763884427,0.01573379968826938
2016-11-03,-0.010943187013583433,-0.0036031111066421317
2016-11-04,-0.016752195101202627,0.0009212200167434403
2016-11-07,0.012427930022461009,-0.019368438629986606
2016-11-08,-0.00238639027316756,-0.003840600616411116
2016-11-09,0.0069264278978709015,-0.0006284751409726397
2016-11-10,-0.011279955901838612,-0.005594731629116723
2016-11-14,-0.031242151918685845,-0.035633359108182106
2016-11-15,0.055168298087808765,0.0022902421952748497
2016-11-16,-0.006839088177903019,-0.0004902963078956546
2016-11-17,-0.00300686192009314,-0.005656004540798953
2016-11-18,0.007927174298333561,-0.006597962080038933
2016-11-21,0.042612981580242515,0.0009097850981474309
2016-11-22,0.004488834408976405,0.0011567583114064917
2016-11-23,-0.0034668775312534095,-0.018249766641106113
2016-11-25,-0.03555835770282867,-0.00920888926738428
2016-11-28,0.020947560353229644,0.010469552569007945
2016-11-29,-0.0393202323559807,-0.0022702983658282605
2016-11-30,0.08451076968184168,-0.014499745325127655
2016-12-01,-0.00019819946959209744,-0.0033366367884370973
2016-12-02,0.07628554536532217,0.007002548829521338
2016-12-05,0.008775185236322702,-0.0009365081756955718
2016-12-06,-0.018554740663056624,-0.005466382317694141
2016-12-07,-0.017395001455752457,0.0063178085079114155
2016-12-08,0.016653007067405134,-0.004435311828759225
2016-12-09,0.008131673646364579,-0.008930184786370532
2016-12-12,0.024723978676123082,0.00353005277921703
2016-12-13,0.0005385978773988498,-0.005861622654292908
2016-12-14,-0.03320866459502092,0.003969028209747982
2016-12-15,0.00222385061404351,-0.029271233629700077
2016-12-16,0.021789722874880457,0.0066281005113921765
2016-12-19,-0.005266532153945569,0.004569786544949217
2016-12-20,0.007799084027452885,-0.007922576650851276
2016-12-21,-0.01621016115221563,-0.0003535971206103383
2016-12-22,0.01077537887505331,-0.0020354241577118515
2016-12-23,0.0019962008491614114,0.0027424934122031175
2016-12-27,0.01671949608183443,0.004759416916297887
2016-12-28,0.0023150409506973446,0.0018447543496460383
2016-12-29,-0.0014240271295733464,0.014809922780900209
2016-12-30,-0.00017811207836260223,-0.005549809897020808
2017-01-03,-0.011828091909729999,0.009002851929303723
2017-01-04,0.01769005053615036,0.0029257608917383493
2017-01-05,0.007587161424090105,0.013569572279167552
2017-01-06,0.003684521905111815,-0.006633743360060507
2017-01-09,-0.038562434268110124,0.009849765856593251
2017-01-10,-0.023946608636117972,0.0005912499106308644
2017-01-11,0.026854641431152793,0.009580731125188535
2017-01-12,0.016380527788504295,0.0027563590874688515
2017-01-13,-0.010048488699041513,-0.0030072493432919956
2017-01-17,0.000360628518260242,0.013874646895224885
2017-01-18,-0.028340923428367137,-0.0005776842959903661
2017-01-19,0.0044411931413437244,-0.008622907336826913
2017-01-20,0.024260228799238615,0.002827229814809762
2017-01-23,-0.004696578961123521,0.008845550963396676
2017-01-24,0.00379505448610562,-0.0038757736862713443
2017-01-25,-0.0065146230068835465,-0.010799240583716951
2017-01-26,0.020841570243121943,-0.006536011761648197
2017-01-27,-0.01288495290355307,-0.0011776788275987826
2017-01-30,-0.005237048818790946,0.004283360803183811
2017-01-31,0.0084738850057553,0.012823912008577132
2017-02-01,-0.000718407274219679,-0.0024852966654380637
2017-02-02,0.01604029251225203,0.00916488760006029
2017-02-03,0.004410344873869931,0.0014783584034638864
2017-02-06,-0.019373219923024543,0.00939357530120244
2017-02-07,-0.012097321509751957,0.003408777957932152
2017-02-08,0.0012707580177435673,0.0027510532075201155
2017-02-09,0.009210035960141916,-0.002022081854818225
2017-02-10,0.019051580901881415,-0.0005668768500655119
2017-02-13,-0.019770892479169966,-0.008134093816161148
2017-02-14,0.006812523002963644,-0.00040844667481820807
2017-02-15,-0.0039384443729941765,0.006352787968514129
2017-02-16,-0.0017953051994670233,0.006716090294516697
2017-02-17,0.0028709842661207574,-0.0019373790671677327
2017-02-21,0.015115402302444458,-8.078508906983473e-05
2017-02-22,-0.014578030522618413,-0.004454350349380576
2017-02-23,0.013165137048937403,0.014664634347995253
2017-02-24,-0.010482464896869104,0.005344891913360961
2017-02-27,-0.0010722190488916539,0.00039772501044499364
2017-02-28,-0.006097582579625893,-0.0038247447646631016
2017-03-01,0.0001798421024128416,-0.002958188183111332
2017-03-02,-0.009396466708668783,-0.013705470631345307
2017-03-03,0.014777700353631573,-0.0052087888179785935
2017-03-06,0.001965808796835944,-0.0008163265759453253
2017-03-07,-0.0016081510730980852,-0.007706239569881035
2017-03-08,-0.05155681925484901,-0.005446436678803401
2017-03-09,-0.017474366584499634,-0.005060341400330515
2017-03-10,-0.015836555655434736,-0.0014149003729180265
2017-03-13,-0.0003894170272880082,0.0014149003729180265
2017-03-14,-0.008409168929535582,-0.000415921471574876
2017-03-15,0.017327469603224177,-0.0014987919775935055
2017-03-16,-0.0013519981346972187,0.02175971840450508
2017-03-17,0.00038640856647775834,0.0026870095249433845
2017-03-20,-0.0027084441661897607,0.003085109794670693
2017-03-21,-0.012868180300279697,0.010081950338284962
2017-03-22,-0.006299227515135453,0.0025647791657270602
2017-03-23,-0.0015809887829529856,-0.001922942939821759
2017-03-24,0.004735562565731044,0.0010419837987623026
2017-03-27,-0.0009847216440461715,0.005751791949558438
2017-03-28,0.011363794322527099,-7.96396089333129e-05
2017-03-29,0.02101275072037634,-0.0015147484528919009
2017-03-30,0.01024873137680471,-0.006724348370036104
2017-03-31,-0.0024576485060077147,0.0018457243799128165
2017-04-03,0.0054742392249900185,0.0028021313424808625
2017-04-04,0.019573730807213252,0.0033521869446824226
2017-04-05,0.003501384643096017,-0.00767878952414236
2017-04-06,0.009702570931361176,0.003926778512338913
2017-04-07,0.006356187483822495,0.003194125405133086
2017-04-10,0.013307116983955147,-0.0025545421499373333
2017-04-11,0.004455938253159708,0.015938153002180933
2017-04-12,-0.006601842719713424,0.003220185508955531
2017-04-13,0.0005368909175391678,0.008277397941952813
2017-04-17,-0.009528140026469956,0.0027181315485904634
2017-04-18,-0.008526150892293138,0.0017821296255693397
2017-04-19,-0.03636087980671299,-0.00800589317895728
2017-04-20,0.0011329565442865785,0.0003901221057365234
2017-04-21,-0.01962907399728131,0.0042813282190623525
2017-04-24,-0.006952531266330109,-0.009051228501958164
2017-04-25,0.009643276555598046,-0.008027172357524037
2017-04-26,-0.0053887502270044685,-0.002769317802299831
2017-04-27,-0.007360116012398166,0.0012669062050330027
2017-04-28,0.005621821933913473,0.0018974031177032558
2017-05-01,-0.004067784485066284,-0.010161178666199255
2017-05-02,-0.0207891656119763,0.0014351196373922903
2017-05-03,0.006518577769607514,-0.0069558155103681685
2017-05-04,-0.04861297557939315,-0.01609483100560194
2017-05-05,0.014772476464010253,-0.001386979488867901
2017-05-08,0.004876110470279915,0.0004081465956584651
2017-05-09,-0.012440266732253846,-0.009017932534638007
2017-05-10,0.030118530575013125,0.0024675122566781837
2017-05-11,0.010892259939173421,0.0044261566880958725
2017-05-12,0.0013778113468654318,0.002858428292429771
2017-05-15,0.01909271992222461,0.001955373350477352
2017-05-16,-0.0032859441364965214,0.005195680203700093
2017-05-17,0.01078380477866503,0.018054652911816405
2017-05-18,0.005729565798077818,-0.0046230346493647545
2017-05-19,0.02073203353941855,0.0007985945473087952
2017-05-22,0.0048380876403189,0.006365900634421884
2017-05-23,0.0051842847609444576,-0.004690847276664023
2017-05-24,-0.0035149872529647297,-0.0019145062835237425
2017-05-25,-0.047438225310227455,0.002711128616023295
2017-05-26,0.013319421643654294,0.009352470994601347
2017-05-30,-0.0059621557187452545,-0.00434834863611222
2017-05-31,-0.02995816318765021,0.007813483979482783
2017-06-01,0.00039746536943896515,-0.003938563578929077
2017-06-02,-0.007578836800621769,0.007705084616984159
2017-06-05,-0.009656070453384569,0.001956105552711307
2017-06-06,0.013053658801468249,0.011734194674689391
2017-06-07,-0.041969849833875195,-0.003327570358595544
2017-06-08,-0.004170163649753533,-0.010754410560722683
2017-06-09,0.006041074701165883,-0.006130205206869022
2017-06-12,0.0029033489101468746,-0.0018938097960150557
2017-06-13,0.008865129612730893,-0.00023691832720373895
2017-06-14,-0.03594204674706569,0.005514864470222314
2017-06-15,-0.0017036169498205744,-0.016317271069000938
2017-06-16,0.009545109627074666,0.0014364768755275037
2017-06-19,-0.009758225299725254,-0.007845728356542736
2017-06-20,-0.01915477453330805,-0.0025752076317164807
2017-06-21,-0.026421632990417887,0.0019320762655521406
2017-06-22,0.008885032280723681,0.0033721036946667837
2017-06-23,0.007051586894814665,0.0068695659857471725
2017-06-26,0.00634785773482216,-0.007912051139774334
2017-06-27,0.017734021528217347,8.021469334718034e-05
2017-06-28,0.014048758668117056,0.0012828542252272257
2017-06-29,0.0023223233531495246,-0.003049556093049688
2017-06-30,0.010488873572830126,-0.002817016742802103
2017-07-03,0.036069528171517096,-0.018547612954424864
2017-07-05,-0.038786012020686655,0.0020506097083856645
2017-07-06,0.006673636650579962,0.0014737796623212063
2017-07-07,-0.029531813484172886,-0.011189828782629085
2017-07-10,0.0036329131390115954,0.002891727607337913
2017-07-11,0.01355951663467847,0.0012367565827515747
2017-07-12,0.004618971381720183,0.003701118745908616
2017-07-13,0.0141432576246463,-0.001478743893978951
2017-07-14,0.010068957737666917,0.008432590518839156
2017-07-17,-0.010068957737666917,0.00504195032537158
2017-07-18,0.008636738672914035,0.006710018850760946
2017-07-19,0.017455296086733352,8.055077060920013e-05
2017-07-20,-0.008080882880278306,0.0028962994150303345
2017-07-21,-0.02547380669036503,0.007602773309408839
2017-07-24,0.011173240626928482,-0.0003189732922193045
2017-07-25,0.032391542385918015,-0.0017561253424647205
2017-07-26,0.015222206405713035,-0.0021593571989519944
2017-07-27,0.010150398354574097,0.008450959718898865
2017-07-28,0.01980641149461526,0.006962092067635872
2017-07-31,0.002472209410957049,-0.0014201571050573847
2017-08-01,-0.0003799479010542228,0.004725906807240499
2017-08-02,-0.005143366961957607,-0.0006287743880610819
2017-08-03,-0.006706977185548801,-0.0031501048621089822
2017-08-04,0.007852187451820924,-0.007521510961367994
2017-08-07,-0.0009542750689592872,-7.955307474905027e-05
2017-08-08,-0.004401491096499122,-0.0014315812317580168
2017-08-09,0.010683073225004058,0.013125811461156545
2017-08-10,-0.015296650452139016,0.00837017549645136
2017-08-11,0.003846099899611044,0.0031111483070125345
2017-08-14,-0.02664747691674929,-0.0027217250231359458
2017-08-15,0.001378897010874347,-0.008209906077677687
2017-08-16,-0.010487852755358684,0.0025092722903705678
2017-08-17,0.015005184344011546,0.007412353852867426
2017-08-18,0.0325812421941154,-0.0005443592909450956
2017-08-21,-0.02031112863471174,0.0039589398932564634
2017-08-22,0.004056783057150959,-0.004425701690303541
2017-08-23,0.013405041255074579,0.0029526430372124324
2017-08-24,-0.010132937789158358,-0.001863807630716252
2017-08-25,0.007084738665581014,0.00465297466078507
2017-08-28,-0.009971328285411474,0.013219738670856351
2017-08-29,0.002117636964191316,0.0025926692188278366
2017-08-30,-0.02216694658683327,-0.0038150512418457794
2017-08-31,0.029448087476632967,0.006173075893794788
2017-09-01,-0.0011461581551546196,0.006286269787906917
2017-09-05,0.02005746266995745,0.011037354562419388
2017-09-06,0.01524475853594387,-0.003965383824777291
2017-09-07,0.0053363068762406485,0.008361341114399679
2017-09-08,-0.013115601255583531,0.0006688896405071532
2017-09-11,0.0011150600279403733,-0.011206691809561242
2017-09-12,0.007954908339672606,-0.002256488358733044
2017-09-13,0.016266453648579038,-0.003469850010435316
2017-09-14,0.005604305914865826,0.0009817808045111676
2017-09-15,0.002700473528332026,-0.0032512423615180808
2017-09-18,-0.002520242406357731,-0.010735988597468271
2017-09-19,-0.00614719266913788,-7.662978472566806e-05
2017-09-20,0.02064152121388574,0.004430569417291252
2017-09-21,0.0024840216486792244,-0.016445482919126064
2017-09-22,0.0075911795680507765,0.0020899215909677693
2017-09-25,0.037284260313729334,0.010384308915688756
2017-09-26,-0.009875813887533447,-0.007527532775120527
2017-09-27,-0.009283152450692889,-0.010541079977072876
2017-09-28,-0.008498909410961097,0.001634922366573477
2017-09-29,0.0022618725128644712,-0.003116480901819152
2017-10-02,-0.024988137832989032,-0.006890677171901949
2017-10-03,-0.0021405454664087387,-0.0009432837700495966
2017-10-04,-0.003577835020634801,0.0017287063978832506
2017-10-05,0.02127741212003542,-0.0029878358398844895
2017-10-06,-0.02450843823252935,0.0013377544169914657
2017-10-09,0.003051828665657119,0.007989447326365529
2017-10-10,0.014591000562582224,0.006841829421378343
2017-10-11,0.00581239890141827,-0.0037260769024234364
2017-10-12,-0.012192016647149195,0.005815998493391206
2017-10-13,0.016223212163106737,0.006320316258744185
2017-10-16,0.011305478062532792,-0.00123008823915427
2017-10-17,0.0010371889070741602,-0.013086271579829223
2017-10-18,0.004653984987823989,-0.002419116678914257
2017-10-19,-0.01594767678272202,0.005454275534116704
2017-10-20,0.009045120979558341,-0.007409463231041968
2017-10-23,-0.006601849406133731,0.00023476714183878755
2017-10-24,0.016595072161078583,-0.0021153697891094225
2017-10-25,0.001883991226488746,0.00031369543092374386
2017-10-26,0.014608729754584715,-0.0071605730072059615
2017-10-27,0.01904182154505829,0.0017357990230921772
2017-10-30,0.00758208508835434,0.004404927786188395
2017-10-31,0.0076878992251536715,-0.005588126504386004
2017-11-01,-0.0013043865612178962,0.005588126504386004
2017-11-02,-0.01099185842546202,0.0006277354683383862
2017-11-03,0.023637921499114256,-0.0066105728521330676
2017-11-06,0.034830131642536344,0.010134046656737894
2017-11-07,-0.009065364330298031,-0.00446522483841072
2017-11-08,-0.0031451032020912706,0.006183266004363475
2017-11-09,0.006906299933159055,0.0031162381684790574
2017-11-10,-0.0064339154067409865,-0.010320616370499636
2017-11-13,-0.005683637173940603,0.003843613213939001
2017-11-14,-0.015155443161341431,0.0032827535277863973
2017-11-15,-0.005480351531171657,-0.003909309122587246
2017-11-16,-0.008277225272973254,0.0007048235582587381
2017-11-17,0.021922228498833185,0.014301521457896982
2017-11-20,-0.008003884416258877,-0.016495917971793617
2017-11-21,0.005609414044287497,0.00508668007937807
2017-11-22,0.011915305060309578,0.008162676176656447
2017-11-24,0.008491966651054561,-0.003800977739327749
2017-11-27,-0.00031324131257193244,0.005502899107364456
2017-11-28,-0.0036092552457880345,0.000695308000776329
2017-11-29,-0.007891455018544491,-0.009779630834338526
2017-11-30,0.0072624108803100995,-0.0069659614591834895
2017-12-01,-0.0012592165286227086,0.004388798311229181
2017-12-04,-0.01651619083067768,-0.003525129832616436
2017-12-05,0.006543792290726991,-0.01001630923867669
2017-12-06,-0.026436087622238702,0.0009507790532286009
2017-12-07,0.015881058554161775,-0.010347938786658517
2017-12-08,0.019108873499629198,-0.003687457209357703
2017-12-11,0.02014278228531019,-0.0012053519550523362
2017-12-12,-0.021089624276458885,-0.004189798469907302
2017-12-13,-0.014310969866061285,0.005555813112327002
2017-12-14,0.013837242594108012,0.006722195742235648
2017-12-15,-0.0012644514167066134,0.0003987081752363508
2017-12-18,0.002842710474708632,0.006278504505989879
2017-12-19,0.006131603086874549,-0.0011891079589432252
2017-12-20,0.011841807753165234,0.004274206737060915
2017-12-21,0.005252661075664911,0.0009474013739518838
2017-12-22,0.005378398981527255,0.006371182406176956
2017-12-26,0.02676498601782562,0.006798190801191595
2017-12-27,-0.008691710729505253,0.0022558637714853447
2017-12-28,0.004205454855277679,0.005501525365827931
2017-12-29,-0.001800221711152794,0.009383296909513561
2018-01-02,-0.000450533606920267,0.0056487954355946
2018-01-03,0.01889791647375283,0.0019012136171543403
2018-01-04,0.0033846454745152244,0.0024283463684655615
2018-01-05,-0.0066327450789618325,0.0006819141750700197
2018-01-08,0.0023633102714875065,-0.0012884713036926954
2018-01-09,0.015227247765807306,-0.005246580568031511
2018-01-10,0.005506422588147153,0.004336147142567803
2018-01-11,0.000866751294839041,0.0024260445347756843
2018-01-12,0.008768842056333881,0.009645929220218896
2018-01-16,-0.0103583316972653,0.00149880121238688
2018-01-17,0.003320521777101071,0.0019450709821953183
2018-01-18,-0.0010094412486365556,-0.0090090699423655
2018-01-19,-0.010150855106692447,0.004439620791428567
2018-01-22,0.006102869432966784,-0.0007510891007012077
2018-01-23,0.013382462032238251,0.0036000389903172447
2018-01-24,0.008114496848554253,0.015009996047209206
2018-01-25,-0.001560846187521392,0.004782409794310105
2018-01-26,0.0014190222020999954,-0.007958810491319745
2018-01-29,-0.01514527579180669,
2018-01-30,-0.006354765102544846,-0.012058167071073989
2018-01-31,0.0004346550189060494,0.002692175985194112
2018-02-01,0.0004343557331214498,0.003950401091376676
2018-02-02,-0.007264306050452696,-0.00791646976522653
2018-02-05,-0.014097135836682817,-0.0005249568386131997
2018-02-06,-0.011302947776881567,-0.005189755905579574
2018-02-07,-0.020398054767740703,-0.010994537916590552
2018-02-08,-0.010742960583597139,0.004032760898676102
2018-02-09,-0.03166403506261428,-0.002889772982946681
2018-02-12,-0.003190316332294607,0.008417731344798618
2018-02-13,0.002074872130387817,0.0029408644064385925
2018-02-14,0.025811936102687838,0.02042105891521473
2018-02-15,-0.0004662177212084728,-0.0025114686304110734
2018-02-16,0.007896526501930623,0.0008132005147931665
2018-02-20,0.0063034058144992855,-0.01819580577798785
2018-02-21,0.0026019479182162186,0.0009026261706850391
2018-02-22,0.01471843941662243,0.00045100774382689224
2018-02-23,0.013762344213901656,-0.0018053446156436337
2018-02-26,0.002818820126941013,0.001880477512149703
2018-02-27,-0.012972712525441743,-0.011488261375784958
2018-02-28,-0.012839063149491459,0.0
2018-03-01,-0.0010647152266214377,-0.0096242535332145
2018-03-02,-0.02060337824373981,0.013872136457073303
2018-03-05,0.0180129285064643,-0.0022734172079488246
2018-03-06,0.0038072077741562182,0.011690746933441076
2018-03-07,-0.022286400121013017,-0.005715142383890814
2018-03-08,-0.011410764606870849,-0.004610897113995982
2018-03-09,0.029126726324849805,0.0018922913369374683
2018-03-12,-0.008279730480432512,-0.0022711796760663816
2018-03-13,-0.0047842913598241665,0.004914386241190449
2018-03-14,0.003860114456615271,-0.0011319474267272867
2018-03-15,0.003538244644391675,-0.00575495710344498
2018-03-16,0.016599731237598725,-0.004185539229897728
2018-03-19,-0.002419417937040258,0.004185539229897728
2018-03-20,0.020529605474904677,-0.004338127119398294
2018-03-21,0.029953339629458675,0.0072954011940575825
2018-03-22,-0.00809366376396703,0.004457397609610503
2018-03-23,0.022101836514139883,0.016966715936515442
2018-03-26,-0.00469509580385008,0.0037725942201793927
2018-03-27,-0.00014265329826734785,-0.009719240533039297
2018-03-28,-0.008307149370073041,-0.012830862694559464
2018-03-29,0.010586620877743869,-0.0010577275967262878
2018-04-02,-0.03814540242532516,0.014484794192477501
2018-04-03,0.007071381107397023,-0.0069535041644925855
2018-04-04,-0.001469165887353796,0.0022483707966793887
2018-04-05,0.00454720536302311,-0.00864634504119266
2018-04-06,-0.018015862324975096,0.005722457733424058
2018-04-09,0.02268808117597132,0.0032981247895707
2018-04-10,0.034221957130493585,0.004256401204820293
2018-04-11,0.01425595986835404,0.010746814567358598
2018-04-12,-0.0005552598301612477,-0.013432964185141394
2018-04-13,0.007745615403414341,0.004770450489398392
2018-04-16,-0.016111510484552838,0.0020056843799087787
2018-04-17,0.0022378143899546288,-0.00022269553924481045
2018-04-18,0.026197575113506844,0.0029647221128232815
2018-04-19,0.0040743695914313705,-0.003261605814892654
2018-04-20,0.0037878668968653884,-0.007527591093269059
2018-04-23,0.008738397213076787,-0.010679968716114097
2018-04-24,-0.011442522045249426,0.006707153771284169
2018-04-25,0.0018936755161247376,-0.007690660944510874
2018-04-26,0.009950302271009903,-0.0037155700328845853
2018-04-27,-0.001338847113363073,0.0030342129414098196
2018-04-30,0.007075642468711507,-0.0031102605435355812
2018-05-01,0.0,-0.009465644983154498
2018-05-02,-0.024373354562368554,-0.0009208665713247299
2018-05-03,0.0035379289902675026,0.006199060002289869
2018-05-04,0.016836547668845903,0.001524739240619688
2018-05-07,0.01721434741836969,-0.00038096691275768535
2018-05-08,-0.017481569865829272,-0.00015239019585600033
2018-05-09,0.03104287998328381,-0.0005336417302306273
2018-05-10,0.003361809937820759,0.007218601800712321
2018-05-11,-0.00452809448423519,-0.0013637768572012376
2018-05-14,0.014290562691382291,-0.0018971737809501121
2018-05-15,0.002553262507569265,-0.021187539583849002
2018-05-16,0.010779363508732764,0.0010080469002327064
2018-05-17,0.00025229250013936166,-0.0015513500441075578
2018-05-18,-0.010012134704682651,0.0015513500441075578
2018-05-21,0.009002775182973544,0.0
2018-05-22,0.004408325951333225,0.001161935183777274
2018-05-23,0.0028864091442102335,-0.0018596691479242367
2018-05-24,-0.012737445820902416,0.011106864926633264
2018-05-25,-0.030279945566509703,-0.0003067912135685802
2018-05-29,-0.013831519183240992,-0.003535820483316243
2018-05-30,0.02760330423161328,0.002153718916270364
2018-05-31,0.0011605693483422996,-0.0010762796451002643
2018-06-01,0.0,-0.004084885026490959
2018-06-04,-0.030091169685600327,-0.001313863341481536
2018-06-05,0.001194615380462949,0.0033969186184963363
2018-06-06,-0.00026531303525345606,-0.00030835151545183237
2018-06-07,0.025676012025957817,0.001232741993757891
2018-06-08,-0.01118493409888277,-0.00046208842693662433
2018-06-11,0.0,0.0006161331177771956
2018-06-12,-0.007614607423904296,-0.0029298778307511597
2018-06-13,0.01126994811113402,0.0013889267881950218
2018-06-14,-0.010479470028754712,0.005459643319964513
2018-06-15,-0.03347480739701947,-0.022804078760698232
2018-06-18,0.02554237410034066,0.0012544894477866109
2018-06-19,-0.003456917549767624,-0.00047023717706196067
2018-06-20,-0.004538840631176377,-0.003455339185167716
2018-06-21,-0.022871215502184405,-0.0031515942835920185
2018-06-22,0.03365054913963483,0.00015787362465857768
2018-06-25,-0.010913066249603531,-0.0014212784296390168
2018-06-26,0.02092229644524668,-0.007136657182704731
2018-06-27,0.01702120201746471,-0.0030285563284468964
2018-06-28,0.0029587173540255307,-0.003999045403676682
2018-06-29,0.020218171789859518,0.0028010100848696595
2018-07-02,-0.027308055396845,-0.009232934241235391
2018-07-03,0.005933192551504263,0.00947259763675401
2018-07-05,-0.004769622228613102,0.004543890146389451
2018-07-06,-0.0036245836354646954,-0.0023889164756205616
2018-07-09,0.012372874462992733,0.003024939992369191
2018-07-10,0.010068279965968152,-0.003423648167605542
2018-07-11,-0.07175017978015497,-0.008812040976282631
2018-07-12,0.01420376173030391,0.0017685920911132413
2018-07-13,0.01175076800539987,-0.004346802680328388
2018-07-16,-0.04743711312668175,-0.001210800510808241
2018-07-17,0.004444553486186997,-0.010065857197482764
2018-07-18,0.01020273344151601,0.0004894760752298666
2018-07-19,-0.004399232932723152,-0.0031853862009256773
2018-07-20,0.006728454613628365,0.005791423271754859
2018-07-23,-0.0001368936759611472,-0.0044833985839760615
2018-07-24,0.00518779160510352,-8.168273621933508e-05
2018-07-25,0.00664992414112664,0.006109251967322038
2018-07-26,0.008217202636565446,-0.004966001498039496
2018-07-27,-0.0033595408460653786,-0.0022060331796796007
2018-07-30,0.009111684310115109,-0.001063813468161534
2018-07-31,-0.009650272114716252,0.0019631109320892293
2018-08-01,0.0,-0.004750931950486148
2018-08-02,-0.010832916611702714,-0.006011999848420935
2018-08-03,-0.0032728499180505466,0.002969299191421193
2018-08-06,0.007348984066873676,-0.004622738754922473
2018-08-07,0.012129549205710966,0.0008270615145109517
2018-08-08,-0.03226309559014506,0.002477088262295979
2018-08-09,-0.0029095841335813333,-0.0005773983842614072
2018-08-10,0.010215410173510797,-0.0006603787513004278
2018-08-13,-0.0027506130773806703,-0.01648382857584263
2018-08-14,-0.0020679889660470963,0.0014259543053389834
2018-08-15,-0.023740773350609423,-0.013077596207343056
2018-08-16,0.009424053957869383,-0.001104685378172654
2018-08-17,0.005584288138956062,0.0002550676550168163
2018-08-20,0.005276286206199465,0.00871672139192281
2018-08-21,0.005799494017582063,0.004875126658373752
2018-08-22,0.029172431423047485,0.0030977237750970943
2018-08-23,-0.0006687903620150593,-0.0078043853831424315
2018-08-24,0.014480443200158177,0.016128748439265372
2018-08-27,0.005130569601623058,0.002235707565859002
2018-08-28,-0.003417486804170089,-0.0013242640321067256
2018-08-29,0.015546756007186247,-0.0024047645277596175
2018-08-30,0.008133764674135513,-0.005661532869709163
2018-08-31,-0.004510588043384445,0.0021685560260156223
2018-09-04,0.009640797309655724,-0.006351962565760871
2018-09-05,-0.011580180306943078,0.0018429166421238818
2018-09-06,-0.010014997668798209,0.002507523830407976
2018-09-07,0.004304471879601479,-0.003596114122648153
2018-09-10,0.007003931348586789,-0.0005027868974396554
2018-09-11,0.021607882927437316,0.0020097347155791923
2018-09-12,0.008564288175144874,0.007749654927954985
2018-09-13,-0.019757450894950068,-0.0022436966462970886
2018-09-14,-0.0011519034897373714,-0.005840650729542318
2018-09-17,-0.0005122747170966946,0.003925299454992093
2018-09-18,0.0124778257093352,-0.0024201158014891533
2018-09-19,0.004670875699896548,0.004501801970304697
2018-09-20,-0.008855270824451367,0.0033217105465146446
2018-09-21,0.001269918945467019,-0.00832505674484274
2018-09-24,0.0300021739926839,0.0025882691604381947
2018-09-25,0.008217447352037333,0.0005834628245633411
2018-09-26,-0.006494801479611567,-0.005012541823544048
2018-09-27,0.004660929430217564,-0.009847279784212404
2018-09-28,0.012162640630117849,0.007751282370461965
2018-10-01,0.02695454867212721,-0.0036996800454476286
2018-10-02,-0.002120395403728992,0.012806242249857824
2018-10-03,0.017418148344538587,-0.0034156533069067407
2018-10-04,-0.02001587343697242,-0.0009184702430271585
2018-10-05,-0.004978061190077376,0.0033355602664464357
2018-10-08,-0.002974952977777612,-0.014084678619262547
2018-10-09,0.01290641696503858,0.0023612144438462934
2018-10-10,-0.022726942887436152,0.0017673875050832066
2018-10-11,-0.034652922147732745,0.028350664093339084
2018-10-12,0.002115853255133082,-0.004423356219553476
2018-10-15,0.004342150313533466,0.006790820801527708
2018-10-16,0.007768765545603351,0.0007336059237568193
2018-10-17,-0.016846683003548968,-0.0029376582988742683
2018-10-18,-0.00953944873499335,0.0022855686089613414
2018-10-19,0.0061608023455184124,-0.000978832893209436
2018-10-22,0.0006265654182380231,-0.0033518099283380565
2018-10-23,-0.0433932452837027,0.009940661474511892
2018-10-24,-0.003538490965286023,-0.004550613589319852
2018-10-25,0.009408160760462358,0.0010581845953803182
2018-10-26,0.009449340219632951,0.002762452559275985
2018-10-29,-0.0036139224973688044,-0.006512029524622598
2018-10-30,-0.01866276255691446,-0.0015528787665672894
2018-10-31,-0.0058132337999978745,-0.008460296595855787
2018-11-01,0.0003974137835216496,0.019360936987836475
2018-11-02,-0.03600467288366627,-0.004134730067067771
2018-11-05,0.004657492499961613,-0.0008940347270804949
2018-11-06,-0.014315467433913653,-0.0048907822962700465
2018-11-07,-0.0008321437354465999,0.0019591045806830465
2018-11-08,-0.01989973397365752,-0.0026948093485055225
2018-11-09,-0.006674756224715139,-0.013584368668582592
2018-11-12,-0.0008552752807702291,-0.004236394117413056
2018-11-13,-0.06861605812454297,-0.0017497173022613666
2018-11-14,0.00987927339394723,0.007228707752084063
2018-11-15,0.007533559500947362,0.004048441325541496
2018-11-16,0.0020992567991697797,0.006574645378254473
2018-11-19,0.00044925165280318424,0.0018821780054922854
2018-11-20,-0.06590696038776844,-0.0033577490512390895
2018-11-21,0.01507846638973298,0.005562881404039821
2018-11-23,-0.07658304651763981,-0.00392353677460644
2018-11-26,0.02817088237301313,-0.0006554554094462262
2018-11-27,-0.004474288031646623,-0.007403176331916228
2018-11-28,-0.024377113529896022,0.008386198408280698
2018-11-29,0.012683014711083906,0.0022080983593433245
2018-11-30,-0.013534282969941636,-0.003191120435707795
2018-12-03,0.04951176647835265,0.011165164989324516
2018-12-04,0.006302084409658626,0.0058181587735823825
2018-12-06,-0.0330798199495419,-0.0024201367564939957
2018-12-07,0.026453473891725032,0.007002381348266695
2018-12-10,-0.02795310177657928,-0.0024895396566160244
2018-12-11,0.0038279074525400247,-0.0014482837866971465
2018-12-12,-0.000830897199605829,0.002011021030000393
2018-12-13,0.021382380639074938,-0.0013671131226420385
2018-12-14,-0.019223494919912376,-0.004597299127495624
2018-12-17,-0.011176998036829922,0.008372311271494404
2018-12-18,-0.05783958224331087,0.0014419026574250537
2018-12-19,0.01726921078396515,0.0023188148550019605
2018-12-20,-0.051808398519400445,0.00914264843048418
2018-12-21,-0.009799445863713618,-0.007785791822915833
2018-12-24,-0.06426601508957708,0.010867477681361315
2018-12-26,0.07627098926726328,0.0013402857721249717
2018-12-27,-0.043334199113125305,0.0063617710388754745
2018-12-28,0.0007665948112749454,0.0020334556603831544
2018-12-31,0.0301909434824168,-0.0012508605650429772
2019-01-02,0.02042202552520056,0.0021099145250547124
2019-01-03,0.01876296988211923,0.008395609500155388
2019-01-04,0.019644921458816356,-0.007069439157760371
2019-01-07,0.004720709006304169,0.003191361071129606
2019-01-08,0.023956326235652803,-0.0028016342498524693
2019-01-09,0.04528066139287379,0.004742553228195057
2019-01-10,0.0038986677151262583,-0.0035742832584517714
2019-01-11,-0.019647009900367607,0.0018664166569104523
2019-01-14,-0.024944757834037823,0.0015526748231557974
2019-01-15,0.02758676480055655,-0.0022521847725425204
2019-01-16,0.011151317757887469,0.004189644244261714
2019-01-17,-0.0022857053159199836,-0.0004646291352923271
2019-01-18,0.024541116096048476,-0.0075418862228433525
2019-01-22,-0.019324284994495677,0.0009360724211253668
2019-01-23,-0.005870868332635837,0.000467707828643249
2019-01-24,-0.000818117320405598,-0.003122319355127523
2019-01-25,0.008962811390609282,0.01420559407819777
2019-01-28,-0.02813378098774244,0.003846454397078425
2019-01-29,0.022928829464541778,0.004443374208731754
2019-01-30,0.005367205334184888,0.0012987078392665552
2019-01-31,0.0038853515283685525,0.0074535839816558536
2019-02-01,-0.00032321361035947405,-0.0021238927681554998
2019-02-04,0.010291124813514685,-0.0019762666158227304
2019-02-05,-0.0085147721186134,-7.616332988291674e-05
2019-02-06,0.011390178405879858,-0.0035826933617428836
2019-02-07,-0.017053141074570455,-7.634929554711789e-05
2019-02-08,0.007597182062869301,0.003278510654843636
2019-02-11,-0.009546228435542758,-0.0051131116828413425
2019-02-12,0.014685971575638668,0.0016817917066491717
2019-02-13,0.018884992777716825,0.0012214487444177635
2019-02-14,0.014979201626171168,-0.0007631840122668265
2019-02-15,0.02568556295423363,0.006316796133235769
2019-02-19,0.003014274367296288,0.01655293261183477
2019-02-20,0.009436225017961597,0.002385089610256408
2019-02-21,-0.00014911869005196365,-0.014849566751192533
2019-02-22,0.0007452575178836796,0.0042974780783104904
2019-02-25,-0.03579394128310476,-0.002485728211593319
2019-02-26,0.00692465556911781,-0.0006035826876003014
2019-02-27,0.017933616172207678,-0.005600154350637432
2019-02-28,-0.005437267818260594,-0.0037254575258760525
2019-03-01,-0.014645556902449286,-0.01257108687016828
2019-03-04,0.00917856350328261,-0.008988108902638459
2019-03-05,0.002889113895412798,-0.002181743716337614
2019-03-06,0.0019718968076691823,0.0022595548095685203
2019-03-07,0.004686760198048923,-0.0008564453784476456
2019-03-08,-0.008482407480411958,0.01022943740470783
2019-03-11,0.01269672390751797,-0.006342314567176821
2019-03-12,0.0013507895170699058,0.005802499524032001
2019-03-13,0.01311306041844773,0.008602826665779162
2019-03-14,-0.004748483170947004,-0.010842488050706756
2019-03-15,-0.001041739675550879,0.006473530758076329
2019-03-18,0.005642141775285658,-0.0011529150377436181
2019-03-19,0.0010358816173638985,0.0036079961480899314
2019-03-20,0.013077835138059157,-0.0034542348680881574
2019-03-21,-0.009386976917819645,0.004296773002431031
2019-03-22,-0.012306506191789524,0.00420216846540189
2019-03-25,0.002681770201411915,0.007822366697732619
2019-03-26,0.011244416958003711,-0.005765872414879247
2019-03-27,-0.0020618473652369573,-0.0033534245976776234
2019-03-28,-0.00014746975504653648,-0.015463611608309336
2019-03-29,0.008369473987729137,0.0024778943384520247
2019-04-01,0.009024846402454045,-0.0035639423656812497
2019-04-02,0.0052030844025487966,0.0012410609495416836
2019-04-03,-0.0008653762849863966,-7.750345753088084e-05
2019-04-04,0.001297728794037667,-0.0006979909589999167
2019-04-05,0.013453685483378663,0.0010855427915750226
2019-04-08,0.010746740365305207,0.0051787177938296125
2019-04-09,-0.006915529175932633,0.004921969848965091
2019-04-10,0.01573733076568118,0.004286905162994792
2019-04-11,-0.012626451320986831,-0.015783520778200888
2019-04-12,0.01011388303762839,0.0015508688265573056
2019-04-15,-0.005184664285132534,-0.0029486532746494376
2019-04-16,0.0075577813879048605,-0.01109652169596309
2019-04-17,-0.001395262837673883,-0.00031438575044795414
2019-04-18,0.004874979561331649,-0.0002357822114547048
2019-04-22,0.028356117589614094,0.001257150767118631
2019-04-23,0.006327873165417941,-0.0033034095568353905
2019-04-24,0.0008049042272073592,0.004872652719190462
2019-04-25,-0.0029546250799832308,0.0002352124985423032
2019-04-26,-0.030036346014663984,0.0071074422097749945
2019-04-29,-0.0015257733522293648,-0.004915203051928607
2019-04-30,0.010494464106036716,0.0032795166444525847
2019-05-01,-0.008552993679764143,-0.001091977625139684
2019-05-02,-0.020010466919278436,-0.009172635638249993
2019-05-03,0.0014124080765895997,0.0074542307295963894
2019-05-06,0.005489483835133591,0.0019524392904868293
2019-05-07,-0.019274982473479696,0.0014034376717937391
2019-05-08,0.006987629047448429,-0.0031994842127271994
2019-05-09,0.00028412394000287833,0.0031994842127271994
2019-05-10,0.003262230443608516,0.0017125578011549791
2019-05-13,-0.005537811422582806,0.01113788667716964
2019-05-14,0.014278810465002678,-0.004162195438771832
2019-05-15,0.007412086233416382,0.0012351199225513199
2019-05-16,0.011773889138991578,-0.008755371943978574
2019-05-17,-0.00566187602306556,-0.00820477351315052
2019-05-20,-0.0033291453034225427,0.0012545877919816206
2019-05-21,0.002913620961635388,-0.0032180677080839715
2019-05-22,-0.01662401148332293,0.001257052020717353
2019-05-23,-0.04656691008907998,0.008755585276167821
2019-05-24,0.013631581897949552,-0.0014020165813164454
2019-05-28,0.020461782156331765,-0.00507912793409826
2019-05-29,-0.009458420665948708,0.003206741338613206
2019-05-30,-0.03785654811921191,0.005062907666908423
2019-05-31,-0.03624033724204523,0.014424310458736933
2019-06-03,-0.051056634385052035,0.012859147970709195
2019-06-04,0.011196911160061163,0.0005291359094377057
2019-06-05,-0.021860578971724998,0.003695764872375662
2019-06-06,0.017007721611645543,0.00697697917997786
2019-06-07,0.025929793940578705,0.0026877541074794564
2019-06-10,-0.015926439288930005,-0.012378717355321811
2019-06-11,0.0,0.0012825419568347485
2019-06-12,-0.03795645642822798,0.004137988749946864
2019-06-13,0.022098526638083982,0.005465871737307282
2019-06-14,0.01135265112037498,0.0006718355335486592
2019-06-17,-0.01740588427167733,-0.0010452624905257224
2019-06-18,0.019500143120270153,0.005883921663461855
2019-06-19,-0.005162962375251823,-0.0014863261032118658
2019-06-20,0.04166275026696642,0.03529136934367472
2019-06-21,0.011569740092090441,0.0023663033426526425
2019-06-24,-0.005228311837041311,0.012880517986897821
2019-06-25,0.0029251415830815475,0.0004241309058388154
2019-06-26,0.02189527641322009,-0.0023350789510780956
2019-06-27,0.0009020624119706611,-0.002269469890296527
2019-06-28,0.0,0.0009225555241272332
2019-07-01,-0.02264370717798858,-0.017243639951311174
2019-07-02,-0.041744583691178505,0.013619306155092659
2019-07-03,0.022501316239708302,0.00928325833838084
2019-07-05,0.006403827465685019,-0.014923529329707641
2019-07-08,-0.0018700760144163553,0.0002148039048739392
2019-07-09,0.0007796531164760978,0.00035784577229236447
2019-07-10,0.04346187322833561,0.008975680500220129
2019-07-11,-0.007339290004659382,-0.0041216137849033885
2019-07-12,0.003002172486702648,0.003979804442910684
2019-07-15,-0.003603575303818829,0.0010633396770112213
2019-07-16,-0.032564290712628896,-0.0015600040469463394
2019-07-17,-0.010780490872925874,0.008549847281971168
2019-07-18,-0.02755169957930459,0.003371448523743048
2019-07-19,0.008681741168385493,-0.0007014590755680672
2019-07-22,0.012566730298564366,0.00014038257143056398
2019-07-23,0.00897013660972057,-0.0036550776599471035
2019-07-24,-0.010235527750194429,0.0018995209334571328
2019-07-25,0.0033183104633609517,-0.006274934527660925
2019-07-26,0.0011036610606485198,0.0032481143839335758
2019-07-29,0.003931750029958714,0.0007751493255891972
2019-07-30,0.01572876985336613,0.007089473307916094
2019-07-31,0.00692892063616668,-0.0025211692591504686
2019-08-01,-0.07435584721090382,-0.0036529377971197263
2019-08-02,0.02271524085259724,0.0172339525633447
2019-08-05,-0.03418571187203501,0.013057707568043142
2019-08-06,-0.014652940007623627,0.005311588128471989
2019-08-07,-0.0470695398465395,0.023426264124912777
2019-08-08,0.020245415004788825,-0.006389437814637411
2019-08-09,0.019843593279120775,-0.0007347130630357412
2019-08-12,0.0006831924441410564,0.005796393970688207
2019-08-13,0.04555721560492554,-0.0020615785564279676
2019-08-14,-0.030139716600310784,0.009078670323797056
2019-08-15,-0.02123943590813493,0.0024377881760617726
2019-08-16,0.007016369182219151,-0.004683215342362601
2019-08-19,0.01858479371421584,-0.008032155425562237
2019-08-20,0.0048425760447061705,0.0027953104204057055
2019-08-21,0.004487674151877563,0.0
2019-08-22,-0.006321782430103617,-0.004863547145385283
2019-08-23,-0.009726691216547678,0.019379505617472148
2019-08-26,-0.010843877602777496,-0.00019648645968040057
2019-08-27,0.013704597620659342,0.009585018407868517
2019-08-28,0.016333752414687375,-0.0020787009701006554
2019-08-29,0.00970642046174408,-0.007375322175081855
2019-08-30,-0.010698834904868448,-0.004859495032714989
2019-09-03,-0.03656995270218477,0.017488242652852648
2019-09-04,0.041027987913118125,0.002842211273165418
2019-09-05,0.004110157810274018,-0.022769045460323767
2019-09-06,0.009633516326098324,-0.006089556358749526
2019-09-09,0.016918138603662314,-0.002659222501661951
2019-09-10,-0.0033607950721297186,-0.007953193028797045
2019-09-11,-0.025490456587049515,0.0027473300929079514
2019-09-12,-0.007096329746749674,0.002873228259018923
2019-09-13,-0.00265339864426295,-0.005218052260891781
2019-09-16,0.13639172570842817,0.008149645086967361
2019-09-17,-0.06695610446266631,0.0013296990407196674
2019-09-18,-0.014826718215806167,0.0015933246639150411
2019-09-19,0.012500210449809757,-0.006054761178041268
2019-09-20,-0.0018651349251710414,0.005922114787614063
2019-09-23,0.007593959487390833,0.010821552218634345
2019-09-24,-0.02612173600104839,0.0054977719571276396
2019-09-25,-0.01131574902539878,-0.0181122614868352
2019-09-26,0.005594233175417962,0.0019255837015004218
2019-09-27,-0.013317514448801582,-0.005587737868885334
2019-09-30,-0.018420947661781817,-0.02253200101306163
2019-10-01,-0.031589480812471926,0.011059616136638084
2019-10-02,-0.020587462128079714,0.012739025777429802
2019-10-03,0.000346628394463977,0.004055705592803882
2019-10-04,0.011371588058056048,-0.0005973679771029694
2019-10-07,-0.00034270833454286276,-0.005659324852886449
2019-10-08,-0.001886899873853487,-0.000333900978963797
2019-10-09,0.0013726497593635756,0.005926847590369988
2019-10-10,0.013285816125836014,-0.007531060731031047
2019-10-11,0.023577714302103203,-0.008127734184569135
2019-10-14,-0.01935651754972323,0.006051659334595172
2019-10-15,-0.010331141000853528,-0.009497243064429561
2019-10-16,0.011509884874015164,0.007013803030789134
2019-10-17,0.00821259432988164,0.0028856502644307724
2019-10-18,-0.00821259432988164,-0.0027512835044971595
2019-10-21,-0.007771606865858871,-0.0039048907125396326
2019-10-22,0.012472800824970598,-0.00047236817986640034
2019-10-23,0.024324810142493547,0.0055189757191058675
2019-10-24,0.008140715991622471,0.006022502044865874
2019-10-25,0.00565936174097903,0.00040019716452732723
2019-10-28,-0.007282187086653735,-0.00635559924955853
2019-10-29,0.0003247882098769139,-0.0020154524793500883
2019-10-30,-0.016039616143089575,0.004160767879948679
2019-10-31,-0.006289346577970534,0.012114954399792488
2019-11-01,0.02395126150501614,-0.0022521201719944983
2019-11-04,0.007107160306834892,0.0
2019-11-05,0.013270608300514297,-0.018201754334461917
2019-11-06,-0.019567543307671187,0.006327791120031456
2019-11-07,0.008868867703812455,-0.01760132148891813
2019-11-08,0.0035256031286721168,-0.001982500969778478
2019-11-11,-0.0052931075539994765,-0.003976999709096596
2019-11-12,-0.001931728389874543,-0.0023387164619208534
2019-11-13,0.004982692263891586,0.00658934076646478
2019-11-14,-0.00144404604701176,0.006886066178064532
2019-11-15,0.016244989731820425,-0.003062164177332072
2019-11-18,-0.013679243443913691,0.00245046443238639
2019-11-19,-0.02480871131020468,0.0016303409319782247
2019-11-20,0.024167937485312763,0.0
2019-11-21,0.02484894271590843,-0.006947360157733229
2019-11-22,-0.009108131876917724,0.0
2019-11-25,0.004093238308815472,-0.004452519674764233
2019-11-26,0.009693558175083439,0.0021945374432128517
2019-11-27,-0.0032728010816907016,-0.00439381748560308
2019-11-29,-0.02577417210782773,0.008359042281367302
2019-12-02,-0.024484435991688258,-0.002254126252647204
2019-12-03,-0.001642820738720907,0.010814526309483874
2019-12-04,0.03521604916000154,-0.0028453045693535017
2019-12-05,0.0061713842760271476,0.00196551921359589
2019-12-06,0.015652221403551714,-0.012125522425176172
2019-12-09,-0.0021766082957821453,0.00013711159596141442
2019-12-10,0.0013997411174679897,0.00225875501095274
2019-12-11,-0.0096829606936506,0.0046385136565483265
2019-12-12,0.00750465896159902,-0.0018392248396015276
2019-12-13,0.01576302591712686,0.006049724215781538
2019-12-16,0.0018381610480746602,-0.00040668040342417555
2019-12-17,0.011564373647291681,-0.00027123977476684047
2019-12-18,0.0010584365787522643,-0.0013572206434195877
2019-12-19,0.005576123997391491,0.0037955689629018963
2019-12-20,-0.006029586023911904,-0.0023705521722883205
2019-12-23,0.003772735212170808,0.005275305725533919
2019-12-24,0.012126768578398561,0.011135059860574614
2019-12-26,0.010657312928060492,0.0067810877844305395
2019-12-27,0.0035274212050886433,0.0029770786135143723
2019-12-30,0.004099548447015877,0.0004622733368915277
2019-12-31,-0.03630274266977995,0.0032959818895559323
2020-01-02,0.0037807228399060477,0.003285154071461349
2020-01-03,0.03485704762237507,0.016072149694004167
2020-01-06,0.004508846023774993,0.010913635018348522
2020-01-07,-0.009330976253724366,0.0035692183565130264
2020-01-08,-0.04233665265671327,-0.009203710678121979
2020-01-09,-0.0010702499614660965,-0.0036667071971185905
2020-01-10,-0.005983897738596866,0.0037308990396738295
2020-01-13,-0.012076418741234995,-0.005859816190831424
2020-01-14,0.004506976736552204,-0.0038824947858762116
2020-01-15,-0.007627056537626409,0.006269176242541086
2020-01-16,0.009640919540270687,-0.0019992755105731064
2020-01-17,0.003552884333151596,0.006306764371860396
2020-01-21,-0.00401734388649011,-0.0015408479920910878
2020-01-22,-0.02159704134629692,-0.0007069933514571858
2020-01-23,-0.018683148934919735,0.005961700201771336
2020-01-24,-0.022000435845585642,0.004145810767128388
2020-01-27,-0.02283240509463802,0.003621512391023707
2020-01-28,0.0031978253268114543,-0.0048316035862789874
2020-01-29,0.005028556565383369,0.0003823495785670872
2020-01-30,-0.02574232625347772,0.008689333181302494
2020-01-31,-0.002232737162204401,-0.0003789638633726611
2020-02-03,-0.06591496721096268,-0.0036075310705907526
2020-02-04,-0.009039849017936419,-0.017138114161284967
2020-02-05,0.02416814300445358,0.004761622946684696
2020-02-06,-0.0063515044669797405,0.004675103267282488
2020-02-07,-0.008409539104109243,0.002233782116915606
2020-02-10,-0.022276784283960627,0.0038812607041434077
2020-02-11,0.013795854005655084,-0.0057956254306672506
2020-02-12,0.03242547473984203,0.0011490897071118056
2020-02-13,0.009810106888888726,0.0049005356127649335
2020-02-14,0.017244832479332395,0.0048134716803991395
2020-02-18,0.0074737517660041775,0.010871410739791365
2020-02-19,0.023445909171140755,0.004676547883901705
2020-02-20,0.0032086904320509646,0.005644986085864723
2020-02-21,-0.013751194767284147,0.0171720154941708
2020-02-24,-0.03833223264348895,0.016762556388819405
2020-02-25,-0.024270826860442796,-0.015364987376213612
2020-02-26,-0.028051303052505805,-0.004198505886171766
2020-02-27,-0.02367310612427076,0.0
2020-02-28,-0.032329979013773436,-0.04738567874706412
2020-03-02,0.026949513028877714,0.01786897945635424
2020-03-03,-0.0007710276924721704,0.030796353102672036
2020-03-04,-0.01417636189764071,-0.000609161821269133
2020-03-05,-0.02254841098056426,0.015298891788606994
2020-03-06,-0.09917844744180782,0.002636957249874783
2020-03-09,-0.27575145668023415,0.002212030386840702
2020-03-10,0.07995316913158357,-0.009239341300194326
2020-03-11,-0.03917773365260224,-0.010725720864527943
2020-03-12,-0.07451640942729076,-0.03225585264372555
2020-03-13,0.0187868133494411,-0.047416352203101475
2020-03-16,-0.1190763186884034,-0.01985668052992029
2020-03-17,-0.04492077853431686,0.02590818443844789
2020-03-18,-0.14387762291816708,-0.03171271975140133
2020-03-19,0.1347866430320015,0.0008795472315563657
2020-03-20,-0.05375504335890202,0.0036454671159331653
2020-03-23,0.0018515518786137442,0.05442181862869511
2020-03-24,0.004429646638048901,0.05777508425392419
2020-03-25,0.00880092866175497,-0.016947954536260745
2020-03-26,-0.039089258883103994,0.010845784249569945
2020-03-27,-0.0550167923313718,-0.016005198817997446
2020-03-30,-0.09106729046232376,-0.0011707228298982741
2020-03-31,-0.0008791410572239755,-0.024085506519266886
2020-04-01,0.08429587945562744,-0.0032895230082807814
2020-04-02,0.1907740391162247,0.029653536057228536
2020-04-03,0.13039521749510197,0.004908888939362477
2020-04-06,-0.031569071110885805,0.026159131678807235
2020-04-07,-0.03635638845102784,-0.007301457414060408
2020-04-08,0.02998213446836484,0.00036032405214925234
2020-04-09,-0.042294880222841336,0.041633439372849246
2020-04-13,0.008225298879325216,0.004941175038212897
2020-04-14,-0.06980333366960956,0.006797057351607627
2020-04-15,-0.06670301774761356,-0.016935449293475457
2020-04-16,0.004683819055750771,-0.003944735829988666
2020-04-17,0.00930240091494694,-0.0183018209467809
2020-04-20,-0.09363779907240932,0.007313955384595339
2020-04-21,-0.2797614880948598,-0.013847209197883181
2020-04-22,0.05240498216487266,0.029647891342730937
2020-04-23,0.0460512574682288,0.002657481434712672
2020-04-24,0.00514383220558301,-0.005670027160958213
2020-04-27,-0.07002622404951264,-0.00675322791480415
2020-04-28,0.02323957871380511,-0.0008181536244569187
2020-04-29,0.09681983345322687,-0.004159457378130504
2020-04-30,0.11432639028548452,-0.011335623435517306
2020-05-01,0.04526009566732769,0.0060970674430942395
2020-05-04,0.028338966168859336,0.007291162026341169
2020-05-05,0.1298019704626041,-0.0014657171235512578
2020-05-06,-0.04119877506806091,-0.011922512345884151
2020-05-07,-0.008786816788218577,0.022079638978609317
2020-05-08,0.04998559185627949,-0.00693538005000871
2020-05-11,-0.04423163855209955,-0.008575158426649132
2020-05-12,0.011743144143782747,0.005353411843932676
2020-05-13,-0.026704274243549708,0.005558332693372137
2020-05-14,0.06434575433259182,0.014021058879757575
2020-05-15,0.04306813184116676,0.008764225555300875
2020-05-18,0.06866465193870397,-0.012395415869612236
2020-05-19,-0.004606971601575083,0.007134611589603601
2020-05-20,0.03125249946719588,0.0036626025539083784
2020-05-21,0.008633986718654008,-0.01734362611469109
2020-05-22,-0.026128759176288874,0.008161878938070188
2020-05-26,0.02917449865804933,-0.01732899474964178
2020-05-27,-0.040338186212367066,0.0032209918291323802
2020-05-28,0.01570785450208234,0.0017525415832908564
2020-05-29,0.0011328495680977824,0.013680565277693013
2020-06-01,0.08123943194053806,0.000518044386692118
2020-06-02,0.03209930254624904,-0.007277016031961736
2020-06-03,0.005544399762786423,-0.016009633407297663
2020-06-04,0.005013817383071384,0.01235124147390465
2020-06-05,0.056157603184949334,-0.025155268002861497
2020-06-08,-0.036105005305218985,0.013098481927345418
2020-06-09,0.009270646299800678,0.009610330246712984
2020-06-10,0.013267574623387013,-0.0008167458702272867
2020-06-11,-0.07926420341537543,0.010855446283994041
2020-06-12,0.004658401488872865,-0.0015600795547294766
2020-06-15,0.025240388202373953,-0.005218007981163453
2020-06-16,0.030741088469831812,0.005391431183017659
2020-06-17,-0.006122218353626696,-0.00023130821343642083
2020-06-18,0.019460581603823357,-0.002547715531949102
2020-06-19,0.016248871956385358,0.012159065950263503
2020-06-22,0.02087570120568527,0.006166825249584562
2020-06-23,-0.01050063895917619,0.008728248980421682
2020-06-24,-0.05595864463528111,-0.003561397084781426
2020-06-25,0.018191206115502734,-0.0020976074000182976
2020-06-26,-0.0007310535090647718,0.005884713686692855
2020-06-29,0.016681122455266983,0.0012967886103742998
2020-06-30,-0.013516922055050173,0.010202426588476143
2020-07-01,0.021159655769435126,-0.011104398270962434
2020-07-02,0.026067006839441298,0.006072237805784475
2020-07-06,-0.0009276651063729879,0.0025192455591174223
2020-07-07,-0.0004640669147009113,0.008739973459877426
2020-07-08,0.004862787810814062,0.006243658695440857
2020-07-09,-0.021953297534727412,-0.009018817348082742
2020-07-10,0.020797646520598345,-0.0005559571095261617
2020-07-13,-0.012098808362012381,0.0070930414866312574
2020-07-14,0.004204638275793204,-0.0002209103260355505
2020-07-15,0.02053364021828763,0.0004417718614782018
2020-07-16,-0.009637568501230653,-0.007035885831272459
2020-07-17,-0.005317306406448896,0.0053230498055762965
2020-07-20,0.0032399795205884097,0.004194021617198729
2020-07-21,0.023745429219853342,0.014487856747344985
2020-07-22,-0.0006770969469891419,0.011709267020526326
2020-07-23,-0.022375351671364285,0.013322162460929654
2020-07-24,0.0006924126939904518,0.00433133636651295
2020-07-27,0.0016138261675320287,0.017606154822842335
2020-07-28,-0.004386446473781724,0.007069694974014773
2020-07-29,0.012188233480942667,0.004514937092595872
2020-07-30,-0.018687852334614785,-0.005749772517706475
2020-07-31,0.008348856919586645,0.010499187115099673
2020-08-03,0.01944034422261698,0.0016289716145934108
2020-08-04,0.006321962205292575,0.01774595450751537
2020-08-05,0.01651818531304272,0.014830529962694072
2020-08-06,-0.0017726133124806864,0.009993726704919936
2020-08-07,-0.015420992012246337,-0.020386772968586264
2020-08-10,0.013200776355812405,0.007088912486167942
2020-08-11,-0.01095109098843805,-0.046407138467370324
2020-08-12,0.0206834973166119,0.0011894242271690558
2020-08-13,-0.010399501266523892,0.011203697670107537
2020-08-14,-0.0035650628312420274,-0.010118971422733658
2020-08-17,0.012642947742507626,0.024478529714294872
2020-08-18,0.001981728151663642,0.007228233622484481
2020-08-19,-0.001981728151663642,-0.020566184811920962
2020-08-20,-0.01041324140140043,-0.012793958632575375
2020-08-21,-0.012325154381946923,0.0004135698294724932
2020-08-24,0.01743456315622982,-0.003573017054938177
2020-08-25,0.016046053232345425,-0.008282324903756688
2020-08-26,-0.004808779118073314,0.01500347538793445
2020-08-27,-0.012124015803636201,-0.009890547937341232
2020-08-28,-0.0008875286981129271,0.02213049019313118
2020-08-31,0.005092439816982264,0.001525863699362695
2020-09-01,0.006603657053928735,0.0003048811432240228
2020-09-02,-0.025554140173360107,-0.017322181174838747
2020-09-03,-0.008135651887405615,-0.003521520380874499
2020-09-04,-0.0325175624627323,-0.0019213045878458956
2020-09-08,-0.06989746672689412,0.0047188116955227954
2020-09-09,0.025072733034891215,0.006034498194198434
2020-09-10,-0.018058611255838297,0.004873179121466009
2020-09-11,-0.005757921353226614,-0.00842754337538043
2020-09-14,-0.005538816122446555,0.007864507194070391
2020-09-15,0.022960783478856328,0.0016371176840062063
2020-09-16,0.040851660811377144,0.0019915248986208667
2020-09-17,0.025258546055509257,-0.010358510867938264
2020-09-18,-0.0034701644969592493,0.0062177306051101056
2020-09-21,-0.04043588807967069,-0.026420463605422384
2020-09-22,0.006734094580028938,-0.0013684804683453677
2020-09-23,0.0011977300762393561,-0.020594023641089976
2020-09-24,0.004061603261357405,0.004506216653220818
2020-09-25,-0.0004769963965447488,-0.005689815487671446
2020-09-28,0.012092670073640566,0.008095526135782904
2020-09-29,-0.033552189704070035,0.01141473966161577
2020-09-30,-0.001951647772538312,-0.0035962007873946433
2020-10-01,-0.0004885309697253426,0.011012005311719975
2020-10-02,-0.041402417713605644,-0.004306089358559362
2020-10-05,0.05015948182435226,0.006452168624350385
2020-10-06,0.03240694764334995,-0.0059786335451814665
2020-10-07,-0.015595775045335714,-0.009247826747493804
2020-10-08,0.03164446495981643,0.002650974493883851
2020-10-09,-0.011370390194918034,0.0162289345389528
2020-10-12,-0.026724950042018136,0.0015616869389472043
2020-10-13,0.017346271338023023,-0.017843559227287642
2020-10-14,0.020287484358087138,0.006755025244469692
2020-10-15,-0.003700278233571108,0.0009987659359627088
2020-10-16,-0.005343247509380422,-0.0012617784764215045
2020-10-19,-0.0072472877360434396,0.002941783734378589
2020-10-20,0.012590535245423862,0.0020959973869372206
2020-10-21,-0.033693853220726044,0.007405484259195738
2020-10-22,0.017342151079188906,-0.012285488081524853
2020-10-23,-0.016384045244762557,0.00047331094982627775
2020-10-26,-0.03186458035659623,0.00036794027847353306
2020-10-27,0.018124465761791164,0.0032008935403773364
2020-10-28,-0.05180445701037151,-0.01722636925734733
2020-10-29,-0.03830082308916305,-0.0056657245971063475
2020-10-30,-0.005059322198083471,0.006305149837346313
2020-11-02,0.03951847809898279,0.006900605880378663
2020-11-03,0.018810871413031727,0.009529133397826683
2020-11-04,0.03756311352829966,-0.007309871629980869
2020-11-05,-0.007302837655771555,0.02640851034903058
2020-11-06,-0.03682923132906657,0.0025670000104103252
2020-11-09,0.07211433159433511,-0.05106938372025738
2020-11-10,0.028138097624732517,0.011908134809093696
2020-11-11,0.00434730411333728,-0.00786924825179014
2020-11-12,-0.006183472442286675,0.006375091715476344
2020-11-13,-0.017379652401580348,0.006971252371710257
2020-11-16,0.02401965208319279,0.0008481832770623754
2020-11-17,-0.0015987143993938524,-0.0014847284088492785
2020-11-18,0.013395594825856616,-0.00585419447344826
2020-11-19,-0.0031624012847539795,-0.006640641601906694
2020-11-20,0.017048378877556836,0.0061601288354316
2020-11-23,0.024171738985518942,-0.018758595831691594
2020-11-24,0.038335171025278836,-0.01811942127724553
2020-11-25,0.015549188380374002,0.0004984918223982504
2020-11-27,-0.008885280092653325,-0.013268076746218327
2020-11-30,-0.012321345181480314,-0.0034855405676799123
2020-12-01,-0.0035786163156150685,0.021394779622498916
2020-12-02,0.01735178576128904,0.006373984885256867
2020-12-03,0.009488501237986391,0.006061505333917694
2020-12-04,0.011025038595116499,-0.000490115944199232
2020-12-07,-0.009383975025700764,0.014008950144384968
2020-12-08,0.0010242597743470583,0.004822385043172339
2020-12-09,0.0004094259546958412,-0.019539712183873625
2020-12-10,0.0280514686177451,-0.0005452265623926422
2020-12-11,-0.005587697154351812,0.0033756623773708583
2020-12-14,0.006383418603998159,-0.006051591403382517
2020-12-15,0.009302341390633462,0.012822831309901694
2020-12-16,0.006284457231676033,0.0020493625621478273
2020-12-17,0.008188740658549687,0.016616724168514452
2020-12-18,0.014649420305155925,-0.0007951443811702319
2020-12-21,-0.026171863057810274,-0.0034529504777385256
2020-12-22,-0.01643760156259999,-0.0067275473090218085
2020-12-23,0.022117783592186857,0.004330039505094696
2020-12-24,0.0017562723045703166,0.002769976349497938
2020-12-28,-0.008419047256599033,-0.0014373179976940875
2020-12-29,0.004512014334761005,0.0013308847368813659
2020-12-30,0.0048813920857444515,0.005993626012460673
2020-12-31,0.00891995612177654,0.0011098944610656858
2021-01-04,-0.013801348207520991,0.026892014283006027
2021-01-05,0.04796025327951048,0.004105306838480871
2021-01-06,0.012975173280573404,-0.023734105597418065
2021-01-07,0.0014722459565779111,0.0028278319590517853
2021-01-08,0.02917667449275907,-0.041752846956852
2021-01-11,-0.005911379982459941,0.008415501632621947
2021-01-12,0.016393844879329045,-0.003628955192789718
2021-01-13,-0.009233028002196164,0.005789249861382295
2021-01-14,0.006401102886400167,-0.0017818664700346432
2021-01-15,-0.023673984653883373,-0.011414407787474268
2021-01-19,0.014414718991668352,0.005560388855331944
2021-01-20,0.0032148679194614616,0.014249727942710066
2021-01-21,0.00035650995228753146,-0.00032159925993369143
2021-01-22,-0.012375705203921505,-0.005159967189823256
2021-01-25,0.008446473377745178,-0.0004311576432209918
2021-01-26,0.0005366988061767941,-0.0022668798944573965
2021-01-27,-0.0017901629025018906,-0.0031388308031132794
2021-01-28,-0.005029696136134909,-0.003801459941890073
2021-01-29,0.0062831602324600055,0.005101511241647927
2021-02-01,0.008375659903981258,0.0072813890080443144
2021-02-02,0.01950682421065686,-0.016417375444501836
2021-02-03,0.01725370640450663,0.000928250370819228
2021-02-04,0.006479154304153134,-0.023916484486412593
2021-02-05,0.008461719107588195,0.012223053284327712
2021-02-08,0.02035101437163611,0.01152972018956877
2021-02-09,0.00871355735370205,0.0018542895508142365
2021-02-10,0.0062010816180047,0.0028836096711604142
2021-02-11,-0.005382964297599102,-0.008566387767498185
2021-02-12,0.02087962748210348,-0.001809982026078849
2021-02-16,0.014628948718721446,-0.013485351319986627
2021-02-17,0.015506582212135633,-0.014629062349107436
2021-02-18,-0.006392725340568894,0.0012978130348191286
2021-02-19,-0.016083608395785376,0.0013524313819193168
2021-02-22,0.03636761385218712,0.01725089665910584
2021-02-23,0.001990734631947433,-0.001273809689207539
2021-02-24,0.025225990189683856,-0.004443464260402763
2021-02-25,-0.002389542121131072,-0.012322324448977184
2021-02-26,-0.011277467555632192,-0.02643982642289977
2021-03-01,-0.03759491733233755,-0.0032458010444411656
2021-03-02,-0.015666083014192367,0.006134974480583644
2021-03-03,0.021614771080799677,-0.010323677486388405
2021-03-04,0.040828210427211964,-0.008842158417798451
2021-03-05,0.038505899957069545,-0.0012947745929183796
2021-03-08,-0.016279469393293056,-0.01202730919914341
2021-03-09,-0.010607071308673888,0.022921797389634513
2021-03-10,0.005612256467011356,0.00285042771679489
2021-03-11,0.025159412471977838,0.0004646314136564911
2021-03-12,-0.005905613666752352,-0.001627084319913763
2021-03-15,-0.004924035597729137,0.005451831359563286
2021-03-16,-0.007139214059158405,0.0009827728334723673
2021-03-17,-0.005718901009324817,-0.002198142107380896
2021-03-18,-0.07193840100721349,0.003122235750465663
2021-03-19,0.01956090886202322,0.005297152705863617
2021-03-22,0.0013937898690254968,-0.002069427911533417
2021-03-23,-0.061098686078818965,-0.007566879516500258
2021-03-24,0.057843640593898016,0.004743225748486957
2021-03-25,-0.038941337024462896,-0.004627227810274803
2021-03-26,0.04142228152153926,0.004223156783957904
2021-03-29,0.006329679989883097,-0.011671575757387309
2021-03-30,-0.013011397152898674,-0.016608126836268333
2021-03-31,-0.009398541499034962,0.017600609611378104
2021-04-01,0.020561467039416748,0.007383082103883609
2021-04-05,-0.042680267781192605,0.0002895613166309374
2021-04-06,0.009448387006998793,0.008361011659377304
2021-04-07,0.0066719574562768,-0.0008042420147873486
2021-04-08,0.0006331262530920867,0.009551431317730064
2021-04-09,-0.003963540614513761,-0.007714103350808799
2021-04-12,0.005228531558768346,-0.006965115310813452
2021-04-13,0.0061441611015249364,0.008627188966826793
2021-04-14,0.044690794378032805,-0.006492181509603512
2021-04-15,0.005392472606288834,0.0174275185107291
2021-04-16,-0.002542904661039458,0.007674101250506382
2021-04-19,0.0041848276486442515,-0.0054108888186163995
2021-04-20,-0.007184634214016938,0.004454866391930601
2021-04-21,-0.018955757598074996,0.008404352241679014
2021-04-22,0.0012240183643816849,-0.0062124714463314135
2021-04-23,0.010797748783216043,-0.0023607178798457085
2021-04-26,-0.00698240658641236,0.0012372484577465315
2021-04-27,0.0116605643893406,-0.000674660538547478
2021-04-28,0.012716133754347325,-0.002703340739679483
2021-04-29,0.01899491654462171,-0.002880286458204928
2021-04-30,-0.019292220197799637,-0.00045252405155782327
2021-05-03,0.0045990373207907,0.013544464845169024
2021-05-04,0.019349764441851214,-0.008746397574940445
2021-05-05,0.0011607928346384355,0.004663019601776064
2021-05-06,-0.01269630736772065,0.01744683915797829
2021-05-07,0.00278657433683005,0.008555953960273754
2021-05-10,0.0005856649651176937,0.0034890862723271354
2021-05-11,0.00336090551358037,-0.000871114322687383
2021-05-12,0.01117000991794903,-0.007270798097462006
2021-05-13,-0.033294805202640276,0.000658223605463526
2021-05-14,0.02445608047612602,0.007701365482795097
2021-05-17,0.010856298416816124,0.01597700925187162
2021-05-18,-0.010856298416816124,0.00016065581069657497
2021-05-19,-0.03028960790174473,0.007201759353875126
2021-05-20,-0.0235269711937951,0.00026573834868415247
2021-05-21,0.020221164868192254,-0.002713902241079147
2021-05-24,0.0299502982377442,0.004200694539000516
2021-05-25,0.002771534712044499,0.007137789140429618
2021-05-26,0.00319955499636837,0.001684515438402201
2021-05-27,0.00853032469800663,-0.002949750706768839
2021-05-28,0.0024444353737846924,0.0035806730456284797
2021-06-01,0.008864838704783828,0.0002102404020440929
2021-06-02,0.01553701432316057,0.0024144330207267473
2021-06-03,-0.0005607867333248251,-0.019213573983194898
2021-06-04,0.008100628702012891,0.009891119010829286
2021-06-07,-0.005579614608472561,0.0036972523073179886
2021-06-08,0.010159482854643187,-0.0024281340281699926
2021-06-09,0.0,0.0005283457753790799
2021-06-10,0.004145306845011909,0.0005280667735245714
2021-06-11,0.002341517486206257,-0.008908706107218833
2021-06-14,0.002335942874371,-0.007163137661542862
2021-06-15,0.01539012010811458,-0.005109598315891084
2021-06-16,0.0053915959329184915,0.0026925164354798525
2021-06-17,-0.017766759433208712,-0.04718346889536029
2021-06-18,0.005866723881114311,-0.00333175014814735
2021-06-21,0.01873243044898576,0.007831701368744781
2021-06-22,-0.001202377645832975,-0.0030915399958519885
2021-06-23,0.005066742610206454,0.0033721157314259287
2021-06-24,0.004908734462717668,-0.0037663122158093643
2021-06-25,0.008171954733961151,0.0005630313834590339
2021-06-28,-0.019886642296472523,0.0016871946194525478
2021-06-29,0.001070688401904718,-0.00948512454602124
2021-06-30,0.004936898661468625,0.00452796776501696
2021-07-01,0.009405899836116838,0.002875900975945811
2021-07-02,0.004341850686184756,0.003765608592876113
2021-07-06,-0.02176594783072172,0.006096058971481355
2021-07-07,-0.01486913689539282,0.00445063321581074
2021-07-08,0.009352862853512889,-0.0010552467875140081
2021-07-09,0.019109290639589105,0.005762440859236939
2021-07-12,-0.005175505843187267,-0.0024892835423582227
2021-07-13,0.017540762136098564,0.002157750367033806
2021-07-14,-0.022876974243668968,0.008201066475029606
2021-07-15,-0.01740583491469927,0.002244902250705394
2021-07-16,0.0016319209276502988,-0.0076313331571569165
2021-07-19,-0.0699250197185517,-0.003201619485909468
2021-07-20,0.010582047301988418,0.0012156445618103362
2021-07-21,0.04068939378010761,-0.004427479639319998
2021-07-22,0.021367714939107607,0.0011640986772754047
2021-07-23,0.004192278232407531,-0.0019964378645118686
2021-07-26,0.00538361367563045,-0.0014999993148858692
2021-07-27,-0.00026844734509179347,0.00044469393150237124
2021-07-28,0.003484717434758089,0.0
2021-07-29,0.017375663358428994,0.017462614454720082
2021-07-30,0.003675010965433323,-0.01020919782220897
2021-08-02,-0.046114622778518743,0.003029721145291653
2021-08-03,-0.0066069850451597745,-0.004409907432068039
2021-08-04,-0.028435369106961872,0.0002209713408758418
2021-08-05,0.012846985103432296,-0.00298707183632807
2021-08-06,-0.008310548234199189,-0.025302169337170888
2021-08-09,-0.02375946970163767,-0.021014711060311164
2021-08-10,0.022768884497928354,0.003128456464730256
2021-08-11,0.01140302620853717,0.012416792738750182
2021-08-12,-0.0018214349387717377,-0.0008001511567643504
2021-08-13,-0.010148096274897433,0.014868869094078363
2021-08-16,-0.015417781683693121,0.006569223434738092
2021-08-17,-0.0069294828133781294,-0.0010638733336794104
2021-08-18,-0.01165677500413409,-0.0019065919740288706
2021-08-19,-0.02643466079396095,-0.000786133143328982
2021-08-20,-0.019297061142165894,0.00044931419327998157
2021-08-23,0.05332405845521926,0.01238783291725376
2021-08-24,0.0329071609486844,0.0013300957751090081
2021-08-25,0.016748429497176254,-0.009683432986546947
2021-08-26,-0.016467024447754497,0.00223438820984434
2021-08-27,0.022676040017274524,0.013522720423364554
2021-08-30,0.009718873446328935,-0.004192402233391235
2021-08-31,-0.005737799812290056,0.00331126130365611
2021-09-01,-0.019367067941931104,-0.0010473937325583549
2021-09-02,0.01991495066275739,-0.0024297457991773186
2021-09-03,-0.005767637118882618,0.01219933438580334
2021-09-07,-0.012751359878217627,-0.019301359933995066
2021-09-08,0.012613598893308264,-0.0028997250439291022
2021-09-09,-0.015967039149055395,0.0037346122321668673
2021-09-10,0.020365063035923114,-0.00434907227353154
2021-09-13,0.008058555746400131,0.0013401970011459596
2021-09-14,0.00122352455637742,0.007062031376286804
2021-09-15,0.024957697400766143,-0.006838828378295858
2021-09-16,0.0027790541049892425,-0.021314620752901803
2021-09-17,-0.004370602852411309,-0.0029680108385328197
2021-09-20,-0.019027751093457113,0.007063155449170466
2021-09-21,0.005934768498638832,0.008027603161512964
2021-09-22,0.024312081467269486,0.00039403900726320273
2021-09-23,0.01381666324927977,-0.016457073725568705
2021-09-24,0.010815045000717838,0.0011437069101942754
2021-09-27,0.018272332841506866,0.00017147117355520436
2021-09-28,-0.005547895391819324,-0.008147357577374947
2021-09-29,-0.005705930150686989,-0.008272426561606316
2021-09-30,-0.001527141421907352,0.01944380650125943
2021-10-01,0.009632547968701388,0.0009679989072592932
2021-10-04,0.02466804222404484,0.005222509201740166
2021-10-05,0.01587135531354278,-0.003743821789051971
2021-10-06,-0.01808892799484685,0.0005113629953221732
2021-10-07,0.010672923783464405,-0.001477930901064184
2021-10-08,0.00535479496884772,-0.000910577464654061
2021-10-11,0.015177382754642643,-0.000968454449424172
2021-10-12,-0.0027533788550924143,0.0021065641406039504
2021-10-13,-0.0028811288353445264,0.019933037412386057
2021-10-14,0.00980986085968727,0.00167112342901099
2021-10-15,0.010186048123318692,-0.01655527628627862
2021-10-18,-0.006265151667112612,-0.0013589483086544618
2021-10-19,0.008854316554081088,0.0027726159189187527
2021-10-20,0.008660064153779956,0.0081040596104609
2021-10-21,-0.014199605857266206,-0.0016268056619157534
2021-10-22,0.010814707170354154,0.007996267631640741
2021-10-25,0.005363808259558844,0.005830920310793353
2021-10-26,0.004756707890617662,-0.007391618953336732
2021-10-27,-0.021289839777511865,0.0028964946878655695
2021-10-28,-0.003078772519338635,0.0020558146825893076
2021-10-29,0.0007112929722428163,-0.010377806530908806
2021-11-01,0.0039032734896391474,0.006763378213492821
2021-11-02,0.00011806806615144438,-0.0035716453755405553
2021-11-03,-0.03275445314851044,-0.014131911060620617
2021-11-04,-0.017843295762647315,0.016533033964661215
2021-11-05,0.02694916842400108,0.012966339059569343
2021-11-08,0.008304825357178025,0.00603767125981669
2021-11-09,0.01605169095416148,0.0015310188776389566
2021-11-10,-0.025565834100294893,0.009462262540359312
2021-11-11,0.0027793305784955535,0.00840792702102
2021-11-12,-0.008482898344852607,0.0025194048720464934
2021-11-15,-0.0014613949293798,-0.0009641397790911554
2021-11-16,0.004620597297399165,-0.006720997509486182
2021-11-17,-0.02642894330481038,0.008648283108735555
2021-11-18,0.011887201694312566,-0.004663986413491195
2021-11-19,-0.029353241046623957,-0.005279926579310867
2021-11-22,0.010215078135350275,-0.024719596086009155
2021-11-23,0.03222302981783187,-0.01253672917798454
2021-11-24,-0.0007291876779573769,0.00033634689746619983
2021-11-26,-0.12314692298991137,0.0006724229725980635
2021-11-29,0.009852312900213711,-0.0016818032430743202
2021-11-30,-0.03986365886748544,-0.0048933268890927195
2021-12-01,-0.024384411251017646,0.004500457702866889
2021-12-02,0.011549073322922432,-0.011800393739535231
2021-12-03,0.0030096632013876246,0.01202489953057917
2021-12-06,0.04477531060369788,-0.002528446353358582
2021-12-07,0.03178291412213863,0.002865076323460336
2021-12-08,0.005024435375758252,0.00044870938953955886
2021-12-09,-0.01863740774904521,-0.004946636746660182
2021-12-10,0.009761438189286764,0.004666234090445087
2021-12-13,-0.010164620504929722,0.001905203055442506
2021-12-14,-0.009318758211047218,-0.008940945262644107
2021-12-15,0.0024393603673296127,-0.004415545712583402
2021-12-16,0.015312581751778964,0.019105998391674817
2021-12-17,-0.020197267519269424,0.003999601595126023
2021-12-20,-0.02758034845902202,-0.005615079468241468
2021-12-21,0.03381774785227165,-0.0032387379200198296
2021-12-22,0.017552504241504785,0.007633384981113878
2021-12-23,0.02050811410727338,0.005314436655822874
2021-12-27,0.02251622989262625,-0.0017130253953698826
2021-12-28,0.0043164211401229835,0.00116075276468397
2021-12-29,0.003666956184559922,-0.0028213310498177435
2021-12-30,0.001135242457569241,0.004201441162821951
2021-12-31,-0.019605986770899975,0.008131493091743103
2022-01-03,0.015310385328797693,-0.015495623073023879
2022-01-04,0.012831936311788361,0.008081062124172256
2022-01-05,0.009950368622448025,0.00582641985579091
2022-01-06,0.014620259256988177,-0.0198716998297801
2022-01-07,-0.002931452775954746,0.004629536082466856
2022-01-10,-0.010822848706704136,0.0007787864912476294
2022-01-11,0.034634951087922694,0.01116956659235857
2022-01-12,0.011283413869825232,0.00471775287160181
2022-01-13,-0.002364869837680139,-0.0032891160891033167
2022-01-14,0.018648242851074137,-0.002584024988407485
2022-01-18,0.01670839791721157,-0.002314788905823484
2022-01-19,0.01057128663545992,0.01685213955594911
2022-01-20,-0.0006787149688420868,-0.00032557824789059
2022-01-21,-0.005559642993570257,-0.005824228438788381
2022-01-24,-0.01860415145551908,0.005389914964327502
2022-01-25,0.02212505423577582,0.005954976611818985
2022-01-26,0.019758188501749707,-0.012382674325461807
2022-01-27,-0.00691584198079731,-0.020203808692924596
2022-01-28,0.007693659628268179,-0.004695120268888964
2022-01-31,0.013021595592953794,0.005642617008804862
2022-02-01,-0.022731980563366783,0.0029483228634132885
2022-02-02,0.0034708376120953233,0.004931386829102102
2022-02-03,0.018164187221610284,-0.003432787411576932
2022-02-04,0.023430902322373548,0.001994667998608257
2022-02-07,-0.006237858519983597,0.007719491459363681
2022-02-08,-0.020821634645728615,0.0032901982304380795
2022-02-09,0.008446320873357394,0.004697138876945672
2022-02-10,-0.0015303827266626158,0.0005447513489835742
2022-02-11,0.03260981634052662,0.0025020941289906062
2022-02-14,0.021371029704249977,0.014668053542140846
2022-02-15,-0.03373005825721975,-0.007091439946204758
2022-02-16,0.016269153663611036,0.008268451050257752
2022-02-17,-0.019597989581511932,0.01617686277440189
2022-02-18,0.006112288487448048,-0.0011054540785266909
2022-02-22,0.03467093216848571,0.003942497337925843
2022-02-23,0.0,0.001625023629923561
2022-02-24,0.022867528847950958,0.008293621186042266
2022-02-25,-0.011674682252758473,-0.020254641338243395
2022-02-28,0.030768540036606673,0.00681479925805295
2022-03-01,0.03865312579119884,0.022386274771780457
2022-03-02,0.0730935537611499,-0.011130495531632256
2022-03-03,-0.02211470425319728,0.007003374578962607
2022-03-04,0.06696294260668356,0.015745908688366228
2022-03-07,0.04227381041454237,0.01454940988733533
2022-03-08,0.03798381873550394,0.022906282220362506
2022-03-09,-0.14108336558141676,-0.02692659011377163
2022-03-10,-0.016419814165684166,0.00612449262362702
2022-03-11,0.030092327730235624,-0.007737189270017986
2022-03-14,-0.05256934361970078,-0.011719169211707126
2022-03-15,-0.06762401490588044,-0.01599785965743994
2022-03-16,-0.01909831216504365,-0.01068692564005147
2022-03-17,0.08428716491301103,0.01771427625221378
2022-03-18,0.012024201517812472,-0.007182949353329526
2022-03-21,0.06882610374479103,0.00020743851021265414
2022-03-22,-0.0012115915454522508,-0.004104660928568649
2022-03-23,0.05163957311959244,0.00824416808200823
2022-03-24,-0.021361405059356464,0.012826608725130306
2022-03-25,0.0135182527938289,-0.003984235085693122
2022-03-28,-0.07011834681112283,-0.007294465566171304
2022-03-29,-0.020206335477944926,-0.01433193903268748
2022-03-30,0.028793061897141037,0.011182017436005331
2022-03-31,-0.0500646040139241,0.00808717487165822
2022-04-01,-0.033163700738974455,-0.015562693516429249
2022-04-04,0.029635987476857473,0.005249070482197915
2022-04-05,-0.00831119690324833,-0.0032709080317570027
2022-04-06,-0.05364532707985514,-0.00234295785350902
2022-04-07,-0.004859894118345309,0.007995486299765986
2022-04-08,0.021637320738452814,0.004025358538915391
2022-04-11,-0.042737253723566404,0.001389677377058085
2022-04-12,0.06067236591235581,0.014196912221042801
2022-04-13,0.03880160089703555,0.004502815262256377
2022-04-14,0.026489195981081792,-0.005111464112836472
2022-04-18,0.01298610004145484,0.00607012833134668
2022-04-19,-0.05364022098746446,-0.0138122712855413
2022-04-20,-0.004204602707520877,-0.0017399709321992418
2022-04-21,0.014224185759434071,-0.0037976152973984156
2022-04-22,-0.015629681635329185,-0.0071725709734078436
2022-04-25,-0.04144730493668547,-0.01976951018774109
2022-04-26,0.025759932891834758,0.004321976524201965
2022-04-27,0.0031382445506435985,-0.00818529630107978
2022-04-28,0.02132434083767709,0.0014835623851352508
2022-04-29,0.016134587405812084,0.010847972444223863
2022-05-02,-0.016227486108495448,-0.025192920384565554
2022-05-03,-0.024560167188723447,0.0037527518532813886
2022-05-04,0.04807767161596477,-0.0009636752202482057
2022-05-05,0.006876629822635927,0.0037423192566450325
2022-05-06,0.013346051984144403,0.0038346613166861943
2022-05-09,-0.05910204093795901,-0.012893727062383675
2022-05-10,-0.03340044958596433,-0.009304882483388788
2022-05-11,0.048111416791604356,0.0068788090723765904
2022-05-12,-0.0005582916803348326,-0.015667781369351985
2022-05-13,0.037447353549433515,-0.009032901296614604
2022-05-16,0.0238285316554796,0.0033693177472660096
2022-05-17,-0.020427801264113477,0.0025882941096000422
2022-05-18,-0.025517125366746107,-0.0012657478221989038
2022-05-19,0.02649940530242212,0.013836280412999002
2022-05-20,0.004541635904085517,0.00032587437499831395
2022-05-23,0.00770013197443653,0.0032523878632941816
2022-05-24,0.001233583664085991,0.009318889191803237
2022-05-25,0.00413025085821328,-0.010185211745309175
2022-05-26,0.029125359427099262,0.0006498122657294658
2022-05-27,0.017143507844343375,0.002108862996304417
2022-05-31,0.028152237524990298,-0.00465626052750423
2022-06-01,-0.054795586582847555,0.0003256091489705071
2022-06-02,0.011286991874821517,0.012507549362994475
2022-06-03,0.017781622128246966,-0.011368949980496978
2022-06-06,-0.0017556254271164917,-0.0033654014737374283
2022-06-07,0.008830426844411932,0.0045027059219524546
2022-06-08,0.024658239851478747,0.0023787784288540337
2022-06-09,-0.004135437745037329,-0.0016753458803275834
2022-06-10,-0.008650270608659305,0.012203441973600349
2022-06-13,0.002128660605117183,-0.023517775330388346
2022-06-14,-0.00903718356903127,-0.010171909010297853
2022-06-15,-0.02219713990588179,0.003200206190689947
2022-06-16,0.010909771048393857,0.01660781266368705
2022-06-17,-0.057457907845977374,-0.005487192637812832
2022-06-21,0.013434796184418119,-0.0005449294523733883
2022-06-22,-0.025709297699796352,-0.0001634968281960525
2022-06-23,-0.015239889210016955,-0.004699515565206092
2022-06-24,0.027514390725395188,0.00043811886075140194
2022-06-27,0.01726517273235828,-0.0030706694898494646
2022-06-28,0.02480074786746922,-0.0018689673378133875
2022-06-29,-0.014686066380541263,-0.0020929997061278627
2022-06-30,-0.012550513806831809,-0.005307091775333284
2022-07-01,-0.028088760418663483,-0.0028864583859107285
2022-07-05,-0.08269635744985226,-0.02083933914969993
2022-07-06,-0.02044693479816928,-0.015386252486003116
2022-07-07,0.03857494929850791,0.001727712914113333
2022-07-08,0.02239423804301932,0.001552365510466558
2022-07-11,0.0007472616906571972,-0.006108458837355002
2022-07-12,-0.07370584807700986,-0.003880322870210229
2022-07-13,0.0008037962055986725,0.006305098165451106
2022-07-14,-0.0047314853964790515,-0.017274371209107464
2022-07-15,0.020574032064346603,-0.0012327780896654872
2022-07-18,0.049279535792956075,0.003986361713753439
2022-07-19,0.010111516314854185,0.00046797429465961216
2022-07-20,-0.004013635965480766,-0.006159280360534147
2022-07-21,-0.02903702985240475,0.007736953992707463
2022-07-22,-0.0063750208166828415,0.00837264308512431
2022-07-25,0.01871909318399201,-0.0047009608311539
2022-07-26,-0.0071582265959211355,-0.0007565681663264101
2022-07-27,0.021041447090854426,0.0008147256292714289
2022-07-28,0.00486524760095719,0.01798634584799874
2022-07-29,0.026434905413807996,0.007172964446712449
2022-08-01,-0.095101161376137,0.003454221019279835
2022-08-02,0.005085538576810045,0.0011863935181128937
2022-08-03,-0.0381153186185319,-0.007424009432775769
2022-08-04,-0.027869755711131816,0.017200480453950284
2022-08-05,0.008463819236192549,-0.008760642024044252
2022-08-08,0.018061809164957587,0.007809700130070318
2022-08-09,-0.0035240912187006757,0.004021425813642843
2022-08-10,0.011254096091282584,0.0008914506924311283
2022-08-11,0.022335922955885934,-0.0032912335706649642
2022-08-12,-0.014665213001616273,0.004960590165981493
2022-08-15,-0.0315679827625166,-0.009608985203733766
2022-08-16,-0.029451576086479747,-0.004613789368584698
2022-08-17,0.014087067763647987,-0.0073015195437200475
2022-08-18,0.03091073309372483,-0.0028444665106128753
2022-08-19,0.0013450406502935053,-0.00439640617260828
2022-08-22,-0.0024844511545749626,-0.007812525766742517
2022-08-23,0.03803201393885125,0.007354692223818127
2022-08-24,0.009928596134018974,0.0005723115660449807
2022-08-25,-0.018748105031027862,0.005648226308946569
2022-08-26,0.016473208070769907,-0.01236490425398351
2022-08-29,0.03979561014456667,0.000287960382690855
2022-08-30,-0.056570844698564215,-0.007746165501607116
2022-08-31,-0.028806892438682397,-0.0060535122831444355
2022-09-01,-0.043745362798202514,-0.009503252799611062
2022-09-02,0.007120496612959215,0.007750199166291161
2022-09-06,-0.0020446045709938687,-0.0055129013074628475
2022-09-07,-0.053433068658450544,0.008724489039539485
2022-09-08,0.012983546946802704,-0.004264925533493447
2022-09-09,0.040557180535842896,0.004789420573202641
2022-09-12,0.012417240309151367,0.006910009010536733
2022-09-13,-0.008869020460505972,-0.01345741421463753
2022-09-14,0.009932268566331892,-0.004997805493332841
2022-09-15,-0.03525835345231432,-0.018501955762986633
2022-09-16,0.005598589196845083,0.0037756940386222126
2022-09-19,0.007090310928679955,-0.0032954882641922367
2022-09-20,-0.01511360750126478,-0.00390872152890509
2022-09-21,-0.008755953923106574,0.0029480059385473822
2022-09-22,0.006988738304229969,0.003717743202048318
2022-09-23,-0.04881777324307546,-0.015379814777475964
2022-09-26,-0.024559180152468052,-0.013461623673599377
2022-09-27,0.02595107364318494,0.0020922483593892593
2022-09-28,0.03474354937876001,0.02050515912687434
2022-09-29,-0.009335896416967415,-0.0011449724954992746
2022-09-30,-0.00600737186022382,0.0023487766438892166
2022-10-03,0.010179949098340302,0.018180693033650996
2022-10-04,0.032550226493543555,0.016520558026137167
2022-10-05,0.01695779304194911,-0.0056518438412807015
2022-10-06,0.011182771813540882,0.00017523692601439933
2022-10-07,0.03639790433903656,-0.006564674728268827
2022-10-10,-0.017825372518913696,-0.01971674459509032
2022-10-11,-0.01995027835832275,0.006814074389340341
2022-10-12,-0.019707224363969544,-0.005016375012451668
2022-10-13,0.022672372977123878,-0.00017965381824769366
2022-10-14,-0.03158159879801925,-0.017091365852745177
2022-10-17,-0.0001090805658483518,0.009276477868507271
2022-10-18,-0.01750668387503307,-0.004839694866963562
2022-10-19,0.02609230296734122,-0.013123948476875036
2022-10-20,-0.0003247622577680076,0.0020256268035838687
2022-10-21,0.012050961023531315,0.012310443033820562
2022-10-24,-0.002570122008285658,-0.001394095969132536
2022-10-25,0.0027839669821014823,0.002483779957048071
2022-10-26,0.022938544036416708,0.0067534934731101615
2022-10-27,0.013184687573810194,-0.0019851715705820894
2022-10-28,-0.012349064397193743,-0.01278687607064466
2022-10-31,-0.009863614277041854,-0.002259168215868357
2022-11-01,-0.001899940427839475,0.0055472576754134195
2022-11-02,0.01582761509378816,0.00042541173173926694
2022-11-03,-0.015616368071043496,-0.011243566259036442
2022-11-04,0.04036981178196264,0.027397283330208744
2022-11-07,-0.006616152516796703,0.002388773903899022
2022-11-08,-0.02649159034698112,0.02101238604477107
2022-11-09,-0.028830240516888317,-0.0011688389084403283
2022-11-10,0.010948978472457682,0.023235395651179047
2022-11-11,0.024466049447618765,0.008929872470112343
2022-11-14,-0.030140266119550674,0.004294263372938367
2022-11-15,0.007700585867882026,0.00011279993292134805
2022-11-16,-0.010711327704467699,-0.0004511383955572157
2022-11-17,-0.03373076940740827,-0.00690474813130848
2022-11-18,-0.02435290602491058,-0.005067351765360328
2022-11-21,-0.001942147164834651,-0.008311170299650783
2022-11-22,0.010352218892034415,0.000517895339190666
2022-11-23,-0.033956152624594615,0.0037896091787743558
2022-11-25,-0.021060958283509734,0.004802492929498747
2022-11-28,-0.0052750969082184795,-0.007557185534083466
2022-11-29,-0.0019252040711617013,0.00475852916155084
2022-11-30,0.028495357163772717,-0.0013736405532718265
2022-12-01,0.016830493836351934,0.031070118388379697
2022-12-02,-0.015193073708535287,-0.0028912731689034743
2022-12-05,-0.034357012358961825,-0.015996748721573084
2022-12-06,-0.041109310761924256,0.0010744618189315602
2022-12-07,-0.027857671000724338,0.009114472318120903
2022-12-08,-0.01330565736298972,0.0017905836665894626
2022-12-09,-0.0006568545623073518,0.005241466558799424
2022-12-12,0.0245323411346563,-0.009836314542059021
2022-12-13,0.033910130917231385,0.018585013105521853
2022-12-14,0.024728848259543135,-0.003534561790434765
2022-12-15,-0.018181184107358916,-0.01690561044591643
2022-12-16,-0.02708431599803962,0.007176555247797367
2022-12-19,0.009569477675640314,-0.0012857697271355661
2022-12-20,0.002378057456169813,0.015651375902693054
2022-12-21,0.027253664781615505,0.0
2022-12-22,-0.014953012878252459,-0.016042989850930667
2022-12-23,0.03566169021111687,0.00496806645959591
2022-12-27,0.004873753030528505,0.010468993076298005
2022-12-28,-0.012769427875346295,-0.0038093315032527997
2022-12-29,-0.012083278652645468,0.0063957738601461145
2022-12-30,0.043415290505713244,0.00010988743391848743
2023-01-03,-0.04536228140447296,0.01093086280425215
2023-01-04,-0.05328260704164567,0.007095546441984624
2023-01-05,0.01086072274139216,-0.009762524397120664
2023-01-06,-0.0015261702689102208,0.015896470099271198
2023-01-09,0.013652112209753042,0.004549233258291707
2023-01-10,0.005633779511281745,-0.0005875467452387539
2023-01-11,0.031580922090983066,0.0016016233411999536
2023-01-12,0.01631710629751293,0.011087365667616034
2023-01-13,0.014766082690337967,0.012008862043122903
2023-01-17,0.007476663345923562,-0.005855345730477524
2023-01-18,-0.011000635260100644,-0.0014691611288526474
2023-01-19,0.01379010116242707,0.009251314471137917
2023-01-20,0.016917298373093637,0.002234663176594154
2023-01-23,0.006370231858753961,0.0003632807471509736
2023-01-24,-0.023635854671285372,0.0035224324574505417
2023-01-25,-0.00011604652362429135,0.0037676113849673953
2023-01-26,0.015554186998779862,-0.006252753139314393
2023-01-27,-0.009303432817319823,-0.00025922182084059386
2023-01-30,-0.020518347280158444,-0.0029598625643068033
2023-01-31,-0.004840952409035815,0.00342642612465216
2023-02-01,-0.01972216656056247,-0.0008814202993878695
2023-02-02,-0.008120742661005487,-0.005983212723418951
2023-02-03,-0.027513865835698148,-0.028261842553797045
2023-02-06,0.013049280060765334,0.0017698252343860688
2023-02-07,0.03279386133237505,0.002942831061813145
2023-02-08,0.016589951606594155,0.003040771209810167
2023-02-09,-0.0069579424602670414,-0.005983602271623312
2023-02-10,0.022120386942592773,-0.0018234933150136357
2023-02-13,0.0025433680843587325,-0.005868606069231674
2023-02-14,-0.011963657005583883,0.0011333148745897859
2023-02-15,-0.0023397832235962923,-0.010737074621895104
2023-02-16,-0.002814895929692085,0.0042435453113469634
2023-02-17,-0.025456345434609062,-0.0008689852683101407
2023-02-21,0.0006022650087356141,-0.004028983707237366
2023-02-22,-0.029944242224251738,-0.0005457026056294723
2023-02-23,0.019778307446512322,-0.007671270496651061
2023-02-24,0.01148956899912612,-0.005073326778902931
2023-02-27,-0.008574495034549656,0.004523120437649908
2023-02-28,0.017314397590414643,0.0065279171634005095
2023-03-01,0.004994043394504821,0.004800056571569122
2023-03-02,0.005205293283469636,-0.002288054619760338
2023-03-03,0.012662870803072934,0.0077148874232912945
2023-03-06,0.004069518665202665,0.00010827646049538231
2023-03-07,-0.03410963078954232,-0.018570635571812488
2023-03-08,-0.007592651552425167,-0.0006618172911645459
2023-03-09,-0.013029192830452452,0.009115987157307437
2023-03-10,0.014479811017817035,0.01771777214751502
2023-03-13,-0.024580903681667543,0.026341694156229778
2023-03-14,-0.04197304043263017,-0.002881167105143412
2023-03-15,-0.04976538955026033,0.010645072763327157
2023-03-16,0.013612913375578017,-0.003952561643726149
2023-03-17,-0.02343163677888871,0.026127822516268218
2023-03-20,0.011174818971111833,0.004760658443617949
2023-03-21,0.02052246625975318,-0.02103618451687428
2023-03-22,0.018025653874278902,0.004530510589810355
2023-03-23,-0.010222877340052783,0.023855366038062265
2023-03-24,-0.012193733445029054,-0.005885513691906041
2023-03-27,0.04089139834055189,-0.015097478869044778
2023-03-28,0.0067615077381848465,0.010191690210183069
2023-03-29,-0.004715521971348835,-0.0031992150318798096
2023-03-30,0.012567577567152988,0.00719650032383079
2023-03-31,0.006287747339412952,-0.005722573380642082
2023-04-03,0.06267993954480033,0.007538817015696253
2023-04-04,0.00011776224265958035,0.019121386856435052
2023-04-05,0.0005884237476143639,-0.0006430347062673647
2023-04-06,0.0015284804850557165,-0.0044634074749696495
2023-04-10,-0.011104690892809188,-0.011397298492928698
2023-04-11,0.016844738916136137,0.007862066660321076
2023-04-12,0.019891961508879952,0.003038065675473156
2023-04-13,-0.014300849261005055,0.015004488526765059
2023-04-14,0.0025522198133725027,-0.01934033210150421
2023-04-17,-0.018121679341700947,-0.004003608688523563
2023-04-18,0.00011790841643932737,0.0065974216321089685
2023-04-19,-0.019656287185275012,-0.0060960930887574705
2023-04-20,-0.024602437527963872,0.006195695166984372
2023-04-21,0.006881388430661772,-0.014095679073773404
2023-04-24,0.01301800304182521,0.004837975290906016
2023-04-25,-0.023976765886505547,0.002460408684692439
2023-04-26,-0.038878987505261975,-0.004171199318677488
2023-04-27,0.008714655723814246,0.002112926265503745
2023-04-28,0.014818815178703204,0.00010047797590040375
2023-05-01,-0.0028958579776752202,-0.0033723203832884963
2023-05-02,-0.051618493574916435,0.015459208663897606
2023-05-03,-0.040506693560753426,0.007074123181844527
2023-05-04,0.0023475556841532352,0.009517819252434556
2023-05-05,0.03789361347321041,-0.015054141436917412
2023-05-08,0.02245513595696913,0.004401928245986397
2023-05-09,0.005568163203936827,0.004873807724603552
2023-05-10,-0.013389848908174962,-0.0028032335667189656
2023-05-11,-0.018892169507751966,-0.007811791440417437
2023-05-12,-0.010861725017620394,-9.92510545323455e-05
2023-05-15,0.014190401133204134,0.00173589628215165
2023-05-16,-0.004262690347822229,-0.01477661441479139
2023-05-17,0.026998352614725718,-0.003880014587497982
2023-05-18,-0.014396250154789847,-0.01229313026079737
2023-05-19,-0.003697822158463815,0.01128287607105527
2023-05-22,0.005410002421646354,-0.0019728866112096455
2023-05-23,0.011123565671763203,-0.001216064382496107
2023-05-24,0.01958831062394939,-0.004879037635298289
2023-05-25,-0.027165018423530363,-0.01008742680002861
2023-05-26,0.009007238184036481,0.0005145091760763165
2023-05-30,-0.045326332303411654,0.0071244116218895925
2023-05-31,-0.012038411128826532,0.0030087604621398256
2023-06-01,0.022050642857020186,0.007153928630061479
2023-06-02,0.024600649189896018,-0.013026835665023384
2023-06-05,0.007589696795695211,0.0028641465728220794
2023-06-06,-0.005490185933531677,0.0038231217714592702
2023-06-07,0.008613940523158448,-0.011667932951336724
2023-06-08,-0.012948946734587352,0.01070077784000123
2023-06-09,-0.015522675446446144,-0.0007132429056664336
2023-06-12,-0.04024282542685054,-0.003522608540492911
2023-06-13,0.0335349924693773,-0.005487371483662962
2023-06-14,-0.014780986210825908,0.005487371483662962
2023-06-15,0.03318637723195117,0.0012777594632122913
2023-06-16,0.012345867987190395,0.00030640701670581194
2023-06-20,-0.00931091999033562,-0.011762134766635235
2023-06-21,0.015945981411292998,-0.001137278422884691
2023-06-22,-0.03940749642651653,-0.010712581726706638
2023-06-23,-0.003919201174645615,0.003340482534468947
2023-06-26,0.004458587859914154,0.002394076127153255
2023-06-27,-0.026223820892829153,-0.005055096516834112
2023-06-28,0.024199644683097432,-0.0008885614102558392
2023-06-29,0.004178715641773856,-0.001622451046078055
2023-06-30,0.007504795287911037,0.006213645369454568
2023-07-03,-0.003343366469747977,0.0003122596035431968
2023-07-05,0.02643908079927826,-0.0010933672637802871
2023-07-06,-0.001697524522882965,-0.0056944618118119905
2023-07-07,0.025164300993649746,0.009126768323334922
2023-07-10,-0.009989821308382218,-0.0006231570554220411
2023-07-11,0.02177180708340476,0.003267408839185748
2023-07-12,0.0089023103752357,0.012810414334619935
2023-07-13,0.015483061396223796,0.0015324108197862785
2023-07-14,-0.018483411924714588,0.00045927816023461077
2023-07-17,-0.01730172252908968,-0.003936082358077186
2023-07-18,0.014292246989189294,0.012622280219577675
2023-07-19,-0.002137132912964468,0.00015174290459807338
2023-07-20,0.0022627326675257464,-0.004663169815610324
2023-07-21,0.017796503703152666,-0.002034278228195241
2023-07-24,0.020390159979404743,-0.0020384249531293364
2023-07-25,0.01081873204839745,0.0009177681383585323
2023-07-26,-0.008645601777673484,0.003459707764402964
2023-07-27,0.015793576981462998,-0.012007399562659948
2023-07-28,0.008863734908596044,0.007680922504029297
2023-07-31,0.006684278304315505,0.0051387711460533225
2023-08-01,-0.0076259405391923,-0.01523861007706806
2023-08-02,-0.020344603993196486,-0.0017018269642496975
2023-08-03,0.023049642083826427,-0.0027911448212778467
2023-08-04,0.012837129158717708,0.003926017871570764
2023-08-07,-0.010490847542063975,-0.003149921596682148
2023-08-08,0.009678833154485034,-0.004873518808943267
2023-08-09,0.015888025586828114,-0.00453182240469463
2023-08-10,-0.013222400118529265,-0.0005222204866965896
2023-08-11,0.004734100809510977,-0.0007838424255561804
2023-08-14,-0.006935624678057195,-0.0012031118637709781
2023-08-15,-0.015429876042133195,-0.004248505321848839
2023-08-16,-0.017108680022017708,-0.0033696785716195166
2023-08-17,0.007996769947311577,-0.006348891838211301
2023-08-18,0.008051195300307512,0.001060951786911346
2023-08-21,-0.004017540119543916,0.003810171935338502
2023-08-22,-0.005104175252887977,0.0016360008536020487
2023-08-23,-0.009806341503408866,0.011586265785144434
2023-08-24,0.0018010634172060946,-0.0001564098483353149
2023-08-25,0.013346274367448174,-0.0037082411186100117
2023-08-28,-0.0007105410298491321,0.003551870450309913
2023-08-29,0.012595066385536313,0.009651369784435815
2023-08-30,0.004318684855030064,0.004019820260444895
2023-08-31,0.011579564228420658,-0.0031423581073140028
2023-09-01,0.019269764558991653,0.0008252180232357631
2023-09-05,0.016686627514028274,-0.007035775353867457
2023-09-06,0.006200170000465022,-0.004214024777917658
2023-09-07,-0.007533830424775623,-0.0003128457579775201
2023-09-08,0.008085588251272924,0.0004692637581014125
2023-09-11,-0.00011034404754894922,0.0025509680494888443
2023-09-12,0.015544901883414397,-0.006258821711374374
2023-09-13,-0.001957163941612272,-0.0011517503252713723
2023-09-14,0.01961480874716859,0.0004713280283201726
2023-09-15,0.0024516705804717986,0.007147147489058092
2023-09-18,0.005308995251350979,0.004046513576602351
2023-09-19,-0.0009535834688341183,0.000258832666126807
2023-09-20,-0.00862301164291246,0.007014664451038044
2023-09-21,-0.0024620868326143963,-0.013661993139932882
2023-09-22,-0.00032166381518106135,0.003225343940292724
2023-09-25,0.00021445403944486685,-0.004580980852414207
2023-09-26,0.0071562192602652175,-0.008488367011878495
2023-09-27,0.027191890435665833,-0.015270736211994596
2023-09-28,-0.01219215640870619,-0.006002135474614256
2023-09-29,-0.0007341727397642828,-0.006633460391606505
2023-10-02,-0.049467116800159694,-0.009842104245886496
2023-10-03,0.002312384311208504,-0.0029551953045938717
2023-10-04,-0.05784445747743039,-0.003348786103829049
2023-10-05,-0.020485739850541584,-0.001045376798357367
2023-10-06,0.006048072175947716,0.007458615173471905
2023-10-09,0.04134207246077359,0.010490108470350812
2023-10-10,-0.00568829737789045,0.006198645369742017
2023-10-11,-0.021099552768635732,0.006320685606707954
2023-10-12,0.00209522024612685,-0.0018706079095984762
2023-10-13,0.055302681161894185,0.030607901744664545
2023-10-16,-0.013736760343859622,-0.003274031158004398
2023-10-17,0.002784741379101341,0.0008324968566677526
2023-10-18,0.01764101383083272,0.016813236521731945
2023-10-19,0.009571502989634162,0.006677383090401889
2023-10-20,-0.002384238587099574,0.007137632114180725
2023-10-23,-0.025607221059341434,-0.003132240155776067
2023-10-24,-0.019787066272451526,-0.0006580360180041822
2023-10-25,0.023121092742539595,0.004597000160346809
2023-10-26,-0.02471199523317935,0.001561189672271368
2023-10-27,0.028587822047674294,0.0007042731011219772
2023-10-30,-0.03406170234181527,0.0038144875229857433
2023-10-31,-0.00045743207927007035,-0.005525708674736229
2023-11-01,-0.03232095326015294,-0.00322901508803497
2023-11-02,0.025893693889970315,0.0034304981256063627
2023-11-03,-0.022826181558018632,0.002967000466915337
2023-11-06,0.0034103745178182265,-0.004983536766927976
2023-11-07,-0.042814857117750016,-0.0074967054908094966
2023-11-08,-0.025691759670213088,-0.007809573743291942
2023-11-09,0.005891602271755225,0.00648670524396433
2023-11-10,0.01759210566517133,-0.016218778932181266
2023-11-13,0.013296888296061127,0.006652779492156036
2023-11-14,-0.0006060418757600772,0.008343430595057377
2023-11-15,-0.01576569047704801,-0.0008669641439551512
2023-11-16,-0.047423793671424797,0.012069136779111034
2023-11-17,0.04037759736859492,-0.0011600298000509213
2023-11-20,0.020991368951435163,-0.00197005821614038
2023-11-21,0.0015779241735653926,0.010862615061766334
2023-11-22,-0.005960699791888402,-0.003959222486664693
2023-11-23,-0.007224623737482894,
2023-11-24,-0.009756185976160126,0.0054086303844140815
2023-11-27,-0.007473857095805059,0.004783316372956037
2023-11-28,0.021032532201812337,0.013772846290545537
2023-11-29,0.017235505906795012,0.003621431258757468
2023-11-30,-0.0032543467830921102,-0.004406156206906431
2023-12-01,-0.04886266124172245,0.01601359308208572
2023-12-04,-0.01083432298998055,-0.022906437155783443
2023-12-05,-0.010693934984458586,-0.0027704839468052356
2023-12-06,-0.038288424703019075,0.00592740683335613
2023-12-07,-0.0033704108712377945,-0.0002955253604053354
2023-12-08,0.02388522773352708,-0.015689699243871758
2023-12-11,0.0025021735253414334,-0.010210610339417947
2023-12-12,-0.03738629254602799,-0.00010109265866642403
2023-12-13,0.013830786877067958,0.0022726708042304367
2023-12-14,0.031155146979886084,0.0238764749712157
2023-12-15,-0.0007834625258311689,-0.004492380744304469
2023-12-18,0.018123394383693814,0.002569588413335211
2023-12-19,0.01628750099303744,0.005953704386447711
2023-12-20,0.005914490158980712,-0.001915109913170454
2023-12-21,-0.003897139456600307,0.002258433605997645
2023-12-22,-0.004038875825735033,0.008788749383461969
2023-12-26,0.024979443011995173,0.0005345192470835869
2023-12-27,-0.01767091972190915,0.01144910069616678
2023-12-28,-0.01594569509881616,-0.0038500458433423645
2023-12-29,-0.017371581040879214,-0.005560539696971567
2024-01-02,-0.015039864000423009,0.0009692741355236123
2024-01-03,0.030623914047024137,-0.014736982781769825
2024-01-04,-0.008470323712619354,0.003974050443616761
2024-01-05,0.014966775186572967,4.895124937753792e-05
2024-01-08,-0.0340942023840034,-0.007766098913480235
2024-01-09,0.019127427197430436,-9.866823194570884e-05
2024-01-10,-0.010233825817588027,-0.0023221142671951966
2024-01-11,0.007911338634527532,-0.0036669527431483218
2024-01-12,0.011303874089291455,0.01595695140328246
2024-01-16,0.0,-0.010165310319773191
2024-01-17,-0.005250747376723375,-0.011617081726108758
2024-01-18,0.015543710245951914,0.007957865627687077
2024-01-19,-0.006850222513856252,0.003905977358156676
2024-01-22,0.01891369010047317,-0.00331164630117442
2024-01-23,-0.006390529923161914,0.0019289741822801076
2024-01-24,0.006140728007347107,-0.0048543422138758174
2024-01-25,0.029422930873472808,0.0014885385122536121
2024-01-26,0.0134958395401501,-4.957016344508958e-05
2024-01-29,-0.013859836134154868,0.004156315901078678
2024-01-30,0.00568769257083801,0.003105999442301055
2024-01-31,-0.014096765812189105,0.008284516486208204
2024-02-01,-0.03753326554576564,0.0022431851049438123
2024-02-02,-0.017561114346860585,-0.008265936631712378
2024-02-05,0.008498583651928904,-0.005120905671782694
2024-02-06,0.0076638323291069455,0.0043347927263059916
2024-02-07,0.00785812363752747,0.00034398171225102914
2024-02-08,0.03009426589858144,-0.0014751441294391654
2024-02-09,0.006836862048286818,-0.0043890601064937584
2024-02-12,-0.0023144226005742397,-0.0025238650815326835
2024-02-13,0.009346389075679085,-0.012615124246704745
2024-02-14,-0.014236393069367637,-0.0013054709316033808
2024-02-15,0.015323200744749244,0.00591121182520471
2024-02-16,0.0073348564717843345,0.004684094906416192
2024-02-20,-0.013630328620800825,0.007922794599725336
2024-02-21,0.008345001705689192,-0.002568005317217903
2024-02-22,0.007678494851276696,-0.0012865403339379355
2024-02-23,-0.024806104794758532,0.009314324420003572
2024-02-26,0.011087485185065304,-0.004966682111914089
2024-02-27,0.013479596860492826,0.0027076939620034324
2024-02-28,0.0003585582894878314,-0.0004917629801584056
2024-02-29,-0.0007172451891381826,0.006227470697706572
2024-03-01,-0.0008374672068844902,0.01993965913984308
2024-03-04,-0.009017193319336592,0.014650906546489928
2024-03-05,-0.00922115388448752,0.00743325261566774
2024-03-06,0.011151608521799083,0.007843566350875797
2024-03-07,0.0,0.0035744768391499093
2024-03-08,-0.010664149154872682,0.009500646655496325
2024-03-11,0.0015825342969639777,0.0017884952401807652
2024-03-12,-0.003533799088138778,-0.01017766419787769
2024-03-13,0.025430724473679334,0.006919166252700393
2024-03-14,0.016406380564284007,-0.005716363815521319
2024-03-15,-0.0009370091295579641,-0.0026386845425951932
2024-03-18,0.01799970897883707,0.0015747582428708995
2024-03-19,0.005623448263974318,-0.0020384080923117054
2024-03-20,-0.016500695768013607,0.0007416687251717846
2024-03-21,-0.0019798314645509407,0.011289662615765472
2024-03-22,-0.004088534122348442,-0.011196893703512067
2024-03-25,0.015333088091209035,0.007708478525095153
2024-03-26,-0.005780362915499104,0.0003678047123045758
2024-03-27,-0.0018568377797576474,0.006870990033479352
2024-03-28,0.016017016050581034,0.01215977082804276
2024-04-01,-0.0006861656926142601,0.008576849575533174
2024-04-02,0.01701300001415884,0.010895049405067248
2024-04-03,0.004824156024051618,0.01466413556445989
2024-04-04,0.014444729505611598,-0.0024436447730247224
2024-04-05,0.005719921479349743,0.015993363911781522
2024-04-08,-0.008702901918985262,0.002576546332762497
2024-04-09,-0.010678623265045317,0.005047944048811814
2024-04-10,0.01178451858043239,-0.005948917440644408
2024-04-11,-0.008212292166078328,0.01075919796756164
2024-04-12,0.007880601358408512,0.0005943121990892308
2024-04-15,-0.0038770304226831698,0.004066120662028716
2024-04-16,-0.0008883171050886318,0.010511806622644393
2024-04-17,-0.03079591133821058,-0.008021081390408469
2024-04-18,-0.002064224398123038,0.004459451082454713
2024-04-19,0.002064224398123038,0.006735379565596666
2024-04-22,-0.003327800581016227,-0.02798980048135924
2024-04-23,0.01619004903491028,-0.0019313725586949104
2024-04-24,-0.004534144444853894,-0.0013756724603899428
2024-04-25,0.011184723726092471,0.00227748579311271
2024-04-26,0.005489878310076968,0.0021438073190775953
2024-04-29,-0.012366638376138717,0.004529666146779299
2024-04-30,-0.006127341410172349,-0.023292979548680037
2024-05-01,-0.051616805542558986,0.003702659409149156
2024-05-02,0.002752628471323959,-0.00030438616232419946
2024-05-03,-0.008521915537760272,-8.696932457219475e-05
2024-05-06,0.004450097482147086,0.009782399430942057
2024-05-07,-0.0020421433409296696,-0.0027605894071447423
2024-05-08,0.005037771900857635,-0.000691260612883049
2024-05-09,0.003582894361957578,0.007964395898362397
2024-05-10,-0.013079881080392042,0.014980894748722662
2024-05-13,0.006861293117788492,-0.01326717176702008
2024-05-14,-0.01182592965939655,0.007378135479852332
2024-05-15,0.004481358589636386,0.014888214910603992
2024-05-16,0.0062642856767132216,-0.0036487767790971404
2024-05-17,0.00849041529517347,0.013438686241467934
2024-05-20,-0.0032202814939870095,0.0089556950387788
2024-05-21,-0.009964688363161223,-0.0050251162420584805
2024-05-22,-0.011894735881886831,-0.01351119128257583
2024-05-23,-0.0066152502478562525,-0.022946670318134466
2024-05-24,0.009297866354522455,-0.0010712373814989462
2024-05-28,0.025250811631310377,0.009684975081007074
2024-05-29,-0.007388935389484708,-0.0063464816760836484
2024-05-30,-0.02103302331821677,0.001110289464387293
2024-05-31,-0.002936114891793906,-0.008573073570683043
2024-06-03,-0.04076076276309415,0.010151150585457458
2024-06-04,-0.01077767658699802,-0.009032443941432433
2024-06-05,0.011415592669038688,0.012223460620860216
2024-06-06,0.018448830370001446,0.006858019711762253
2024-06-07,-0.003134995249149952,-0.027849130615993367
2024-06-10,0.024931455748237852,0.001083916970968879
2024-06-11,0.003546331122914914,-8.664897474286448e-05
2024-06-12,0.008266523114365931,0.012275377571111079
2024-06-13,0.0018143522033504667,-0.015444010517410511
2024-06-14,-0.0015721990450048295,0.013472849167638579
2024-06-17,0.019536754020303526,-0.008182999621581644
2024-06-18,0.012737544774532594,0.007753980763100188
2024-06-20,0.004443380222101112,0.009991179448078924
2024-06-21,-0.005498712060050259,-0.016016849994939797
2024-06-24,0.008992811231334663,0.005854053366742384
2024-06-25,-0.011694671641954812,-0.005767631906511639
2024-06-26,0.0028191944051920714,-0.007539420565480626
2024-06-27,0.013283805142094707,0.010943747042885477
2024-06-28,0.00023153092820660248,0.0013756724603899428
2024-07-01,0.002196345714613024,-4.2898852745665295e-05
2024-07-02,-0.004165715558615446,-0.001978281967874196
2024-07-03,0.012674423738139318,0.015717436587046052
2024-07-05,-0.00920176075208623,0.012088663472560768
2024-07-08,-0.009170659329928554,-0.014039925027510058
2024-07-09,-0.012792807696606623,0.0020784035788130595
2024-07-10,0.0049487335041575875,0.005113741630379032
2024-07-11,0.003754106808358415,0.017881513074974542
2024-07-12,-0.004341997620404214,-0.00041416442919572916
2024-07-15,-0.002119147344571637,0.0036800068503834993
2024-07-16,-0.013287597388280226,0.016171314917782453
2024-07-17,0.015994635544897662,-0.0030911330198239995
2024-07-18,0.00035253280659475195,-0.0012228428297103022
2024-07-19,-0.029571767186628684,-0.02323049125293153
2024-07-22,-0.002787322040193274,-0.0014621412526549804
2024-07-23,-0.01701282522101355,0.005253774082549789
2024-07-24,0.008603751979662455,0.003611515541423138
2024-07-25,0.00804494410558032,-0.025771655108934866
2024-07-26,-0.015168553744715929,0.011877017079959806
2024-07-29,-0.016779941376492857,-0.0011350772219733685
2024-07-30,-0.014519560103429363,0.01158449309631493
2024-07-31,0.026233120095073836,0.008899986305409335
2024-08-01,-0.014977871034679957,0.003496866671419241
2024-08-02,-0.03467371190777335,-0.00382663413501394
2024-08-05,-0.006661829938348518,-0.009943322792610232
2024-08-06,0.002356334348868394,-0.005260032745344034
2024-08-07,0.02390138211920334,0.0005857822224362152
2024-08-08,0.010540472241174825,0.013173648862206733
2024-08-09,0.006296456728761335,0.004078923886462249
2024-08-12,0.03260352103867614,0.012381322610815815
2024-08-13,-0.019756462646890682,0.0017447607257965458
2024-08-14,-0.011592529680216401,-0.011129137775199638
2024-08-15,0.015920718800842337,0.005600503269123536
2024-08-16,-0.016924254131295946,0.0183780434367522
2024-08-19,-0.025678245647169362,0.0012798782157226185
2024-08-20,-0.005940953959002293,0.0037900744796477426
2024-08-21,-0.015008358666579014,-0.001155506040310783
2024-08-22,0.015267447810602519,-0.011830186756921712
2024-08-23,0.023042435856956978,0.011830186756921712
2024-08-26,0.030042816725578625,0.0037007061988525436
2024-08-27,-0.02335796608018903,-0.0006754281156968744
2024-08-28,-0.011378144241395383,-0.0059796869427115595
2024-08-29,0.016268734918497785,0.009827580801596625
2024-08-30,-0.014363348231936968,-0.012710561536922071
2024-09-03,-0.0662320403717942,-0.00156516135352458
2024-09-04,-0.014339652657867852,0.0014046919562069604
2024-09-05,-0.00013748547896863528,0.00719312592470267
2024-09-06,-0.02267930084718195,-0.007152981683502091
2024-09-09,0.010916816782121863,0.003323146311661418
2024-09-10,-0.037584994221777634,0.00418819534666337
2024-09-11,0.02031540737598192,-7.95920572214115e-05
2024-09-12,0.01907759630875283,0.015444721969290143
2024-09-13,-0.0050146449388686065,0.011729349341313977
2024-09-16,0.015794168509480677,-0.0003487790851908201
2024-09-17,0.012973851735847752,-0.00625883189495724
2024-09-18,-0.0006785941608349333,0.002492660431349769
2024-09-19,0.01656263186293927,0.006707160271704815
2024-09-20,-0.00522193597945364,0.012250735192204765
2024-09-23,-0.007952010908057083,0.0025160495810210293
2024-09-24,0.017039342228485133,0.009360187860914415
2024-09-25,-0.023011162901943827,0.0030129580442377346
2024-09-26,-0.02564597527314305,0.004015674633472521
2024-09-27,0.0052932966324741315,-0.009634583484436021
2024-09-30,-0.0029218346194292977,-0.003105809232568646
2024-10-01,0.024634851878315267,0.011766153885765185
2024-10-02,0.004611482055241645,-0.007602005078805263
2024-10-03,0.049112312723694984,0.003770601213994418
2024-10-04,0.005524524735737835,-0.00426184375335481
2024-10-07,0.036234901216995574,-0.0003780289545414206
2024-10-08,-0.047444227214920254,-0.011331369029671912
2024-10-09,-0.007804390104052317,-0.0034476188142322783
2024-10-10,0.036162417511208744,0.005586857750537355
2024-10-11,-0.004544322448007065,0.014020160169732065
2024-10-14,-0.020192402755450978,-0.003694371660486695
2024-10-15,-0.04232388458444092,0.005123138471504696
2024-10-16,-0.0004041056032662027,0.0047232152458107635
2024-10-17,0.0030940460597719266,0.006337393065017238
2024-10-18,-0.018846730188634808,0.008400127613583663
2024-10-21,0.016695377536730227,0.0034579737223614515
2024-10-22,0.02328316417289411,0.007718602631014093
2024-10-23,-0.014304903943682667,-0.010918677200948856
2024-10-24,-0.007767574146050116,0.007523937915991041
2024-10-25,0.022204007263037617,0.0021914615637026458
2024-10-28,-0.06281314230514923,0.0007294212625952312
2024-10-29,-0.004209286703829029,0.009253781457163157
2024-10-30,0.01990739156976673,0.007234316137240349
2024-10-31,0.008372852184435509,-0.018166509123427765
2024-11-01,-0.000820527696957285,0.0001095688511387749
2024-11-04,0.026725890224480686,-0.000913292083431827
2024-11-05,0.005975676057168755,0.0015338367843664713
2024-11-06,-0.008109059027769483,-0.026888192891822982
2024-11-07,0.009432140416143042,0.0114797401905804
2024-11-08,-0.02354616482996086,-0.004047575121093772
2024-11-11,-0.02800458714372489,-0.02880152636562716
2024-11-12,0.0008349229274910996,-0.0042984220607173995
2024-11-13,0.005410284329791182,-0.007411997718866026
2024-11-14,0.0038663233246616358,-0.004894201906120443
2024-11-15,-0.02117066058875139,-0.0009739185590538213
2024-11-18,0.03131753895500289,0.017348790536743763
2024-11-19,0.00013634140658691507,0.006300496006653944
2024-11-20,-0.006843717057570586,0.007999532098494022
2024-11-21,0.01931515147743834,0.00898457118513818
2024-11-22,0.012583764477665405,0.01404698113449765
2024-11-25,-0.029155743503111786,-0.034959481903407585
2024-11-26,-0.00274317245199196,0.0013366177677767155
2024-11-27,0.0002747084958878432,0.007452166991227749
2024-11-29,0.0015092354806531816,0.006456666117156118
2024-12-02,-0.01533497727375277,-0.008352473231235003
2024-12-03,0.02461452368021444,0.003712425318383339
2024-12-04,-0.01795436683461915,0.0034349746546977755
2024-12-05,-0.003047110806453368,-0.010302322170882228
2024-12-06,-0.013546657792724126,0.004558239129528907
2024-12-09,0.014240037190107913,0.009917986338086493
2024-12-10,0.0006928989555055054,0.012196028210302856
2024-12-11,0.018255866417044686,0.013330075570755717
2024-12-12,-0.001497216378898436,-0.01708120714353356
2024-12-13,0.01460464350170998,-0.011790161839593694
2024-12-16,-0.007816673165080168,-0.0017334660635324184
2024-12-17,-0.009789353374784149,-0.002643606002823873
2024-12-18,0.002728845270185687,-0.0029918795594436887
2024-12-19,-0.006973462975080835,-0.016945362817807563
2024-12-20,0.0008230035866247931,0.013982491661312046
2024-12-23,-0.004259197049971242,-0.006258330803748713
2024-12-24,0.012995252759855802,0.002943239744862325
2024-12-26,-0.00435848805160699,0.0071499690974858865
2024-12-27,0.012344944550954473,-0.008219261513672471
2024-12-30,0.00296178493729915,-0.004250136932791193
2024-12-31,0.0033550323633200207,0.00882471041177979
2025-01-02,0.017135318882497863,0.011232867866452168
2025-01-03,0.007609611920377013,-0.005241401391996803
2025-01-06,-0.002748500877455484,-0.002498429500501942
2025-01-07,0.009781623086387192,0.006912096917742971
2025-01-08,-0.011618162806095178,0.0029316900271956214
2025-01-09,0.009929458348387321,0.007217296123673833
2025-01-10,0.03625625552089762,0.009161257237443543
2025-01-13,0.015550477775546412,-0.013006500709167312
2025-01-14,-0.013546518783156714,0.0014950479331172772
2025-01-15,0.026058907704276102,0.01298719552681149
2025-01-16,-0.00906200011251368,0.012420208736854121
2025-01-17,-0.006169812197161839,-0.0007648764771968075
2025-01-21,-0.018741177992928293,0.0038913914786418147
2025-01-22,-0.003664176363853855,0.004563111323177438
2025-01-23,-0.00902795985314686,-0.001627280754371796
2025-01-24,0.0026787321744885517,0.005125977145750582
2025-01-27,-0.018254757486947604,-0.014434155176814123
2025-01-28,0.005305000906621338,0.010646340249542696
2025-01-29,-0.011812898248537707,0.0008309575316065576
2025-01-30,0.0037797491317608234,0.01927775634758344
2025-01-31,-0.001432020121765909,-0.0037263817408135225
2025-02-03,-0.010476825078164609,0.007580052840268081
2025-02-04,0.0031545487519553106,0.006822415916365898
2025-02-05,-0.02108686797930215,0.006393163440626459
2025-02-06,-0.004298189176572542,-0.00544735525046125
2025-02-07,0.0049681570495136995,0.003948792974386883
2025-02-10,0.016076863014219178,0.016258833046569166
2025-02-11,0.014784036302541104,-0.000617851606475206
2025-02-12,-0.023920179658383667,-0.0012024393787539722
2025-02-13,-0.002130542288742099,0.005792712774394637
2025-02-14,-0.0037393044313782653,-0.014562544873085947
2025-02-18,0.01461041418427822,0.016508834966771246
2025-02-19,0.0026337200008459405,-0.004170300117599446
2025-02-20,0.0057697829758005525,0.0070314990870450345
2025-02-21,-0.02717022216411369,-0.0008166266630071917
2025-02-24,0.004691362753050932,0.003500064634192057
2025-02-25,-0.02381712297034877,-0.014831760871325095
2025-02-26,-0.006733077709692559,0.004225883232117589
2025-02-27,0.020605247525603332,-0.011586370186079442
2025-02-28,-0.011683336309335601,-0.016224097946285987
2025-03-03,-0.021547760841610142,0.018649013437515016
2025-03-04,-0.008131291348252745,0.006689961266387101
2025-03-05,-0.02479816133863988,0.0019570989537598393
2025-03-06,0.0023060839025212942,0.00044584057237084807
2025-03-07,0.01287389440876563,-0.0040884898428901195
2025-03-10,-0.015468681909721838,-0.004727634903136213
2025-03-11,0.00403340775390415,0.0075466519578206714
2025-03-12,0.019785706205020404,0.00895433027112258
2025-03-13,-0.01519591463166492,0.015261784579634785
2025-03-14,0.009967398228501345,0.0034120428795940683
2025-03-17,0.006918458354695289,0.0018350159457281023
2025-03-18,-0.007201925446680413,0.01163211640533568
2025-03-19,0.0031130805727688227,0.0002634836739012769
2025-03-20,0.017089661345179863,0.0013496266707839766
2025-03-21,0.002219807488164527,-0.0071969043937123445
2025-03-24,0.011573514644171112,-0.0016911295043424701
2025-03-25,0.00027388910630232743,0.003511749378260376
2025-03-26,0.010489903222782537,-0.0009264629905239019
2025-03-27,0.0032471664882276485,0.012925489441903082
2025-03-28,-0.005417885887564644,0.00855750550209855
2025-03-31,0.014962881397041272,0.011692288048193333
2025-04-01,-0.003350535965079615,-0.0012497066576351301
2025-04-02,0.00615632432125679,0.006710576935194723
2025-04-03,-0.06632794782122975,-0.013757020186499602
2025-04-04,-0.06722243667269456,-0.02782959105342009
2025-04-07,-0.021111851789805236,-0.020358542145218372
2025-04-08,-0.02188545829506694,0.005777286422797623
2025-04-09,0.04147131451692054,0.029247416271417137
2025-04-10,-0.03338562432823089,0.031781399464090754
2025-04-11,0.02232898235506564,0.02101247097035497
2025-04-14,0.0018512056775783492,-0.005414639755736417
2025-04-15,-0.0032419803292125238,0.0043278349931821225
2025-04-16,0.018082017872567135,0.032973254571937005
2025-04-17,0.03153987831491989,-0.005395442489893654
2025-04-21,-0.02533285422029774,0.029041937846947974
2025-04-22,0.017651920782888908,-0.0015865736672466824
2025-04-23,-0.01976703540258473,-0.03729596062718876
2025-04-24,0.006482276205560744,0.016857972511505892
2025-04-25,0.004796886441607029,-0.014997891910233818
2025-04-28,-0.015219190923716042,0.015147940676364158
2025-04-29,-0.0247495624402978,-0.004119486550148821
2025-04-30,-0.017744064159688655,-0.0041668132169281336
2025-05-01,-0.015808678348419924,-0.02916553616172557
2025-05-02,-0.013612268831950658,0.006799232227836072
2025-05-05,-0.017446152979900376,0.024270706904035322
2025-05-06,0.031380283052901525,0.029781859324396365
2025-05-07,-0.016711715125713233,-0.008832939557882113
2025-05-08,0.027752688433059447,-0.025398132101866366
2025-05-09,0.016884025459029672,0.011700918988175601
2025-05-12,0.016295840485065938,-0.035211223370302136
2025-05-13,0.025383203593329462,0.006284573623098311
2025-05-14,-0.00813749128162744,-0.01834461239329066
2025-05-15,-0.023887181040498362,0.012277391287756956
2025-05-16,0.013544994929199028,-0.012088782158285127
2025-05-19,0.001985449279538365,0.014631561796194958
2025-05-20,-0.002444297953104524,0.01579340480163438
2025-05-21,-0.007214607822912278,0.00880180490270277
2025-05-22,-0.007267155268361414,-0.005150277910233925
2025-05-23,0.005262298704080237,0.02142543450396417
2025-05-27,-0.010708606523327724,-0.01936212440612195
2025-05-28,0.012559358845247282,-0.0016685124798723194
2025-05-29,-0.011623532373521428,0.007109715550713602
2025-05-30,-0.003904729585096689,-0.008537804000789961
2025-06-02,0.01135927151513183,0.024537666358952492
2025-06-03,0.015354209858351453,-0.006070768059981191
2025-06-04,-0.011801756346677017,0.00693075011258415
2025-06-05,0.007373239836483414,-0.0067815164251037174
2025-06-06,0.017146386292266058,-0.008391573926159523
2025-06-09,0.008538733412048138,0.002825074432685426
2025-06-10,-0.0025389926909182847,-0.003366964044300147
2025-06-11,0.04245359269751692,0.00012048613043802447
2025-06-12,-0.00589372856481063,0.01778563010253542
2025-06-13,0.0678580850808137,0.014768122634468028
2025-06-16,-0.013563207438924252,-0.01019402159970717
2025-06-17,0.04303167354278248,-0.002889521305021958
2025-06-18,0.0032647761282511567,0.0009444399210654097
2025-06-20,0.004033642705835838,-0.006422120861074632
2025-06-23,-0.07451757403632531,0.0028461738938609926
2025-06-24,-0.06263775479332345,-0.018013675886811242
2025-06-25,0.008010737345906627,0.0029197688926849708
2025-06-26,0.0007385429832114099,0.001921720031074159
2025-06-27,0.0005903068235300069,-0.018101974273061927
2025-06-30,-0.0023636594836871083,0.006303198845365898
2025-07-01,-0.00742283686517986,0.012758252337171427
2025-07-02,0.029366373669957646,0.0033808726417756674
2025-07-03,-0.00449565763865678,-0.0049104542360627335
2025-07-04,-0.007440432916780537,0.00027007467956075004
2025-07-07,0.01871383966015383,-9.004121131539478e-05
2025-07-08,0.008158632260514054,-0.00759129785975432
2025-07-09,0.0005700572250226799,0.0013900517720006889
2025-07-10,-0.02233043923751321,0.001749828380560814
2025-07-11,0.024749482256414268,0.01156847445274245
2025-07-14,-0.016479580918533188,-0.0013417817890850614
2025-07-15,-0.007250611907048565,-0.006495750023280067
2025-07-16,-0.0027691112545786822,0.006794079381101881
2025-07-17,0.01448880820593601,-0.0037055602760016626
2025-07-18,-0.0034581860354974125,0.003854691586395731
2025-07-21,-0.00101089900881135,0.014478602877328939
2025-07-22,-0.008998649505592482,0.010904801640990058
2025-07-23,-0.0011669469238251295,-0.013200213092494195
2025-07-24,0.009732056724250704,-0.006829222657993128
2025-07-25,-0.010754323224147377,-0.011036651923321372
2025-07-28,0.023109035792938215,-0.007496505723880276
2025-07-29,0.0346579923555419,0.0043120472958140255
2025-07-30,0.010017177794086507,-0.008339380490784976
2025-07-31,-0.009741438093771038,-0.0007892237945714697
2025-08-01,-0.04023046978479794,0.016413806676874643
2025-08-04,-0.013147571177630546,0.007943973509988211
2025-08-05,-0.016422696575722817,0.0022201510582657846
2025-08-06,-0.011150045001238063,-0.0005619433653798467
2025-08-07,-0.006900703734515901,0.005987967888746226
2025-08-08,0.0024055948565493424,0.011346160259979143
2025-08-11,0.0006005242253976917,-0.025324517441946526
2025-08-12,-0.007683570860867128,-0.0012534156557428844
2025-08-13,-0.007438447856034536,0.0029220752624805613
2025-08-14,0.018268782301861464,-0.00702134686423328
2025-08-15,-0.014922243920753253,0.0002398515522887834
2025-08-18,0.01132514961799913,-0.0012898149154132454
2025-08-19,-0.012236689621437868,-0.005507846531910943
2025-08-20,0.01583378392419199,0.009013401028552082
2025-08-21,0.012341274247543055,-0.0019460210593322813
2025-08-22,0.000886339604732278,0.011175298783646426
2025-08-25,0.015674526505963904,-0.00017778178522931398
2025-08-26,-0.023232948839461365,0.004377165544111605
2025-08-27,0.012271933486510456,0.0047106015210278684
2025-08-28,0.008341303512981568,0.00795743201556931
2025-08-29,-0.007313181342025743,0.012135375150160499
2025-09-02,0.014862529551468384,0.02155825335719186
2025-09-03,-0.022525465188969918,0.012264609179004182
2025-09-04,-0.009064637845365375,-0.007654710471889814
2025-09-05,-0.022493179990172862,0.013205346467746182
2025-09-08,0.007907532936616946,0.006867801411635455
2025-09-09,0.005588757959817947,0.001428283558452037
2025-09-10,0.01643297356512541,8.235294082759026e-05
2025-09-11,-0.01673421856204982,-0.0018405871036470955
2025-09-12,0.00929813409066238,0.0034311001737599156
2025-09-15,0.00669502726338056,0.008947642619622442
2025-09-16,0.015157361066503228,0.0018178977764957693
2025-09-17,-0.007623615275925921,-0.0019265078645300804
2025-09-18,-0.007533745790577306,-0.010402140797461712
2025-09-19,-0.011333287435445705,0.007600662414638748
2025-09-22,-0.0016510414309864885,0.018672448725780555
2025-09-23,0.01579760994663104,0.0106100063895056
2025-09-24,0.024537529730489283,-0.012911648948104926
2025-09-25,0.0015858233517196396,0.0012852605029394226
2025-09-26,0.010175639327497876,0.010223498096001649
2025-09-29,-0.031284174066679604,0.012006108728817466
2025-09-30,-0.014075417097357601,0.005194719543135662
2025-10-01,-0.025233615499730355,0.0069276125174813075
2025-10-02,-0.019157049201352194,-0.007214077634015936
2025-10-03,0.006529845511370702,0.010647104699776477
2025-10-06,0.014461828067311444,0.017294429424653757
2025-10-07,-0.0003055953696362579,0.007091447444070198
2025-10-08,0.012149019137739359,0.01663399490752049
2025-10-09,-0.01566927578845867,-0.024282758867578025
2025-10-10,-0.03892639426658473,0.0074726695710456426
2025-10-13,0.009361435381944005,0.03283124863445863
2025-10-14,-0.014796233853379803,0.007299414410764982
2025-10-15,-0.00772328127338362,0.009187545165353583
2025-10-16,-0.01382470526889179,0.024430461884398014
2025-10-17,0.0037597026376934295,-0.02132293911227734
2025-10-20,-0.004578954782848754,0.03436764429162409
2025-10-21,0.005068291374418443,-0.05906203554004996
2025-10-22,0.02049947434766608,-0.010649268655763322
2025-10-23,0.05289765964879045,0.019854040473195056
2025-10-24,-0.0007579083550490751,-0.0017225098547726247
2025-10-27,-0.004864705279424619,-0.02869549076685729
2025-10-28,-0.018766912584743167,-0.008960778782098444
2025-10-29,0.008042057637524636,0.0044025782667436175
2025-10-30,0.0012315554540327511,0.004408297096620828
2025-10-31,0.0010763389212948837,-0.0047849023856940676
2025-11-03,-0.0027700895897968536,0.004534952377444057
2025-11-04,-0.006958923031858966,-0.013236252040330854
2025-11-05,-0.014379772049788464,0.00822408713420586
2025-11-06,-0.0022064530301530993,-0.00010053679233301693
2025-11-07,0.0039367029157126865,0.004887656635851556
2025-11-10,0.006735032038720945,0.02771651588616919
2025-11-11,0.017025733865875914,-0.0012167524528550189
2025-11-12,-0.03832492998009762,0.023487483855552327
2025-11-13,0.004772507360315537,-0.004170992761121539
2025-11-14,0.021664914755249676,-0.02400255533201623
2025-11-17,-0.0029551689103657353,-0.004732790864801828
2025-11-18,0.010690356066389128,-0.0017221023533426916
2025-11-19,-0.02149617184063768,0.004029960569868152
2025-11-20,-0.00204897627116285,-0.005212559145508777
2025-11-21,-0.013022252926695899,0.00496729278207475
2025-11-24,0.012864428291567975,0.0037215603622993143
2025-11-25,-0.014144048275339216,0.011493193638319354
2025-11-26,0.010349611093964484,0.006261760929431759
2025-11-28,0.0011082039258072385,0.012667816416398026
2025-12-01,-0.00047483730017372494,0.004965958221291089
2025-12-02,-0.011463227136073506,-0.01250914319860641
2025-12-03,0.003516586230788654,0.003028826217303049
2025-12-04,0.009370356325492324,0.002972265169354671
2025-12-05,0.0077159926938632495,0.0002611600889661503
2025-12-08,-0.01996261323777926,-0.0061189240409387224
2025-12-09,-0.008840418427011443,0.004646239333865765
2025-12-10,0.004349591436460187,-0.002451547168984547
2025-12-11,-0.015062238297959496,0.021010239753042725
2025-12-12,-0.0026143781296879,0.003401069596485229
2025-12-15,-0.009204495576828897,0.001533693992035623
2025-12-16,-0.027454071288263826,-0.0005110078294485731
2025-12-17,0.012816400491574953,0.009939980130427628
2025-12-18,0.0023430870911944623,-0.0018418331441374391
2025-12-19,0.01080734637180747,0.005033950243312546
2025-12-22,0.02611538103688016,0.018896813791641875
2025-12-23,0.004981952793453814,0.008557909489308457
2025-12-24,-0.002246821464586546,-0.0004908198003832354
2025-12-26,-0.026043175568837285,0.01076627799557528
2025-12-29,0.021211421104792905,-0.04608798173882889
2025-12-30,-0.0003229526635708524,0.01035063040454176
2025-12-31,-0.01743140535270893,-0.010235032825324453
2026-01-02,-0.0016447121368079465,-0.0025926392560808864
2026-01-05,0.01648879631861533,0.027997669976116413
2026-01-06,-0.017312167904801612,0.010158128512449238
2026-01-07,-0.012266052669042793,-0.007367304357957849
2026-01-08,0.033295450824812,8.998553214389915e-05
2026-01-09,0.021543934729281844,0.009082749101681387
2026-01-12,0.008332707330705347,0.025071135876622463
2026-01-13,0.024742290248000565,-0.0032848475449700487
2026-01-14,0.01591056276147018,0.008051610829708622
2026-01-15,-0.04237659570250063,-0.0021638942125949967
2026-01-16,0.005786222175223621,-0.006062117977439385
2026-01-20,0.012243484109182745,0.03663229347491992
2026-01-21,0.004917030567026082,0.015055377008504678
2026-01-22,-0.018252638938862198,0.0158104443373972
2026-01-23,0.02801475754899041,0.01363711384202837
2026-01-26,-0.004411674146465039,0.0205856563735356
2026-01-27,0.029740903575350863,3.931395514733538e-05
2026-01-28,0.01220875388903142,0.04271712307880904
2026-01-29,0.03321414573183734,0.0031638076649489477
2026-01-30,-0.0002828379488528654,-0.12065691771157461
2026-02-02,-0.06411421149831487,-0.019579885886258808
2026-02-03,0.015415986531071901,0.05905437776175937
2026-02-04,0.03114510438286988,0.003399746124372882
2026-02-05,-0.027882924551318133,-0.012063365980342411
2026-02-06,0.00737466435932177,0.018303568705588802
2026-02-09,0.014443286092706842,0.019936415005194164
2026-02-10,-0.0034822707397559327,-0.009368841148209128
2026-02-11,0.008683100203244365,0.013458784179659844
2026-02-12,-0.027463088929403412,-0.0295960488695588
2026-02-13,0.0034006591897277616,0.0197679406777862
2026-02-17,-0.004882777112820591,-0.028088975078812695
2026-02-18,0.04254107922358763,0.020994975203205257
2026-02-19,0.018450001110183578,-0.00212802171371429
2026-02-20,0.0013944845388769167,0.0166218560578546
2026-02-23,-0.0037696976224061984,0.028334005840505938
2026-02-24,-0.010122415243954741,-0.009439844361432748
2026-02-25,0.0011298099466596767,0.009766362602618983
2026-02-26,-0.0014124080765895997,-0.005759467061588808
2026-02-27,0.0241581715266852,0.010377723577647657
2026-03-02,0.07005918989487725,0.012142763938335577
2026-03-03,0.04600539380902635,-0.03595919039300277
2026-03-04,0.0,0.002503089586967988
2026-03-05,0.048087941080940944,-0.010780211536408402
2026-03-06,0.08179738539234283,0.015825837818907118
2026-03-09,0.06545510060552395,-0.010666682586894183
2026-03-10,-0.11965418343361112,0.026781469772137356
2026-03-11,0.04650966320898764,-0.011984310631174111
2026-03-12,0.08818843060042703,-0.010035890037832118
2026-03-13,0.026327653496566406,-0.01245058143707567
2026-03-16,-0.028819307770963754,-0.01164597843805737
2026-03-17,0.03153037432889061,0.001400700579186065
2026-03-18,0.037575570153229876,-0.022466059027850704
2026-03-19,0.011757801330152695,-0.06096332512532143
2026-03-20,0.032062163571803914,-0.006607801222591192
2026-03-23,-0.11562385397344865,-0.03706475965408629
2026-03-24,0.04452132225688832,-0.001090554444362013
2026-03-25,-0.021963987319612244,0.033637840062541
2026-03-26,0.05509646992640871,-0.03906243403134724
2026-03-27,0.0413514124472627,0.02627723788244829
2026-03-30,0.0018637598995550064,0.007540510335148909
2026-03-31,0.04820731551177726,0.026512431127411418
2026-04-01,-0.15694286506413402,0.028758841078818875
2026-04-02,0.07491960451933632,-0.02792007119110096
2026-04-06,0.0067641745954434285,0.0011387268075573331
2026-04-07,-0.004565384256506988,6.448275631143474e-05
2026-04-08,-0.14258000889866107,0.01964639155775494
2026-04-09,0.01227264766732894,0.00895028757749472
2026-04-10,-0.007534581888824832,-0.006342909169259059
2026-04-13,0.04276971458695833,-0.004103411668916479
2026-04-14,-0.04708569620456782,0.01726741870353088
2026-04-15,0.0014758529850222857,-0.0051948168771041026
2026-04-16,0.04591171773048597,-0.0030463223435290843
2026-04-17,-0.09502852524507333,0.014974913312608251
2026-04-20,0.05489386303526356,-0.01055451509881955
2026-04-21,0.030936679334534034,-0.02276798934293467
2026-04-22,0.03423659081167951,0.007231599660171284
2026-04-23,0.03053668502084239,-0.00580655654933615
2026-04-24,0.002471504436246441,0.0036488801351293176
2026-04-27,0.027160327091287684,-0.009981227996584963
2026-04-28,0.02761120052377386,-0.018107931619109507
2026-04-29,0.05906899525117293,-0.010134994038567768
2026-04-30,-0.03465263651581729,0.015175128715867459
2026-05-01,-0.052582135868214586,0.0032883457514998327
2026-05-04,0.05634664280078017,-0.02413388024391061
2026-05-05,-0.040752815804153464,0.007999735337600455
2026-05-06,-0.0815076895154192,0.02730288599459385
2026-05-07,-0.012020202535205193,0.0038159234729668867
2026-05-08,0.01221771707674435,0.004373608019836439
2026-05-11,0.028420386481547766,-0.000360141757591137
2026-05-12,0.03359121024075762,-0.008748200566985886
2026-05-13,-0.020056899626527347,0.004287890056815513
2026-05-14,0.0008517054494978638,-0.00418100334817062
2026-05-15,0.03293628123672221,-0.026490961871465046
2026-05-18,0.025660933946970665,-0.0007245709743042283
2026-05-19,-0.0073417798208161855,-0.010200158271743476
2026-05-20,-0.057898760400528104,0.005532456591870627
2026-05-21,-0.023507776433866034,0.0018740842574409555
2026-05-22,0.009315020504874205,-0.004149706884724935
2026-05-26,-0.038996660714200715,-0.004566948297149764
2026-05-27,-0.054586210414528935,-0.011824119457465088
2026-05-28,-0.00617025182134423,0.011579645153313223
2026-05-29,-0.01787295653358978,0.013510480926909096
2026-06-01,0.03133443763220978,-0.018881179529218528
2026-06-02,0.010681813003277085,0.0031011708732169296
2026-06-03,0.018678604873863414,-0.011741357101358929
2026-06-04,-0.028834177963926066,0.008774162180751333
2026-06-05,-0.02062589058882569,-0.031479118544611495
2026-06-08,0.012384098539172328,-0.0002767658988034327
2026-06-09,-0.030158484862025325,-0.01766001833677322
2026-06-10,0.017881826427249337,-0.036284136366234065
2026-06-11,-0.029651194299479045,-0.004366694979493602
2026-06-12,-0.03432890620114826,0.03003126251826771
2026-06-15,-0.04880738352792857,0.02645595009036228
2026-06-16,-0.0519453003343866,0.0006698085172178736
2026-06-17,0.007444409616156555,0.006444359486309281
2026-06-18,0.0037640624051471505,-0.03141346606272499
2026-06-22,-0.02472388308734086,-0.010040578120388943
2026-06-23,-0.010582105162948885,-0.012512495406008739
2026-06-24,-0.044298503465182826,-0.03438674167665745
2026-06-25,0.020403449713731092,0.010024009459590033
2026-06-26,-0.04442162274274164,0.011887860479568246
2026-06-29,0.0159849575184996,-0.01392440775661008
2026-06-30,-0.003149223625719344,0.00014912084730767106
2026-07-01,-0.018686937213514554,0.011222222470182786
2026-07-02,0.003208531071280163,0.010854560835950267
2026-07-06,0.0026426722494541366,0.010256724291311414
2026-07-07,0.029697779831570514,-0.0023614037005703636
2026-07-08,0.05074019041313882,-0.018111033967567636
2026-07-09,-0.022292182764695134,0.014558617272468766
2026-07-10,-0.0038080396046904497,-0.0064362006754112855
2026-07-13,0.09158364712599809,-0.026442418108961974
2026-07-14,0.01702118402101327,0.015909817195275622
2026-07-15,0.002593042364217979,-0.004219595766237205
2026-07-16,-0.00851162001213357,-0.01454641113017452
2026-07-17,0.044921323440640926,0.006776429254264471
2026-07-20,0.012632727759781304,-0.0005982556189270127
2026-07-21,0.01986417067968116,0.015047193532637948
2026-07-22,0.03306976867798017,0.018447786411041278
2026-07-23,0.06800733143455773,-0.02448399711119542
2026-07-24,-0.03960616542228568,0.005176122447295484
2026-07-27,-0.09886060403726482,0.0029212629435519943
