Datetime,usdrub
2007-01-01,26.30500030517578
2007-01-02,26.30500030517578
2007-01-03,26.325000762939453
2007-01-04,26.388999938964844
2007-01-05,26.46500015258789
2007-01-08,26.469999313354492
2007-01-09,26.482999801635742
2007-01-10,26.54599952697754
2007-01-11,26.597000122070312
2007-01-12,26.590999603271484
2007-01-15,26.566999435424805
2007-01-16,26.566999435424805
2007-01-17,26.55299949645996
2007-01-18,26.518999099731445
2007-01-19,26.51799964904785
2007-01-22,26.538000106811523
2007-01-23,26.481000900268555
2007-01-24,26.525999069213867
2007-01-25,26.533000946044922
2007-01-26,26.56599998474121
2007-01-29,26.527999877929688
2007-01-30,26.53700065612793
2007-01-31,26.476999282836914
2007-02-01,26.476999282836914
2007-02-02,26.506000518798828
2007-02-05,26.540000915527344
2007-02-06,26.49799919128418
2007-02-07,26.46500015258789
2007-02-08,26.31800079345703
2007-02-09,26.357999801635742
2007-02-12,26.389999389648438
2007-02-13,26.340999603271484
2007-02-14,26.233999252319336
2007-02-15,26.219999313354492
2007-02-16,26.218000411987305
2007-02-19,26.202999114990234
2007-02-20,26.208999633789062
2007-02-21,26.208999633789062
2007-02-22,26.222999572753906
2007-02-23,26.18000030517578
2007-02-26,26.152999877929688
2007-02-27,26.118000030517578
2007-02-28,26.11400032043457
2007-03-01,26.17799949645996
2007-03-02,26.15049934387207
2007-03-05,26.270999908447266
2007-03-06,26.21500015258789
2007-03-07,26.19300079345703
2007-03-08,26.222999572753906
2007-03-09,26.229000091552734
2007-03-12,26.15999984741211
2007-03-13,26.163999557495117
2007-03-14,26.117000579833984
2007-03-15,26.101999282836914
2007-03-16,26.03230094909668
2007-03-19,26.031999588012695
2007-03-20,26.018999099731445
2007-03-21,25.929000854492188
2007-03-22,26.006000518798828
2007-03-23,26.058000564575195
2007-03-26,26.003999710083008
2007-03-27,25.981000900268555
2007-03-28,26.027000427246094
2007-03-29,26.006999969482422
2007-03-30,25.985000610351562
2007-04-02,25.975000381469727
2007-04-03,26.045000076293945
2007-04-04,26.045000076293945
2007-04-05,25.910999298095703
2007-04-06,25.965499877929688
2007-04-09,25.983999252319336
2007-04-10,25.90999984741211
2007-04-11,26.045000076293945
2007-04-12,25.844999313354492
2007-04-13,25.808000564575195
2007-04-16,25.805999755859375
2007-04-17,25.767000198364258
2007-04-18,25.72100067138672
2007-04-19,25.715999603271484
2007-04-20,25.746000289916992
2007-04-23,25.753999710083008
2007-04-24,25.70199966430664
2007-04-25,25.700000762939453
2007-04-26,25.749000549316406
2007-04-27,25.684999465942383
2007-04-30,25.687999725341797
2007-05-01,25.742000579833984
2007-05-02,25.7450008392334
2007-05-03,25.784000396728516
2007-05-04,25.742000579833984
2007-05-07,25.736000061035156
2007-05-08,25.802000045776367
2007-05-09,25.81399917602539
2007-05-10,25.85300064086914
2007-05-11,25.80929946899414
2007-05-14,25.792999267578125
2007-05-15,25.73900032043457
2007-05-16,25.81399917602539
2007-05-17,25.83799934387207
2007-05-18,25.81999969482422
2007-05-21,25.8799991607666
2007-05-22,25.882999420166016
2007-05-23,25.84950065612793
2007-05-24,25.91699981689453
2007-05-25,25.895000457763672
2007-05-28,25.84950065612793
2007-05-29,25.84950065612793
2007-05-30,25.909000396728516
2007-05-31,25.864999771118164
2007-06-01,25.886999130249023
2007-06-04,25.858999252319336
2007-06-05,25.84950065612793
2007-06-06,25.84950065612793
2007-06-07,25.90999984741211
2007-06-08,25.966999053955078
2007-06-11,25.982999801635742
2007-06-12,25.84950065612793
2007-06-13,26.038999557495117
2007-06-14,26.035999298095703
2007-06-15,25.95800018310547
2007-06-18,25.93199920654297
2007-06-19,25.92300033569336
2007-06-20,25.84950065612793
2007-06-21,25.94099998474121
2007-06-22,25.881500244140625
2007-06-25,25.878000259399414
2007-06-26,25.802000045776367
2007-06-27,25.84950065612793
2007-06-28,25.815000534057617
2007-06-29,25.71299934387207
2007-07-02,25.639999389648438
2007-07-03,25.84950065612793
2007-07-04,25.84950065612793
2007-07-05,25.68199920654297
2007-07-06,25.71299934387207
2007-07-09,25.66200065612793
2007-07-10,25.524999618530273
2007-07-11,25.84950065612793
2007-07-12,25.493000030517578
2007-07-13,25.45800018310547
2007-07-16,25.475000381469727
2007-07-17,25.45199966430664
2007-07-18,25.426000595092773
2007-07-19,25.42300033569336
2007-07-20,25.384000778198242
2007-07-23,25.409000396728516
2007-07-24,25.38599967956543
2007-07-25,25.489999771118164
2007-07-26,25.46500015258789
2007-07-27,25.607999801635742
2007-07-30,25.535999298095703
2007-07-31,25.573999404907227
2007-08-01,25.579999923706055
2007-08-02,25.558000564575195
2007-08-03,25.488000869750977
2007-08-06,25.482999801635742
2007-08-07,25.469999313354492
2007-08-08,25.426000595092773
2007-08-09,25.45800018310547
2007-08-10,25.458999633789062
2007-08-13,25.54400062561035
2007-08-14,25.599000930786133
2007-08-15,25.716999053955078
2007-08-16,25.76300048828125
2007-08-17,25.768999099731445
2007-08-20,25.7810001373291
2007-08-21,25.905000686645508
2007-08-22,25.756999969482422
2007-08-23,25.731000900268555
2007-08-24,25.67300033569336
2007-08-27,25.67799949645996
2007-08-28,25.746000289916992
2007-08-29,25.631999969482422
2007-08-30,25.63800048828125
2007-08-31,25.650999069213867
2007-09-03,25.614999771118164
2007-09-04,25.660999298095703
2007-09-05,25.62299919128418
2007-09-06,25.64299964904785
2007-09-07,25.562999725341797
2007-09-11,25.45199966430664
2007-09-12,25.371000289916992
2007-09-13,25.36199951171875
2007-09-14,25.333999633789062
2007-09-17,25.34000015258789
2007-09-18,25.33769989013672
2007-09-19,25.173999786376953
2007-09-20,25.073999404907227
2007-09-21,25.05299949645996
2007-09-24,25.0310001373291
2007-09-25,24.966999053955078
2007-09-26,24.974000930786133
2007-09-27,24.95400047302246
2007-09-28,24.854000091552734
2007-10-01,24.856000900268555
2007-10-02,24.95199966430664
2007-10-03,25.006999969482422
2007-10-04,24.972999572753906
2007-10-05,24.96500015258789
2007-10-08,25.05299949645996
2007-10-09,24.996000289916992
2007-10-10,24.958999633789062
2007-10-11,24.906999588012695
2007-10-12,24.924999237060547
2007-10-15,24.899999618530273
2007-10-16,24.926000595092773
2007-10-17,24.892000198364258
2007-10-18,24.816999435424805
2007-10-19,24.854999542236328
2007-10-22,24.93000030517578
2007-10-23,24.864999771118164
2007-10-24,24.860000610351562
2007-10-25,24.799999237060547
2007-10-26,24.725000381469727
2007-10-29,24.700000762939453
2007-10-30,24.680999755859375
2007-10-31,24.65999984741211
2007-11-01,24.694000244140625
2007-11-02,24.625
2007-11-05,24.648000717163086
2007-11-06,24.573999404907227
2007-11-07,24.506999969482422
2007-11-08,24.466999053955078
2007-11-09,24.472999572753906
2007-11-12,24.608999252319336
2007-11-13,24.520000457763672
2007-11-14,24.48900032043457
2007-11-15,24.518999099731445
2007-11-16,24.485000610351562
2007-11-19,24.47599983215332
2007-11-20,24.329999923706055
2007-11-21,24.31100082397461
2007-11-22,24.312000274658203
2007-11-23,24.31599998474121
2007-11-27,24.327999114990234
2007-11-28,24.315000534057617
2007-11-29,24.395999908447266
2007-11-30,24.510000228881836
2007-12-03,24.469999313354492
2007-12-04,24.382999420166016
2007-12-05,24.538000106811523
2007-12-06,24.485000610351562
2007-12-07,24.48699951171875
2007-12-10,24.42799949645996
2007-12-11,24.464000701904297
2007-12-12,24.429000854492188
2007-12-13,24.500999450683594
2007-12-14,24.694000244140625
2007-12-17,24.700000762939453
2007-12-19,24.729999542236328
2007-12-20,24.77899932861328
2007-12-21,24.75
2007-12-24,24.71500015258789
2007-12-25,24.714000701904297
2007-12-26,24.639999389648438
2007-12-27,24.597999572753906
2007-12-28,24.506999969482422
2007-12-31,24.565000534057617
2008-01-03,24.429000854492188
2008-01-04,24.413999557495117
2008-01-07,24.415000915527344
2008-01-10,24.354000091552734
2008-01-11,24.375999450683594
2008-01-14,24.285999298095703
2008-01-15,24.347000122070312
2008-01-16,24.479999542236328
2008-01-17,24.5
2008-01-18,24.511999130249023
2008-01-21,24.77199935913086
2008-01-22,24.615999221801758
2008-01-23,24.663000106811523
2008-01-24,24.450000762939453
2008-01-25,24.48900032043457
2008-01-28,24.47100067138672
2008-01-29,24.48699951171875
2008-01-30,24.434999465942383
2008-01-31,24.43000030517578
2008-02-01,24.48900032043457
2008-02-04,24.493999481201172
2008-02-05,24.63599967956543
2008-02-06,24.65999984741211
2008-02-07,24.788000106811523
2008-02-08,24.740999221801758
2008-02-11,24.691999435424805
2008-02-12,24.618000030517578
2008-02-13,24.68199920654297
2008-02-14,24.614999771118164
2008-02-15,24.583999633789062
2008-02-18,24.584999084472656
2008-02-19,24.538000106811523
2008-02-20,24.538000106811523
2008-02-21,24.474000930786133
2008-02-22,24.437999725341797
2008-02-25,24.42799949645996
2008-02-26,24.235000610351562
2008-02-27,24.097000122070312
2008-02-28,23.993999481201172
2008-02-29,24.01099967956543
2008-03-03,24.027000427246094
2008-03-04,24.013999938964844
2008-03-05,23.937999725341797
2008-03-06,23.816999435424805
2008-03-07,23.868000030517578
2008-03-10,23.871000289916992
2008-03-11,23.871000289916992
2008-03-12,23.701000213623047
2008-03-13,23.676000595092773
2008-03-14,23.584999084472656
2008-03-17,23.523000717163086
2008-03-18,23.601999282836914
2008-03-19,23.621000289916992
2008-03-20,23.79400062561035
2008-03-21,23.79400062561035
2008-03-24,23.792999267578125
2008-03-25,23.645000457763672
2008-03-26,23.476999282836914
2008-03-27,23.469999313354492
2008-03-28,23.48699951171875
2008-03-31,23.52400016784668
2008-04-02,23.58300018310547
2008-04-03,23.590999603271484
2008-04-04,23.541000366210938
2008-04-07,23.559999465942383
2008-04-08,23.57200050354004
2008-04-09,23.461000442504883
2008-04-10,23.530000686645508
2008-04-11,23.472999572753906
2008-04-14,23.461999893188477
2008-04-15,23.493999481201172
2008-04-16,23.35099983215332
2008-04-17,23.395000457763672
2008-04-18,23.46500015258789
2008-04-21,23.381000518798828
2008-04-22,23.320999145507812
2008-04-23,23.416000366210938
2008-04-24,23.56999969482422
2008-04-25,23.6200008392334
2008-04-28,23.59600067138672
2008-04-29,23.677000045776367
2008-04-30,23.6299991607666
2008-05-02,23.802000045776367
2008-05-05,23.733999252319336
2008-05-06,23.698999404907227
2008-05-07,23.829999923706055
2008-05-08,23.81800079345703
2008-05-09,23.749000549316406
2008-05-12,23.691999435424805
2008-05-13,23.77079963684082
2008-05-14,23.875
2008-05-15,23.889999389648438
2008-05-16,23.709999084472656
2008-05-19,23.77400016784668
2008-05-20,23.68899917602539
2008-05-21,23.562000274658203
2008-05-22,23.597999572753906
2008-05-23,23.56100082397461
2008-05-26,23.520000457763672
2008-05-27,23.624000549316406
2008-05-28,23.606000900268555
2008-05-29,23.718000411987305
2008-05-30,23.684999465942383
2008-06-02,23.691999435424805
2008-06-03,23.774999618530273
2008-06-04,23.788999557495117
2008-06-05,23.67300033569336
2008-06-06,23.53499984741211
2008-06-09,23.64900016784668
2008-06-10,23.704999923706055
2008-06-11,23.628000259399414
2008-06-12,23.719999313354492
2008-06-13,23.790000915527344
2008-06-16,23.68000030517578
2008-06-17,23.634000778198242
2008-06-18,23.618999481201172
2008-06-19,23.64699935913086
2008-06-20,23.56100082397461
2008-06-23,23.628999710083008
2008-06-24,23.59600067138672
2008-06-25,23.507999420166016
2008-06-26,23.44300079345703
2008-06-27,23.413000106811523
2008-06-30,23.44700050354004
2008-07-02,23.371000289916992
2008-07-03,23.516000747680664
2008-07-04,23.48200035095215
2008-07-07,23.476999282836914
2008-07-08,23.524999618530273
2008-07-09,23.427000045776367
2008-07-10,23.354999542236328
2008-07-11,23.246999740600586
2008-07-14,23.170000076293945
2008-07-15,23.177000045776367
2008-07-16,23.257999420166016
2008-07-17,23.229000091552734
2008-07-18,23.218000411987305
2008-07-21,23.183000564575195
2008-07-22,23.288000106811523
2008-07-23,23.36199951171875
2008-07-24,23.371000289916992
2008-07-25,23.3799991607666
2008-07-28,23.343000411987305
2008-07-29,23.44700050354004
2008-07-30,23.441999435424805
2008-07-31,23.434999465942383
2008-08-26,24.667999267578125
2008-08-27,24.61400032043457
2008-08-28,24.625999450683594
2008-08-29,24.643999099731445
2008-09-01,24.725000381469727
2008-09-02,24.79400062561035
2008-09-03,25.134000778198242
2008-09-04,25.465999603271484
2008-09-05,25.479000091552734
2008-09-08,25.514999389648438
2008-09-09,25.572999954223633
2008-09-10,25.742000579833984
2008-09-11,25.73900032043457
2008-09-12,25.520000457763672
2008-09-15,25.486000061035156
2008-09-16,25.62700080871582
2008-09-17,25.430999755859375
2008-09-18,25.448999404907227
2008-09-19,25.280000686645508
2008-09-22,25.003999710083008
2008-09-23,25.062000274658203
2008-09-24,25.020000457763672
2008-09-25,25.023000717163086
2008-09-26,25.02899932861328
2008-09-29,25.149999618530273
2008-09-30,25.638999938964844
2008-10-01,25.72800064086914
2008-10-02,25.93400001525879
2008-10-03,25.976999282836914
2008-10-06,26.253999710083008
2008-10-07,26.18000030517578
2008-10-08,26.13800048828125
2008-10-09,26.14699935913086
2008-10-10,26.20599937438965
2008-10-13,26.14699935913086
2008-10-14,26.138999938964844
2008-10-15,26.31100082397461
2008-10-16,26.281999588012695
2008-10-17,26.354999542236328
2008-10-20,26.395000457763672
2008-10-21,26.711999893188477
2008-10-22,26.975000381469727
2008-10-23,26.834999084472656
2008-10-24,27.194000244140625
2008-10-27,27.368999481201172
2008-10-28,26.993999481201172
2008-10-29,26.819000244140625
2008-10-30,26.875999450683594
2008-10-31,27.076000213623047
2008-11-03,27.18199920654297
2008-11-04,26.792999267578125
2008-11-05,26.854000091552734
2008-11-06,27.065000534057617
2008-11-07,27.027999877929688
2008-11-10,27.042999267578125
2008-11-11,27.58300018310547
2008-11-12,27.631000518798828
2008-11-13,27.24799919128418
2008-11-14,27.389999389648438
2008-11-17,27.43899917602539
2008-11-18,27.450000762939453
2008-11-19,27.611000061035156
2008-11-20,27.625
2008-11-21,27.506000518798828
2008-11-24,27.329999923706055
2008-11-25,27.264999389648438
2008-11-26,27.427000045776367
2008-11-27,27.43400001525879
2008-11-28,27.90999984741211
2008-12-01,28.011999130249023
2008-12-02,27.90999984741211
2008-12-03,27.91699981689453
2008-12-04,27.166000366210938
2008-12-05,28.170000076293945
2008-12-08,27.933000564575195
2008-12-09,27.93000030517578
2008-12-10,27.822999954223633
2008-12-11,27.708999633789062
2008-12-12,27.643999099731445
2008-12-15,27.611000061035156
2008-12-16,27.260000228881836
2008-12-17,27.1200008392334
2008-12-18,27.27899932861328
2008-12-19,28.166000366210938
2008-12-22,28.378000259399414
2008-12-23,28.409000396728516
2008-12-24,27.847000122070312
2008-12-25,27.82699966430664
2008-12-26,27.80699920654297
2008-12-29,29.47599983215332
2008-12-30,29.357999801635742
2008-12-31,30.524999618530273
2009-01-01,29.142000198364258
2009-01-02,28.69700050354004
2009-01-05,28.94300079345703
2009-01-06,28.891000747680664
2009-01-07,29.173999786376953
2009-01-08,28.357999801635742
2009-01-09,29.216999053955078
2009-01-12,31.118999481201172
2009-01-13,31.333999633789062
2009-01-14,31.72599983215332
2009-01-15,32.25199890136719
2009-01-16,32.32699966430664
2009-01-19,33.2599983215332
2009-01-20,33.05099868774414
2009-01-21,32.61000061035156
2009-01-22,32.62699890136719
2009-01-23,32.625999450683594
2009-01-26,32.777000427246094
2009-01-27,33.007999420166016
2009-01-28,33.948001861572266
2009-01-29,35.12200164794922
2009-01-30,35.60499954223633
2009-02-02,36.16600036621094
2009-02-03,36.000999450683594
2009-02-04,36.30500030517578
2009-02-05,36.393001556396484
2009-02-06,36.14699935913086
2009-02-09,35.66299819946289
2009-02-10,35.63800048828125
2009-02-11,35.071998596191406
2009-02-12,34.58100128173828
2009-02-13,34.50199890136719
2009-02-16,34.62200164794922
2009-02-17,36.25600051879883
2009-02-18,36.191001892089844
2009-02-19,35.81999969482422
2009-02-20,36.012001037597656
2009-02-23,35.933998107910156
2009-02-24,35.90599822998047
2009-02-25,35.6870002746582
2009-02-26,35.52899932861328
2009-02-27,35.808998107910156
2009-03-02,36.055999755859375
2009-03-03,36.22549819946289
2009-03-04,35.89899826049805
2009-03-05,35.85499954223633
2009-03-06,35.64400100708008
2009-03-09,35.73500061035156
2009-03-10,34.83000183105469
2009-03-11,34.9739990234375
2009-03-12,35.013999938964844
2009-03-13,34.63100051879883
2009-03-16,34.31399917602539
2009-03-17,34.39799880981445
2009-03-18,34.31800079345703
2009-03-19,33.1879997253418
2009-03-20,33.540000915527344
2009-03-23,33.2765007019043
2009-03-24,33.23899841308594
2009-03-25,33.5260009765625
2009-03-26,33.28300094604492
2009-03-27,33.63800048828125
2009-03-30,33.92300033569336
2009-03-31,33.827999114990234
2009-04-01,33.89250183105469
2009-04-02,33.29499816894531
2009-04-03,33.24599838256836
2009-04-06,33.3849983215332
2009-04-07,33.43299865722656
2009-04-08,33.55699920654297
2009-04-09,33.53200149536133
2009-04-10,33.55699920654297
2009-04-13,33.3489990234375
2009-04-14,33.26900100708008
2009-04-15,33.40999984741211
2009-04-16,33.25600051879883
2009-04-17,33.375
2009-04-20,33.82899856567383
2009-04-21,34.012001037597656
2009-04-22,33.801998138427734
2009-04-23,33.512001037597656
2009-04-24,33.042999267578125
2009-04-27,33.22200012207031
2009-04-28,33.367000579833984
2009-04-29,32.9630012512207
2009-04-30,32.98400115966797
2009-05-01,33.04750061035156
2009-05-04,32.73500061035156
2009-05-05,32.77000045776367
2009-05-06,32.79199981689453
2009-05-07,32.45800018310547
2009-05-08,32.30799865722656
2009-05-11,32.23500061035156
2009-05-12,31.937000274658203
2009-05-13,31.933000564575195
2009-05-14,32.16999816894531
2009-05-15,32.0260009765625
2009-05-18,32.06800079345703
2009-05-19,31.837499618530273
2009-05-20,31.44499969482422
2009-05-21,31.479999542236328
2009-05-22,30.951000213623047
2009-05-25,30.902999877929688
2009-05-26,31.327499389648438
2009-05-27,31.06100082397461
2009-05-28,30.983999252319336
2009-05-29,30.718000411987305
2009-06-01,30.614999771118164
2009-06-02,30.576499938964844
2009-06-03,30.753999710083008
2009-06-04,30.72599983215332
2009-06-05,30.802000045776367
2009-06-08,31.40999984741211
2009-06-09,31.034000396728516
2009-06-10,30.85700035095215
2009-06-11,30.8799991607666
2009-06-12,30.95400047302246
2009-06-15,31.19099998474121
2009-06-16,31.22100067138672
2009-06-17,31.270000457763672
2009-06-18,30.757999420166016
2009-06-19,30.94099998474121
2009-06-22,31.268999099731445
2009-06-23,31.23900032043457
2009-06-24,31.139999389648438
2009-06-25,31.207000732421875
2009-06-26,31.05699920654297
2009-06-29,31.104999542236328
2009-06-30,31.073999404907227
2009-07-01,31.09630012512207
2009-07-02,31.128999710083008
2009-07-03,31.16200065612793
2009-07-06,31.349000930786133
2009-07-07,31.5575008392334
2009-07-08,31.845500946044922
2009-07-09,31.780099868774414
2009-07-10,32.601200103759766
2009-07-13,32.67770004272461
2009-07-14,32.26359939575195
2009-07-15,31.83300018310547
2009-07-16,31.576000213623047
2009-07-17,31.778499603271484
2009-07-20,31.02549934387207
2009-07-21,30.999500274658203
2009-07-22,31.16029930114746
2009-07-23,31.202499389648438
2009-07-24,30.965499877929688
2009-07-27,30.699499130249023
2009-07-28,31.08449935913086
2009-07-29,31.57699966430664
2009-07-30,31.514999389648438
2009-07-31,31.540000915527344
2009-08-03,31.05620002746582
2009-08-04,31.08300018310547
2009-08-05,31.158000946044922
2009-08-06,31.3174991607666
2009-08-07,31.487600326538086
2009-08-10,31.801300048828125
2009-08-11,32.21590042114258
2009-08-12,32.2859992980957
2009-08-13,31.645200729370117
2009-08-14,31.696500778198242
2009-08-17,32.18510055541992
2009-08-18,32.404300689697266
2009-08-19,32.404300689697266
2009-08-20,31.805099487304688
2009-08-21,31.638500213623047
2009-08-24,31.408000946044922
2009-08-25,32.404300689697266
2009-08-26,32.404300689697266
2009-08-27,32.404300689697266
2009-08-28,31.000999450683594
2009-08-31,32.404300689697266
2009-09-01,32.404300689697266
2009-09-02,32.404300689697266
2009-09-03,32.404300689697266
2009-09-04,31.605600357055664
2009-09-07,32.404300689697266
2009-09-08,32.404300689697266
2009-09-09,32.404300689697266
2009-09-10,30.822799682617188
2009-09-11,30.82229995727539
2009-09-14,32.404300689697266
2009-09-15,30.81999969482422
2009-09-16,32.404300689697266
2009-09-17,30.31399917602539
2009-09-18,30.23699951171875
2009-09-21,30.374000549316406
2009-09-22,32.404300689697266
2009-09-23,30.045000076293945
2009-09-24,29.52199935913086
2009-09-25,30.12299919128418
2009-09-28,30.10099983215332
2009-09-29,30.079999923706055
2009-09-30,30.047700881958008
2009-10-01,30.10700035095215
2009-10-02,29.409000396728516
2009-10-05,29.999000549316406
2009-10-06,29.80299949645996
2009-10-07,29.711700439453125
2009-10-08,29.55660057067871
2009-10-09,29.628000259399414
2009-10-12,29.50200080871582
2009-10-13,29.53350067138672
2009-10-14,29.481000900268555
2009-10-15,29.3927001953125
2009-10-16,29.406700134277344
2009-10-19,29.283199310302734
2009-10-20,29.12299919128418
2009-10-21,29.15399932861328
2009-10-22,29.02400016784668
2009-10-23,28.996000289916992
2009-10-26,28.840900421142578
2009-10-27,29.19219970703125
2009-10-28,29.25
2009-10-29,29.166000366210938
2009-10-30,29.184999465942383
2009-11-02,29.23550033569336
2009-11-03,29.304800033569336
2009-11-04,29.13719940185547
2009-11-05,28.978599548339844
2009-11-06,29.055999755859375
2009-11-09,28.722400665283203
2009-11-10,28.69499969482422
2009-11-11,28.662500381469727
2009-11-12,28.787200927734375
2009-11-13,28.12700080871582
2009-11-16,28.652999877929688
2009-11-17,28.773700714111328
2009-11-18,28.705900192260742
2009-11-19,28.78070068359375
2009-11-20,28.983299255371094
2009-11-23,28.766199111938477
2009-11-24,28.770099639892578
2009-11-25,28.770000457763672
2009-11-26,29.243999481201172
2009-11-27,29.302499771118164
2009-11-30,29.219999313354492
2009-12-01,29.062700271606445
2009-12-02,29.341999053955078
2009-12-03,29.1697998046875
2009-12-04,29.533100128173828
2009-12-07,29.8439998626709
2009-12-08,30.646299362182617
2009-12-09,30.41200065612793
2009-12-10,30.38279914855957
2009-12-11,30.05299949645996
2009-12-14,30.05500030517578
2009-12-15,30.162700653076172
2009-12-16,30.224000930786133
2009-12-17,30.804500579833984
2009-12-18,30.475200653076172
2009-12-21,30.53689956665039
2009-12-22,30.56049919128418
2009-12-23,30.19499969482422
2009-12-24,29.58300018310547
2009-12-25,29.55500030517578
2009-12-28,29.71500015258789
2009-12-29,29.908899307250977
2009-12-30,30.24519920349121
2009-12-31,29.99519920349121
2010-01-01,29.99519920349121
2010-01-04,30.31399917602539
2010-01-05,29.99519920349121
2010-01-06,29.99519920349121
2010-01-07,29.99519920349121
2010-01-08,29.865999221801758
2010-01-11,29.31369972229004
2010-01-12,29.55970001220703
2010-01-13,29.543500900268555
2010-01-14,29.434999465942383
2010-01-15,29.545900344848633
2010-01-18,29.590999603271484
2010-01-19,29.58799934387207
2010-01-20,29.752300262451172
2010-01-21,29.703899383544922
2010-01-22,29.770099639892578
2010-01-25,30.10409927368164
2010-01-26,30.326000213623047
2010-01-27,30.316999435424805
2010-01-28,30.35300064086914
2010-01-29,30.349599838256836
2010-02-01,30.28499984741211
2010-02-02,30.065000534057617
2010-02-03,29.993999481201172
2010-02-04,30.165000915527344
2010-02-05,30.11079978942871
2010-02-08,30.530000686645508
2010-02-09,30.327699661254883
2010-02-10,30.29680061340332
2010-02-11,30.13159942626953
2010-02-12,30.198999404907227
2010-02-15,30.219600677490234
2010-02-16,29.991500854492188
2010-02-17,30.116100311279297
2010-02-18,30.025999069213867
2010-02-19,29.965700149536133
2010-02-22,29.975500106811523
2010-02-23,29.98699951171875
2010-02-24,29.99920082092285
2010-02-25,30.003000259399414
2010-02-26,29.92449951171875
2010-03-01,29.950300216674805
2010-03-02,29.975000381469727
2010-03-03,29.760000228881836
2010-03-04,29.809200286865234
2010-03-05,29.820100784301758
2010-03-08,29.74850082397461
2010-03-09,29.729000091552734
2010-03-10,29.589799880981445
2010-03-11,29.44700050354004
2010-03-12,29.277000427246094
2010-03-15,29.44300079345703
2010-03-16,29.321399688720703
2010-03-17,29.137500762939453
2010-03-18,29.202800750732422
2010-03-19,29.26729965209961
2010-03-22,29.521499633789062
2010-03-23,29.533000946044922
2010-03-24,29.69099998474121
2010-03-25,29.52389907836914
2010-03-26,29.586000442504883
2010-03-29,29.47949981689453
2010-03-30,29.50950050354004
2010-03-31,29.423500061035156
2010-04-01,29.352500915527344
2010-04-02,29.235000610351562
2010-04-05,29.17020034790039
2010-04-06,29.315000534057617
2010-04-07,29.302000045776367
2010-04-08,29.418500900268555
2010-04-09,29.135000228881836
2010-04-12,29.007999420166016
2010-04-13,29.014999389648438
2010-04-14,28.966400146484375
2010-04-15,28.99250030517578
2010-04-16,29.056499481201172
2010-04-19,29.136499404907227
2010-04-20,29.08880043029785
2010-04-21,29.124300003051758
2010-04-22,29.18120002746582
2010-04-23,29.105499267578125
2010-04-26,29.038000106811523
2010-04-27,29.349000930786133
2010-04-28,29.329500198364258
2010-04-29,29.23900032043457
2010-04-30,29.204999923706055
2010-05-03,29.295000076293945
2010-05-04,29.58530044555664
2010-05-05,30.035600662231445
2010-05-06,30.70800018310547
2010-05-07,30.49049949645996
2010-05-10,30.43440055847168
2010-05-11,30.211000442504883
2010-05-12,30.01300048828125
2010-05-13,29.987499237060547
2010-05-14,30.344999313354492
2010-05-17,30.526500701904297
2010-05-18,30.491500854492188
2010-05-19,30.493000030517578
2010-05-20,31.41950035095215
2010-05-21,31.084999084472656
2010-05-24,31.04400062561035
2010-05-25,31.431499481201172
2010-05-26,31.18000030517578
2010-05-27,30.64349937438965
2010-05-28,30.641599655151367
2010-05-31,30.885000228881836
2010-06-01,31.192800521850586
2010-06-02,31.15530014038086
2010-06-03,31.145999908447266
2010-06-04,31.5049991607666
2010-06-07,31.8435001373291
2010-06-08,31.80299949645996
2010-06-09,31.674999237060547
2010-06-10,31.55500030517578
2010-06-11,31.59749984741211
2010-06-14,31.415199279785156
2010-06-15,31.259000778198242
2010-06-16,31.200700759887695
2010-06-17,30.93400001525879
2010-06-18,30.976999282836914
2010-06-21,30.822799682617188
2010-06-22,30.914600372314453
2010-06-23,31.00029945373535
2010-06-24,31.045000076293945
2010-06-25,30.98150062561035
2010-06-28,31.06049919128418
2010-06-29,31.315200805664062
2010-06-30,31.25149917602539
2010-07-01,31.024999618530273
2010-07-02,31.090499877929688
2010-07-05,31.134000778198242
2010-07-06,30.984500885009766
2010-07-07,30.989500045776367
2010-07-08,30.818899154663086
2010-07-09,30.864999771118164
2010-07-12,30.764999389648438
2010-07-13,30.587499618530273
2010-07-14,30.545000076293945
2010-07-15,30.360000610351562
2010-07-16,30.507999420166016
2010-07-19,30.515300750732422
2010-07-20,30.489099502563477
2010-07-21,30.491500854492188
2010-07-22,30.347999572753906
2010-07-23,30.335100173950195
2010-07-26,30.264999389648438
2010-07-27,30.171499252319336
2010-07-28,30.23200035095215
2010-07-29,30.174999237060547
2010-07-30,30.274999618530273
2010-08-02,29.969999313354492
2010-08-03,29.71649932861328
2010-08-04,29.71649932861328
2010-08-05,29.81399917602539
2010-08-06,29.83799934387207
2010-08-09,29.75029945373535
2010-08-10,29.898000717163086
2010-08-11,30.01300048828125
2010-08-12,30.365999221801758
2010-08-13,30.55699920654297
2010-08-16,30.520000457763672
2010-08-17,30.46299934387207
2010-08-18,30.389999389648438
2010-08-19,30.41900062561035
2010-08-20,30.413999557495117
2010-08-23,30.63599967956543
2010-08-24,30.67099952697754
2010-08-25,30.780000686645508
2010-08-26,30.94700050354004
2010-08-27,30.67099952697754
2010-08-30,30.680999755859375
2010-08-31,30.652000427246094
2010-09-01,30.757999420166016
2010-09-02,30.690000534057617
2010-09-03,30.676000595092773
2010-09-06,30.601999282836914
2010-09-07,30.60700035095215
2010-09-08,30.833999633789062
2010-09-09,30.79800033569336
2010-09-10,30.81800079345703
2010-09-13,30.861000061035156
2010-09-14,30.641000747680664
2010-09-15,30.591999053955078
2010-09-16,30.92099952697754
2010-09-17,31.288999557495117
2010-09-20,30.957000732421875
2010-09-21,31.042999267578125
2010-09-22,31.034000396728516
2010-09-23,30.968000411987305
2010-09-24,31.000999450683594
2010-09-27,30.732999801635742
2010-09-28,30.507999420166016
2010-09-29,30.433000564575195
2010-09-30,30.39699935913086
2010-10-01,30.54400062561035
2010-10-04,30.43899917602539
2010-10-05,30.447999954223633
2010-10-06,30.00200080871582
2010-10-07,29.82200050354004
2010-10-08,29.750999450683594
2010-10-11,29.823999404907227
2010-10-12,29.88599967956543
2010-10-13,30.077999114990234
2010-10-14,30.091999053955078
2010-10-15,30.020999908447266
2010-10-18,30.290000915527344
2010-10-19,30.36199951171875
2010-10-20,30.64900016784668
2010-10-21,30.6560001373291
2010-10-22,30.551000595092773
2010-10-25,30.32200050354004
2010-10-26,30.26799964904785
2010-10-27,30.42300033569336
2010-10-28,30.65999984741211
2010-10-29,30.65999984741211
2010-11-01,30.788999557495117
2010-11-02,30.80299949645996
2010-11-03,30.749000549316406
2010-11-04,30.795000076293945
2010-11-05,30.451000213623047
2010-11-08,30.493999481201172
2010-11-09,30.80900001525879
2010-11-10,30.625999450683594
2010-11-11,30.707000732421875
2010-11-12,30.594999313354492
2010-11-15,30.768999099731445
2010-11-16,30.972999572753906
2010-11-17,31.141000747680664
2010-11-18,31.280000686645508
2010-11-19,31.054000854492188
2010-11-22,31.086999893188477
2010-11-23,31.128000259399414
2010-11-24,31.33300018310547
2010-11-25,31.23900032043457
2010-11-26,31.135000228881836
2010-11-29,31.440099716186523
2010-11-30,31.33919906616211
2010-12-01,31.5221004486084
2010-12-02,31.35849952697754
2010-12-03,31.460399627685547
2010-12-06,31.287500381469727
2010-12-07,31.215499877929688
2010-12-08,31.128000259399414
2010-12-09,31.030000686645508
2010-12-10,30.927499771118164
2010-12-13,30.92099952697754
2010-12-14,30.687999725341797
2010-12-15,30.714500427246094
2010-12-16,30.80500030517578
2010-12-17,30.7189998626709
2010-12-20,30.66469955444336
2010-12-21,30.837099075317383
2010-12-22,30.726699829101562
2010-12-23,30.63520050048828
2010-12-24,30.61840057373047
2010-12-27,30.44770050048828
2010-12-28,30.350200653076172
2010-12-29,30.347299575805664
2010-12-30,30.443700790405273
2010-12-31,30.55229949951172
2011-01-03,30.425199508666992
2011-01-04,30.425199508666992
2011-01-05,30.425199508666992
2011-01-06,30.425199508666992
2011-01-07,30.425199508666992
2011-01-10,30.425199508666992
2011-01-11,30.425199508666992
2011-01-12,30.54800033569336
2011-01-13,30.090499877929688
2011-01-14,29.937000274658203
2011-01-17,29.988800048828125
2011-01-18,29.976699829101562
2011-01-19,29.88800048828125
2011-01-20,29.82830047607422
2011-01-21,29.25
2011-01-24,29.91939926147461
2011-01-25,29.833999633789062
2011-01-26,29.701000213623047
2011-01-27,29.70549964904785
2011-01-28,29.586000442504883
2011-01-31,29.678199768066406
2011-02-01,29.78499984741211
2011-02-02,29.612899780273438
2011-02-03,29.434999465942383
2011-02-04,29.43600082397461
2011-02-07,29.388099670410156
2011-02-08,29.25790023803711
2011-02-09,29.25309944152832
2011-02-10,29.240299224853516
2011-02-11,29.30739974975586
2011-02-14,29.292800903320312
2011-02-15,29.277000427246094
2011-02-16,29.31800079345703
2011-02-17,29.206499099731445
2011-02-18,29.231000900268555
2011-02-21,29.148700714111328
2011-02-22,29.135000228881836
2011-02-23,29.27400016784668
2011-02-24,29.181499481201172
2011-02-25,28.993999481201172
2011-02-28,28.924999237060547
2011-03-01,28.858999252319336
2011-03-02,28.736600875854492
2011-03-03,28.379499435424805
2011-03-04,28.159900665283203
2011-03-07,28.194299697875977
2011-03-08,28.183000564575195
2011-03-09,28.180999755859375
2011-03-10,28.355199813842773
2011-03-11,28.604000091552734
2011-03-14,28.735300064086914
2011-03-15,28.525699615478516
2011-03-16,28.818899154663086
2011-03-17,28.63159942626953
2011-03-18,28.6476993560791
2011-03-21,28.468900680541992
2011-03-22,28.296499252319336
2011-03-23,28.23419952392578
2011-03-24,28.33139991760254
2011-03-25,28.315399169921875
2011-03-28,27.72100067138672
2011-03-29,28.322500228881836
2011-03-30,28.350000381469727
2011-03-31,28.517000198364258
2011-04-01,28.409000396728516
2011-04-04,28.4064998626709
2011-04-05,28.276199340820312
2011-04-06,28.334199905395508
2011-04-07,28.133699417114258
2011-04-08,28.191600799560547
2011-04-11,28.031999588012695
2011-04-12,28.024900436401367
2011-04-13,28.03820037841797
2011-04-14,28.09320068359375
2011-04-18,28.136499404907227
2011-04-19,28.27519989013672
2011-04-20,28.308700561523438
2011-04-21,28.060199737548828
2011-04-22,27.924999237060547
2011-04-25,28.010000228881836
2011-04-26,27.842500686645508
2011-04-27,27.81570053100586
2011-04-28,27.695199966430664
2011-04-29,27.516199111938477
2011-05-02,27.34309959411621
2011-05-03,27.315200805664062
2011-05-04,27.34869956970215
2011-05-05,27.15489959716797
2011-05-06,27.402799606323242
2011-05-09,27.595199584960938
2011-05-10,27.8302001953125
2011-05-11,27.74250030517578
2011-05-12,27.693700790405273
2011-05-13,28.02519989013672
2011-05-16,27.922500610351562
2011-05-17,28.116500854492188
2011-05-18,28.127300262451172
2011-05-19,28.07270050048828
2011-05-20,27.94700050354004
2011-05-23,28.010000228881836
2011-05-24,28.477800369262695
2011-05-25,28.352500915527344
2011-05-26,28.352399826049805
2011-05-27,28.162500381469727
2011-05-30,28.02389907836914
2011-05-31,27.998300552368164
2011-06-01,27.97369956970215
2011-06-02,27.90019989013672
2011-06-03,27.884599685668945
2011-06-06,27.93120002746582
2011-06-07,27.809999465942383
2011-06-08,27.715999603271484
2011-06-09,27.73870086669922
2011-06-10,27.692699432373047
2011-06-13,27.32900047302246
2011-06-14,27.92650032043457
2011-06-15,27.86750030517578
2011-06-16,27.967500686645508
2011-06-17,28.172700881958008
2011-06-20,28.04599952697754
2011-06-21,28.04509925842285
2011-06-22,27.937700271606445
2011-06-23,27.957700729370117
2011-06-24,28.219999313354492
2011-06-27,28.15169906616211
2011-06-28,28.31999969482422
2011-06-29,28.05389976501465
2011-06-30,27.96769905090332
2011-07-01,27.8927001953125
2011-07-04,27.836000442504883
2011-07-05,27.804500579833984
2011-07-06,27.855199813842773
2011-07-07,27.96179962158203
2011-07-08,27.869800567626953
2011-07-11,28.03070068359375
2011-07-12,28.210100173950195
2011-07-13,28.315000534057617
2011-07-14,27.945899963378906
2011-07-15,28.102100372314453
2011-07-18,27.39900016784668
2011-07-19,28.134899139404297
2011-07-20,28.02910041809082
2011-07-21,27.912099838256836
2011-07-22,27.688400268554688
2011-07-25,27.72800064086914
2011-07-26,27.684499740600586
2011-07-27,27.493000030517578
2011-07-28,27.497600555419922
2011-07-29,27.545299530029297
2011-08-01,27.621999740600586
2011-08-02,27.74650001525879
2011-08-03,27.834699630737305
2011-08-04,27.81290054321289
2011-08-05,28.229400634765625
2011-08-08,28.24650001525879
2011-08-09,28.92770004272461
2011-08-10,29.837499618530273
2011-08-11,29.675199508666992
2011-08-12,29.424400329589844
2011-08-15,28.962600708007812
2011-08-16,28.611400604248047
2011-08-17,28.631399154663086
2011-08-18,28.7731990814209
2011-08-19,29.038400650024414
2011-08-22,28.980199813842773
2011-08-23,29.099599838256836
2011-08-24,28.906999588012695
2011-08-25,28.920400619506836
2011-08-26,28.886199951171875
2011-08-29,28.713199615478516
2011-08-30,28.708200454711914
2011-08-31,28.842899322509766
2011-09-01,28.793100357055664
2011-09-02,28.941600799560547
2011-09-05,29.14229965209961
2011-09-06,29.463899612426758
2011-09-07,29.579700469970703
2011-09-08,29.39940071105957
2011-09-09,29.59819984436035
2011-09-12,30.064199447631836
2011-09-13,30.219600677490234
2011-09-14,30.19659996032715
2011-09-15,30.391199111938477
2011-09-16,30.338300704956055
2011-09-19,30.578500747680664
2011-09-20,31.27519989013672
2011-09-21,31.390199661254883
2011-09-22,31.645200729370117
2011-09-23,32.04909896850586
2011-09-26,31.942699432373047
2011-09-27,32.30609893798828
2011-09-28,31.675199508666992
2011-09-29,31.715200424194336
2011-09-30,31.972700119018555
2011-10-03,32.199100494384766
2011-10-04,32.56520080566406
2011-10-05,32.707698822021484
2011-10-06,32.105499267578125
2011-10-07,32.2151985168457
2011-10-10,32.080299377441406
2011-10-11,31.54520034790039
2011-10-12,31.507699966430664
2011-10-13,31.02519989013672
2011-10-14,31.17020034790039
2011-10-17,30.87019920349121
2011-10-18,30.881500244140625
2011-10-19,30.898000717163086
2011-10-20,31.024999618530273
2011-10-21,31.412399291992188
2011-10-24,31.030000686645508
2011-10-25,30.4950008392334
2011-10-26,30.465200424194336
2011-10-27,30.628700256347656
2011-10-28,29.82270050048828
2011-10-31,29.6825008392334
2011-11-01,30.304000854492188
2011-11-02,30.782499313354492
2011-11-03,30.52519989013672
2011-11-04,30.375200271606445
2011-11-07,30.52389907836914
2011-11-08,30.29990005493164
2011-11-09,30.2052001953125
2011-11-10,30.645200729370117
2011-11-11,30.526500701904297
2011-11-14,30.0625
2011-11-15,30.503700256347656
2011-11-16,30.58370018005371
2011-11-17,30.696199417114258
2011-11-18,30.901199340820312
2011-11-21,30.805200576782227
2011-11-22,31.079999923706055
2011-11-23,31.011199951171875
2011-11-24,31.389999389648438
2011-11-25,31.4424991607666
2011-11-28,31.476200103759766
2011-11-29,31.364200592041016
2011-11-30,30.791000366210938
2011-12-01,30.6737003326416
2011-12-02,30.259700775146484
2011-12-05,30.934999465942383
2011-12-06,30.95549964904785
2011-12-07,30.99850082397461
2011-12-08,30.875999450683594
2011-12-09,31.0674991607666
2011-12-12,31.413700103759766
2011-12-13,31.582500457763672
2011-12-14,31.59869956970215
2011-12-15,31.774999618530273
2011-12-16,31.6737003326416
2011-12-19,31.883699417114258
2011-12-20,32.08470153808594
2011-12-21,31.907699584960938
2011-12-22,31.635000228881836
2011-12-23,31.3174991607666
2011-12-26,30.93269920349121
2011-12-27,31.037500381469727
2011-12-28,31.360200881958008
2011-12-29,31.72450065612793
2011-12-30,31.96419906616211
2012-01-02,31.98870086669922
2012-01-03,31.98870086669922
2012-01-04,31.749000549316406
2012-01-05,31.751300811767578
2012-01-06,32.002601623535156
2012-01-09,31.92289924621582
2012-01-10,31.843799591064453
2012-01-11,31.550199508666992
2012-01-12,31.695199966430664
2012-01-13,31.46269989013672
2012-01-16,31.224000930786133
2012-01-17,31.569000244140625
2012-01-18,31.54520034790039
2012-01-19,31.357500076293945
2012-01-20,31.291200637817383
2012-01-23,31.255599975585938
2012-01-24,30.825199127197266
2012-01-25,30.755199432373047
2012-01-26,30.445199966430664
2012-01-27,30.312700271606445
2012-01-30,30.11359977722168
2012-01-31,30.350000381469727
2012-02-01,30.048200607299805
2012-02-02,30.125200271606445
2012-02-03,30.158599853515625
2012-02-06,30.17340087890625
2012-02-07,29.957500457763672
2012-02-08,29.74020004272461
2012-02-09,29.725200653076172
2012-02-10,29.709199905395508
2012-02-13,29.982200622558594
2012-02-14,29.901199340820312
2012-02-15,30.033199310302734
2012-02-16,30.081199645996094
2012-02-17,30.03420066833496
2012-02-20,29.873199462890625
2012-02-21,29.77720069885254
2012-02-22,29.733200073242188
2012-02-23,29.678199768066406
2012-02-24,29.531200408935547
2012-02-27,29.140199661254883
2012-02-28,28.998199462890625
2012-02-29,28.998199462890625
2012-03-01,29.188199996948242
2012-03-02,29.12019920349121
2012-03-05,29.3302001953125
2012-03-06,29.336200714111328
2012-03-07,29.632200241088867
2012-03-08,29.608200073242188
2012-03-09,29.34320068359375
2012-03-12,29.448200225830078
2012-03-13,29.608200073242188
2012-03-14,29.425199508666992
2012-03-15,29.568199157714844
2012-03-16,29.42020034790039
2012-03-19,29.208200454711914
2012-03-20,29.099199295043945
2012-03-21,29.239200592041016
2012-03-22,29.25200080871582
2012-03-23,29.436199188232422
2012-03-26,29.270200729370117
2012-03-27,28.944000244140625
2012-03-28,29.03219985961914
2012-03-29,29.35919952392578
2012-03-30,29.40920066833496
2012-04-02,29.336200714111328
2012-04-03,29.283199310302734
2012-04-04,29.272199630737305
2012-04-05,29.427200317382812
2012-04-06,29.379199981689453
2012-04-09,29.54319953918457
2012-04-10,29.59320068359375
2012-04-11,29.827199935913086
2012-04-12,29.6112003326416
2012-04-13,29.401199340820312
2012-04-16,29.629199981689453
2012-04-17,29.588199615478516
2012-04-18,29.488000869750977
2012-04-19,29.487199783325195
2012-04-20,29.476200103759766
2012-04-23,29.426000595092773
2012-04-24,29.46820068359375
2012-04-25,29.34320068359375
2012-04-26,29.337200164794922
2012-04-27,29.310199737548828
2012-04-30,29.270200729370117
2012-05-01,29.379199981689453
2012-05-02,29.303199768066406
2012-05-03,29.322999954223633
2012-05-04,29.51919937133789
2012-05-07,29.75320053100586
2012-05-08,30.009000778198242
2012-05-09,30.12220001220703
2012-05-10,30.353200912475586
2012-05-11,30.138200759887695
2012-05-14,30.166200637817383
2012-05-15,30.37420082092285
2012-05-16,30.66320037841797
2012-05-17,31.018199920654297
2012-05-18,31.094200134277344
2012-05-21,31.235200881958008
2012-05-22,31.076200485229492
2012-05-23,31.23710060119629
2012-05-24,31.63920021057129
2012-05-25,31.75320053100586
2012-05-28,32.049198150634766
2012-05-29,32.07120132446289
2012-05-30,32.265201568603516
2012-05-31,32.76620101928711
2012-06-01,33.314701080322266
2012-06-04,33.62369918823242
2012-06-05,33.43920135498047
2012-06-06,33.05860137939453
2012-06-07,32.31919860839844
2012-06-08,32.41619873046875
2012-06-11,32.04119873046875
2012-06-12,32.731201171875
2012-06-13,32.870201110839844
2012-06-14,32.470001220703125
2012-06-15,32.496700286865234
2012-06-18,32.327999114990234
2012-06-19,32.37369918823242
2012-06-20,32.303199768066406
2012-06-21,32.55220031738281
2012-06-22,33.168701171875
2012-06-25,33.09320068359375
2012-06-26,33.1697998046875
2012-06-27,32.814701080322266
2012-06-28,32.948299407958984
2012-06-29,33.12590026855469
2012-07-02,32.27920150756836
2012-07-03,32.58000183105469
2012-07-04,32.20289993286133
2012-07-05,32.30820083618164
2012-07-06,32.579200744628906
2012-07-09,32.950199127197266
2012-07-10,32.786800384521484
2012-07-11,32.87070083618164
2012-07-12,32.66320037841797
2012-07-13,32.737998962402344
2012-07-16,32.52320098876953
2012-07-17,32.4922981262207
2012-07-18,32.33209991455078
2012-07-19,32.20920181274414
2012-07-20,31.820199966430664
2012-07-23,32.03419876098633
2012-07-24,32.61709976196289
2012-07-25,32.91630172729492
2012-07-26,32.65190124511719
2012-07-27,32.28010177612305
2012-07-30,32.02690124511719
2012-07-31,32.158199310302734
2012-08-01,32.19919967651367
2012-08-02,32.40019989013672
2012-08-03,32.62810134887695
2012-08-06,32.019798278808594
2012-08-07,31.574199676513672
2012-08-08,31.532800674438477
2012-08-09,31.506200790405273
2012-08-10,31.66819953918457
2012-08-13,31.801000595092773
2012-08-14,31.833200454711914
2012-08-15,31.815099716186523
2012-08-16,31.785200119018555
2012-08-17,31.78019905090332
2012-08-20,31.9862003326416
2012-08-21,31.982200622558594
2012-08-22,31.74799919128418
2012-08-23,31.62529945373535
2012-08-24,31.75
2012-08-27,31.767200469970703
2012-08-28,31.857200622558594
2012-08-29,31.966999053955078
2012-08-30,32.198001861572266
2012-08-31,32.537200927734375
2012-09-03,32.27619934082031
2012-09-04,32.265201568603516
2012-09-05,32.312198638916016
2012-09-06,32.23820114135742
2012-09-07,31.93720054626465
2012-09-10,31.652000427246094
2012-09-11,31.647300720214844
2012-09-12,31.460100173950195
2012-09-13,31.420000076293945
2012-09-14,31.03969955444336
2012-09-17,30.4960994720459
2012-09-18,30.639999389648438
2012-09-19,30.887699127197266
2012-09-20,31.146900177001953
2012-09-21,31.10420036315918
2012-09-24,31.037200927734375
2012-09-25,31.095199584960938
2012-09-26,31.172700881958008
2012-09-27,31.291200637817383
2012-09-28,30.89929962158203
2012-10-01,31.176000595092773
2012-10-02,31.165199279785156
2012-10-03,31.12019920349121
2012-10-04,31.134000778198242
2012-10-05,30.90719985961914
2012-10-08,31.006500244140625
2012-10-09,31.160200119018555
2012-10-10,31.132400512695312
2012-10-11,31.118799209594727
2012-10-12,30.968399047851562
2012-10-15,31.106199264526367
2012-10-16,30.96500015258789
2012-10-17,30.793100357055664
2012-10-18,30.735200881958008
2012-10-19,30.754199981689453
2012-10-22,30.855199813842773
2012-10-23,31.075000762939453
2012-10-24,31.395000457763672
2012-10-25,31.40019989013672
2012-10-26,31.30769920349121
2012-10-29,31.346200942993164
2012-10-30,31.47599983215332
2012-10-31,31.338600158691406
2012-11-01,31.280000686645508
2012-11-02,31.243200302124023
2012-11-05,31.475200653076172
2012-11-06,31.557199478149414
2012-11-07,31.366199493408203
2012-11-08,31.535200119018555
2012-11-09,31.453399658203125
2012-11-12,31.53019905090332
2012-11-13,31.660999298095703
2012-11-14,31.71820068359375
2012-11-15,31.649599075317383
2012-11-16,31.616199493408203
2012-11-19,31.615800857543945
2012-11-20,31.378999710083008
2012-11-21,31.290000915527344
2012-11-22,31.085599899291992
2012-11-23,31.140300750732422
2012-11-26,31.000699996948242
2012-11-27,30.974000930786133
2012-11-28,31.059200286865234
2012-11-29,31.039199829101562
2012-11-30,30.86520004272461
2012-12-03,30.84320068359375
2012-12-04,30.867000579833984
2012-12-05,30.80109977722168
2012-12-06,30.763200759887695
2012-12-07,30.901199340820312
2012-12-10,30.816200256347656
2012-12-11,30.760700225830078
2012-12-12,30.677000045776367
2012-12-13,30.541000366210938
2012-12-14,30.714500427246094
2012-12-17,30.67639923095703
2012-12-18,30.961999893188477
2012-12-19,30.717300415039062
2012-12-20,30.702499389648438
2012-12-21,30.667200088500977
2012-12-24,30.807199478149414
2012-12-25,30.592199325561523
2012-12-26,30.619199752807617
2012-12-27,30.43899917602539
2012-12-28,30.2810001373291
2012-12-31,30.440200805664062
2013-01-01,30.50200080871582
2013-01-02,30.337200164794922
2013-01-03,30.1564998626709
2013-01-04,30.270999908447266
2013-01-07,30.285499572753906
2013-01-08,30.358999252319336
2013-01-09,30.274499893188477
2013-01-10,30.343299865722656
2013-01-11,30.129199981689453
2013-01-14,30.26460075378418
2013-01-15,30.146400451660156
2013-01-16,30.295400619506836
2013-01-17,30.300500869750977
2013-01-18,30.15999984741211
2013-01-21,30.239500045776367
2013-01-22,30.255399703979492
2013-01-23,30.21619987487793
2013-01-24,30.15719985961914
2013-01-25,29.989900588989258
2013-01-28,29.986499786376953
2013-01-29,30.11549949645996
2013-01-30,30.002599716186523
2013-01-31,30.031999588012695
2013-02-01,30.003000259399414
2013-02-04,29.88330078125
2013-02-05,30.06450080871582
2013-02-06,29.902799606323242
2013-02-07,30.05150032043457
2013-02-08,30.15730094909668
2013-02-11,30.14620018005371
2013-02-12,30.08679962158203
2013-02-13,29.994400024414062
2013-02-14,30.03660011291504
2013-02-15,30.045900344848633
2013-02-18,30.09600067138672
2013-02-19,30.107200622558594
2013-02-20,30.041200637817383
2013-02-21,30.205699920654297
2013-02-22,30.396299362182617
2013-02-25,30.324199676513672
2013-02-26,30.5492000579834
2013-02-27,30.582199096679688
2013-02-28,30.441999435424805
2013-03-01,30.64299964904785
2013-03-04,30.63170051574707
2013-03-05,30.730199813842773
2013-03-06,30.571699142456055
2013-03-07,30.715299606323242
2013-03-08,30.682199478149414
2013-03-11,30.75819969177246
2013-03-12,30.68280029296875
2013-03-13,30.697200775146484
2013-03-14,30.774900436401367
2013-03-15,30.722999572753906
2013-03-18,30.87019920349121
2013-03-19,30.81279945373535
2013-03-20,30.953899383544922
2013-03-21,30.78689956665039
2013-03-22,30.932600021362305
2013-03-25,30.726299285888672
2013-03-26,30.91550064086914
2013-03-27,30.852699279785156
2013-03-28,31.055999755859375
2013-03-29,31.052799224853516
2013-04-01,31.009300231933594
2013-04-02,31.020299911499023
2013-04-03,31.26849937438965
2013-04-04,31.618799209594727
2013-04-05,31.54319953918457
2013-04-08,31.596099853515625
2013-04-09,31.189800262451172
2013-04-10,31.001800537109375
2013-04-11,30.83300018310547
2013-04-12,30.800500869750977
2013-04-15,31.04669952392578
2013-04-16,31.444299697875977
2013-04-17,31.232200622558594
2013-04-18,31.831199645996094
2013-04-19,31.493099212646484
2013-04-22,31.616199493408203
2013-04-23,31.499900817871094
2013-04-24,31.616199493408203
2013-04-25,31.41819953918457
2013-04-26,31.12420082092285
2013-04-29,31.187700271606445
2013-04-30,30.930200576782227
2013-05-01,30.999799728393555
2013-05-02,31.287200927734375
2013-05-03,31.132200241088867
2013-05-06,31.056400299072266
2013-05-07,30.972900390625
2013-05-08,31.059499740600586
2013-05-09,31.092100143432617
2013-05-10,31.13759994506836
2013-05-13,31.36520004272461
2013-05-14,31.260700225830078
2013-05-15,31.300600051879883
2013-05-16,31.444000244140625
2013-05-17,31.33930015563965
2013-05-20,31.406600952148438
2013-05-21,31.230199813842773
2013-05-22,31.212400436401367
2013-05-23,31.34709930419922
2013-05-24,31.35919952392578
2013-05-27,31.194299697875977
2013-05-28,31.334199905395508
2013-05-29,31.482999801635742
2013-05-30,31.594200134277344
2013-05-31,31.656400680541992
2013-06-03,31.8981990814209
2013-06-04,31.775100708007812
2013-06-05,31.89940071105957
2013-06-06,32.16109848022461
2013-06-07,32.11320114135742
2013-06-10,32.11320114135742
2013-06-11,32.24660110473633
2013-06-12,32.372501373291016
2013-06-13,32.14350128173828
2013-06-14,31.896499633789062
2013-06-17,31.702199935913086
2013-06-18,31.72369956970215
2013-06-19,31.96299934387207
2013-06-20,32.43519973754883
2013-06-21,32.86949920654297
2013-06-24,32.75
2013-06-25,32.720298767089844
2013-06-26,32.71329879760742
2013-06-27,32.93989944458008
2013-06-28,32.79069900512695
2013-07-01,32.81050109863281
2013-07-02,32.965599060058594
2013-07-03,33.16189956665039
2013-07-04,33.14350128173828
2013-07-05,33.115299224853516
2013-07-08,33.29349899291992
2013-07-09,33.18050003051758
2013-07-10,32.979000091552734
2013-07-11,32.5369987487793
2013-07-12,32.55799865722656
2013-07-15,32.51620101928711
2013-07-16,32.55690002441406
2013-07-17,32.40340042114258
2013-07-18,32.296600341796875
2013-07-19,32.444000244140625
2013-07-22,32.34920120239258
2013-07-23,32.313899993896484
2013-07-24,32.202701568603516
2013-07-25,32.41740036010742
2013-07-26,32.59980010986328
2013-07-29,32.74480056762695
2013-07-30,32.82500076293945
2013-07-31,32.924198150634766
2013-08-01,32.92279815673828
2013-08-02,33.032798767089844
2013-08-05,32.81129837036133
2013-08-06,32.85639953613281
2013-08-07,32.95280075073242
2013-08-08,32.93259811401367
2013-08-09,32.81639862060547
2013-08-12,32.846500396728516
2013-08-13,32.99250030517578
2013-08-14,33.03960037231445
2013-08-15,33.02790069580078
2013-08-16,32.88999938964844
2013-08-19,32.8650016784668
2013-08-20,32.9547004699707
2013-08-21,32.91400146484375
2013-08-22,33.11940002441406
2013-08-23,33.03020095825195
2013-08-26,33.0099983215332
2013-08-27,33.05329895019531
2013-08-28,32.950599670410156
2013-08-29,33.13059997558594
2013-08-30,33.2041015625
2013-09-02,33.2510986328125
2013-09-03,33.35599899291992
2013-09-04,33.498199462890625
2013-09-05,33.278099060058594
2013-09-06,33.413299560546875
2013-09-09,33.25849914550781
2013-09-10,33.13690185546875
2013-09-11,32.93069839477539
2013-09-12,32.73139953613281
2013-09-13,32.6255989074707
2013-09-16,32.345699310302734
2013-09-17,32.28409957885742
2013-09-18,32.18659973144531
2013-09-19,31.77199935913086
2013-09-20,31.640499114990234
2013-09-23,31.83799934387207
2013-09-24,31.78969955444336
2013-09-25,31.841999053955078
2013-09-26,32.07830047607422
2013-09-27,32.27920150756836
2013-09-30,32.342098236083984
2013-10-01,32.4025993347168
2013-10-02,32.23040008544922
2013-10-03,32.09700012207031
2013-10-04,32.14289855957031
2013-10-07,32.15119934082031
2013-10-09,32.36370086669922
2013-10-10,32.288299560546875
2013-10-11,32.1786994934082
2013-10-14,32.159698486328125
2013-10-15,32.23590087890625
2013-10-16,32.14739990234375
2013-10-17,32.08829879760742
2013-10-18,31.8439998626709
2013-10-21,31.817399978637695
2013-10-22,31.947900772094727
2013-10-23,31.660400390625
2013-10-24,31.72089958190918
2013-10-25,31.667200088500977
2013-10-28,31.78179931640625
2013-10-29,31.85460090637207
2013-10-30,32.06999969482422
2013-10-31,31.956100463867188
2013-11-01,32.04069900512695
2013-11-04,32.339900970458984
2013-11-05,32.34299850463867
2013-11-06,32.46739959716797
2013-11-07,32.359798431396484
2013-11-08,32.392799377441406
2013-11-11,32.6161003112793
2013-11-12,32.813899993896484
2013-11-13,32.872798919677734
2013-11-14,32.72990036010742
2013-11-15,32.7140998840332
2013-11-18,32.542701721191406
2013-11-19,32.515098571777344
2013-11-20,32.66419982910156
2013-11-21,32.870601654052734
2013-11-22,32.981201171875
2013-11-25,32.51100158691406
2013-11-26,32.89619827270508
2013-11-27,32.904598236083984
2013-11-28,33.152000427246094
2013-11-29,33.11920166015625
2013-12-02,33.14500045776367
2013-12-03,33.2052001953125
2013-12-04,33.259498596191406
2013-12-05,33.13420104980469
2013-12-06,32.92179870605469
2013-12-09,32.750999450683594
2013-12-10,32.69900131225586
2013-12-11,32.668701171875
2013-12-12,32.7327995300293
2013-12-13,32.77920150756836
2013-12-16,32.869998931884766
2013-12-17,32.83789825439453
2013-12-18,32.970001220703125
2013-12-19,32.804298400878906
2013-12-20,32.930198669433594
2013-12-23,32.977500915527344
2013-12-24,32.61980056762695
2013-12-25,32.49020004272461
2013-12-26,32.620201110839844
2013-12-27,32.63420104980469
2013-12-30,32.58100128173828
2013-12-31,32.68320083618164
2014-01-01,32.68320083618164
2014-01-02,32.70600128173828
2014-01-03,33.09519958496094
2014-01-06,33.165000915527344
2014-01-07,33.1431999206543
2014-01-08,33.10319900512695
2014-01-09,33.08769989013672
2014-01-10,33.14789962768555
2014-01-13,32.98749923706055
2014-01-14,33.23910140991211
2014-01-15,33.29029846191406
2014-01-16,33.399200439453125
2014-01-17,33.389198303222656
2014-01-20,33.60749816894531
2014-01-21,33.745399475097656
2014-01-22,33.9552001953125
2014-01-23,33.92219924926758
2014-01-24,34.06520080566406
2014-01-27,34.503700256347656
2014-01-28,34.61539840698242
2014-01-29,34.58829879760742
2014-01-30,35.00149917602539
2014-01-31,34.90330123901367
2014-02-03,35.150001525878906
2014-02-04,35.392398834228516
2014-02-05,34.963199615478516
2014-02-06,34.84579849243164
2014-02-07,34.66210174560547
2014-02-10,34.70800018310547
2014-02-11,34.72880172729492
2014-02-12,34.72489929199219
2014-02-13,34.79719924926758
2014-02-14,35.07939910888672
2014-02-17,35.08250045776367
2014-02-18,35.194801330566406
2014-02-19,35.41849899291992
2014-02-20,35.72809982299805
2014-02-21,35.71979904174805
2014-02-24,35.483699798583984
2014-02-25,35.49209976196289
2014-02-26,35.69810104370117
2014-02-27,36.01210021972656
2014-02-28,35.99089813232422
2014-03-03,36.00149917602539
2014-03-04,36.390899658203125
2014-03-05,36.011199951171875
2014-03-06,36.02119827270508
2014-03-07,36.083099365234375
2014-03-10,36.435001373291016
2014-03-11,36.37799835205078
2014-03-12,36.434200286865234
2014-03-13,36.43960189819336
2014-03-14,36.511199951171875
2014-03-17,36.53620147705078
2014-03-18,36.19300079345703
2014-03-19,36.2307014465332
2014-03-20,36.16619873046875
2014-03-21,36.28799819946289
2014-03-24,36.22520065307617
2014-03-25,36.085201263427734
2014-03-26,35.50619888305664
2014-03-27,35.525001525878906
2014-03-28,35.54719924926758
2014-03-31,35.55149841308594
2014-04-01,35.14870071411133
2014-04-02,35.00550079345703
2014-04-03,35.424198150634766
2014-04-04,35.52119827270508
2014-04-07,34.95000076293945
2014-04-08,35.55339813232422
2014-04-09,35.6619987487793
2014-04-10,35.49169921875
2014-04-11,35.55419921875
2014-04-14,35.60020065307617
2014-04-15,35.922698974609375
2014-04-16,36.16939926147461
2014-04-17,35.993099212646484
2014-04-18,35.431400299072266
2014-04-21,35.417198181152344
2014-04-22,35.649200439453125
2014-04-23,35.66120147705078
2014-04-24,35.66339874267578
2014-04-25,35.71419906616211
2014-04-28,36.01499938964844
2014-04-29,35.8296012878418
2014-04-30,35.620399475097656
2014-05-01,35.593101501464844
2014-05-02,35.35749816894531
2014-05-05,35.66619873046875
2014-05-06,35.65599822998047
2014-05-07,35.4031982421875
2014-05-08,34.8931999206543
2014-05-09,35.022300720214844
2014-05-12,35.18119812011719
2014-05-13,34.99319839477539
2014-05-14,34.783199310302734
2014-05-15,34.5989990234375
2014-05-16,34.74580001831055
2014-05-19,34.662200927734375
2014-05-20,34.51919937133789
2014-05-21,34.498199462890625
2014-05-22,34.27069854736328
2014-05-23,34.322200775146484
2014-05-26,34.053199768066406
2014-05-27,34.164398193359375
2014-05-28,34.36119842529297
2014-05-29,34.52320098876953
2014-05-30,34.617698669433594
2014-06-02,34.864200592041016
2014-06-03,34.88420104980469
2014-06-04,35.04899978637695
2014-06-05,34.94350051879883
2014-06-06,34.685001373291016
2014-06-09,34.39720153808594
2014-06-10,34.2932014465332
2014-06-11,34.28919982910156
2014-06-12,34.34109878540039
2014-06-13,34.33649826049805
2014-06-16,34.36320114135742
2014-06-17,34.593101501464844
2014-06-18,34.803199768066406
2014-06-19,34.331199645996094
2014-06-20,34.34320068359375
2014-06-23,34.437198638916016
2014-06-24,34.08720016479492
2014-06-25,33.76649856567383
2014-06-26,33.757198333740234
2014-06-27,33.622398376464844
2014-06-30,33.72719955444336
2014-07-01,33.84400177001953
2014-07-02,34.31719970703125
2014-07-03,34.2932014465332
2014-07-04,34.150699615478516
2014-07-07,34.34320068359375
2014-07-08,34.390201568603516
2014-07-09,34.19269943237305
2014-07-10,33.63750076293945
2014-07-11,33.899200439453125
2014-07-14,34.1974983215332
2014-07-15,34.31039810180664
2014-07-16,34.36320114135742
2014-07-17,34.615501403808594
2014-07-18,35.14820098876953
2014-07-21,35.06919860839844
2014-07-22,35.153099060058594
2014-07-23,34.91999816894531
2014-07-24,34.792598724365234
2014-07-25,35.02750015258789
2014-07-28,35.10419845581055
2014-07-29,35.58769989013672
2014-07-30,35.60459899902344
2014-07-31,35.560001373291016
2014-08-01,35.63010025024414
2014-08-04,35.72520065307617
2014-08-05,35.69139862060547
2014-08-06,36.00320053100586
2014-08-07,36.081600189208984
2014-08-08,36.28919982910156
2014-08-11,36.12820053100586
2014-08-12,35.88079833984375
2014-08-13,36.144798278808594
2014-08-14,35.99620056152344
2014-08-15,35.99720001220703
2014-08-18,36.05120086669922
2014-08-19,36.013099670410156
2014-08-20,36.14120101928711
2014-08-21,36.14670181274414
2014-08-22,35.96030044555664
2014-08-25,36.04819869995117
2014-08-26,36.041099548339844
2014-08-27,35.995201110839844
2014-08-28,36.11750030517578
2014-08-29,36.618099212646484
2014-09-01,36.94419860839844
2014-09-02,37.28820037841797
2014-09-03,37.42919921875
2014-09-04,36.77109909057617
2014-09-05,36.8671989440918
2014-09-08,36.89820098876953
2014-09-09,36.92649841308594
2014-09-10,37.0276985168457
2014-09-11,37.27519989013672
2014-09-12,37.39799880981445
2014-09-15,37.752201080322266
2014-09-16,38.335201263427734
2014-09-17,38.299198150634766
2014-09-18,38.36819839477539
2014-09-19,38.3473014831543
2014-09-22,38.356201171875
2014-09-23,38.62630081176758
2014-09-24,38.540199279785156
2014-09-25,38.14419937133789
2014-09-26,38.47019958496094
2014-09-29,39.05619812011719
2014-09-30,39.325199127197266
2014-10-01,39.56159973144531
2014-10-02,39.70000076293945
2014-10-03,39.4911994934082
2014-10-06,40.098201751708984
2014-10-07,39.70220184326172
2014-10-08,39.72370147705078
2014-10-09,39.942901611328125
2014-10-10,40.02320098876953
2014-10-13,40.34920120239258
2014-10-14,40.4031982421875
2014-10-15,40.89419937133789
2014-10-16,40.49620056152344
2014-10-17,40.7156982421875
2014-10-20,40.6161994934082
2014-10-21,40.942298889160156
2014-10-22,40.85219955444336
2014-10-23,41.32889938354492
2014-10-24,41.6421012878418
2014-10-27,41.87220001220703
2014-10-28,42.22779846191406
2014-10-29,42.415199279785156
2014-10-30,43.00809860229492
2014-10-31,41.01300048828125
2014-11-03,42.94820022583008
2014-11-04,43.36130142211914
2014-11-05,43.741600036621094
2014-11-06,44.81119918823242
2014-11-07,46.88520050048828
2014-11-10,46.41600036621094
2014-11-11,46.154998779296875
2014-11-12,46.43519973754883
2014-11-13,45.918701171875
2014-11-14,46.685001373291016
2014-11-17,47.279998779296875
2014-11-18,47.1150016784668
2014-11-19,46.859500885009766
2014-11-20,46.8125
2014-11-21,46.125
2014-11-24,45.66450119018555
2014-11-25,45.003700256347656
2014-11-26,46.255001068115234
2014-11-27,47.40999984741211
2014-11-28,49.257999420166016
2014-12-01,50.26250076293945
2014-12-02,50.93000030517578
2014-12-03,53.85499954223633
2014-12-04,53.079498291015625
2014-12-05,54.22370147705078
2014-12-08,52.67499923706055
2014-12-09,53.76020050048828
2014-12-10,54.060001373291016
2014-12-11,54.85499954223633
2014-12-12,54.6254997253418
2014-12-15,58.185001373291016
2014-12-16,65.5094985961914
2014-12-17,68.0250015258789
2014-12-18,65.0199966430664
2014-12-19,62.03049850463867
2014-12-22,58.858001708984375
2014-12-23,55.849998474121094
2014-12-24,54.619998931884766
2014-12-25,54.04999923706055
2014-12-26,51.18000030517578
2014-12-29,53.474998474121094
2014-12-30,57.83000183105469
2014-12-31,56.560001373291016
2015-01-01,60.70000076293945
2015-01-02,58.32500076293945
2015-01-05,58.75
2015-01-06,60.832000732421875
2015-01-07,63.15999984741211
2015-01-08,62.650001525878906
2015-01-09,60.25
2015-01-12,61.43000030517578
2015-01-13,63.185001373291016
2015-01-14,65.18499755859375
2015-01-15,64.05500030517578
2015-01-16,64.68000030517578
2015-01-19,65.26000213623047
2015-01-20,64.80670166015625
2015-01-21,64.97000122070312
2015-01-22,65.2699966430664
2015-01-23,64.30500030517578
2015-01-26,64.01000213623047
2015-01-27,67.80999755859375
2015-01-28,67.95500183105469
2015-01-29,67.79000091552734
2015-01-30,68.73500061035156
2015-02-02,70.03500366210938
2015-02-03,68.3499984741211
2015-02-04,65.08499908447266
2015-02-05,67.76499938964844
2015-02-06,66.37249755859375
2015-02-09,66.98999786376953
2015-02-10,65.68499755859375
2015-02-11,65.31500244140625
2015-02-12,65.02999877929688
2015-02-13,65.25
2015-02-16,63.33000183105469
2015-02-17,63.084999084472656
2015-02-18,63.724998474121094
2015-02-19,61.63999938964844
2015-02-20,61.875
2015-02-23,61.65999984741211
2015-02-24,63.56999969482422
2015-02-25,62.73500061035156
2015-02-26,61.470001220703125
2015-02-27,61.1349983215332
2015-03-02,61.15999984741211
2015-03-03,62.66999816894531
2015-03-04,61.845001220703125
2015-03-05,61.83000183105469
2015-03-06,60.91999816894531
2015-03-09,60.380001068115234
2015-03-10,60.77000045776367
2015-03-11,62.04499816894531
2015-03-12,62.36000061035156
2015-03-13,61.2599983215332
2015-03-16,62.345001220703125
2015-03-17,62.25
2015-03-18,61.41669845581055
2015-03-19,59.345001220703125
2015-03-20,60.03499984741211
2015-03-23,59.23500061035156
2015-03-24,58.70500183105469
2015-03-25,57.7400016784668
2015-03-26,57.40250015258789
2015-03-27,57.310001373291016
2015-03-30,57.89500045776367
2015-03-31,57.525001525878906
2015-04-01,58.152000427246094
2015-04-02,57.553001403808594
2015-04-03,56.55099868774414
2015-04-06,56.691001892089844
2015-04-07,55.44900131225586
2015-04-08,54.91999816894531
2015-04-09,53.64500045776367
2015-04-10,51.983001708984375
2015-04-13,52.239498138427734
2015-04-14,52.082698822021484
2015-04-15,50.9900016784668
2015-04-16,49.797000885009766
2015-04-17,49.763999938964844
2015-04-20,51.98500061035156
2015-04-21,53.369998931884766
2015-04-22,53.57699966430664
2015-04-23,51.79999923706055
2015-04-24,50.810001373291016
2015-04-27,50.85900115966797
2015-04-28,51.90299987792969
2015-04-29,51.099998474121094
2015-04-30,50.98970031738281
2015-05-01,51.584999084472656
2015-05-04,51.370201110839844
2015-05-05,51.96860122680664
2015-05-06,50.553001403808594
2015-05-07,50.89870071411133
2015-05-08,50.25899887084961
2015-05-11,50.91899871826172
2015-05-12,51.15340042114258
2015-05-13,49.98899841308594
2015-05-14,49.308998107910156
2015-05-15,50.05699920654297
2015-05-18,49.42649841308594
2015-05-19,49.07600021362305
2015-05-20,49.503501892089844
2015-05-21,49.513999938964844
2015-05-22,49.90999984741211
2015-05-25,49.96500015258789
2015-05-26,49.952999114990234
2015-05-27,50.888999938964844
2015-05-28,51.97999954223633
2015-05-29,52.529998779296875
2015-06-01,52.316001892089844
2015-06-02,53.542999267578125
2015-06-03,52.7056999206543
2015-06-04,54.25699996948242
2015-06-05,56.354000091552734
2015-06-08,56.23970031738281
2015-06-09,55.939998626708984
2015-06-10,55.54349899291992
2015-06-11,54.29999923706055
2015-06-12,54.68370056152344
2015-06-15,55.010501861572266
2015-06-16,54.50550079345703
2015-06-17,53.6609992980957
2015-06-18,53.66999816894531
2015-06-19,53.2400016784668
2015-06-22,54.040000915527344
2015-06-23,53.91999816894531
2015-06-24,53.77000045776367
2015-06-25,54.4900016784668
2015-06-26,54.678001403808594
2015-06-29,54.81050109863281
2015-06-30,55.650699615478516
2015-07-01,55.214698791503906
2015-07-02,55.80419921875
2015-07-03,55.487998962402344
2015-07-06,55.955501556396484
2015-07-07,56.85350036621094
2015-07-08,56.625
2015-07-09,57.470001220703125
2015-07-10,57.21950149536133
2015-07-13,56.2599983215332
2015-07-14,56.51070022583008
2015-07-15,56.43000030517578
2015-07-16,56.86000061035156
2015-07-17,56.904998779296875
2015-07-20,56.939998626708984
2015-07-21,56.93199920654297
2015-07-22,56.91999816894531
2015-07-23,57.13999938964844
2015-07-24,57.8306999206543
2015-07-27,58.34600067138672
2015-07-28,59.573001861572266
2015-07-29,59.903499603271484
2015-07-30,58.52000045776367
2015-07-31,59.675498962402344
2015-08-03,61.630699157714844
2015-08-04,63.5
2015-08-05,63.11000061035156
2015-08-06,63.382999420166016
2015-08-07,64.4800033569336
2015-08-10,64.4800033569336
2015-08-11,62.88999938964844
2015-08-12,64.12200164794922
2015-08-13,64.12120056152344
2015-08-14,64.52200317382812
2015-08-17,64.90670013427734
2015-08-18,65.38819885253906
2015-08-19,65.78500366210938
2015-08-20,66.53569793701172
2015-08-21,68.12999725341797
2015-08-24,69.10749816894531
2015-08-25,70.75150299072266
2015-08-26,69.30919647216797
2015-08-27,68.90499877929688
2015-08-28,66.06900024414062
2015-08-31,65.29499816894531
2015-09-01,64.28070068359375
2015-09-02,66.48269653320312
2015-09-03,66.77169799804688
2015-09-04,67.14070129394531
2015-09-07,68.39250183105469
2015-09-08,69.14900207519531
2015-09-09,67.86119842529297
2015-09-10,68.40650177001953
2015-09-11,67.68450164794922
2015-09-14,67.76319885253906
2015-09-15,67.54000091552734
2015-09-16,66.78250122070312
2015-09-17,65.25769805908203
2015-09-18,65.39749908447266
2015-09-21,66.44000244140625
2015-09-22,66.04100036621094
2015-09-23,65.81999969482422
2015-09-24,66.0199966430664
2015-09-25,66.08000183105469
2015-09-28,65.44499969482422
2015-09-29,66.05919647216797
2015-09-30,65.70999908447266
2015-10-01,65.38749694824219
2015-10-02,65.62570190429688
2015-10-05,65.99199676513672
2015-10-06,64.77220153808594
2015-10-07,63.39149856567383
2015-10-08,62.25
2015-10-09,61.307498931884766
2015-10-12,61.662498474121094
2015-10-13,62.219200134277344
2015-10-14,63.002498626708984
2015-10-15,62.58250045776367
2015-10-16,61.358001708984375
2015-10-19,61.1875
2015-10-20,62.380001068115234
2015-10-21,62.04520034790039
2015-10-22,62.95000076293945
2015-10-23,62.50749969482422
2015-10-26,62.32170104980469
2015-10-27,62.95000076293945
2015-10-28,65.41999816894531
2015-10-29,63.935001373291016
2015-10-30,64.19000244140625
2015-11-02,64.12000274658203
2015-11-03,63.60499954223633
2015-11-04,62.630001068115234
2015-11-05,63.084999084472656
2015-11-06,62.25
2015-11-09,64.40499877929688
2015-11-10,64.59500122070312
2015-11-11,64.41500091552734
2015-11-12,65.36499786376953
2015-11-13,66.45349884033203
2015-11-16,66.81999969482422
2015-11-17,65.0875015258789
2015-11-18,64.9175033569336
2015-11-19,64.84500122070312
2015-11-20,64.54499816894531
2015-11-23,64.62000274658203
2015-11-24,66.05999755859375
2015-11-25,65.44499969482422
2015-11-26,65.55500030517578
2015-11-27,65.55999755859375
2015-11-30,66.41999816894531
2015-12-01,66.41000366210938
2015-12-02,66.63999938964844
2015-12-03,67.4000015258789
2015-12-04,67.5824966430664
2015-12-07,68.06999969482422
2015-12-08,69.37000274658203
2015-12-09,69.30000305175781
2015-12-10,69.31999969482422
2015-12-11,66.17150115966797
2015-12-14,70.20999908447266
2015-12-15,70.54000091552734
2015-12-16,70.4885025024414
2015-12-17,70.0
2015-12-18,70.91500091552734
2015-12-21,70.92500305175781
2015-12-22,70.83999633789062
2015-12-23,71.30000305175781
2015-12-24,69.51499938964844
2015-12-25,69.51499938964844
2015-12-28,70.24500274658203
2015-12-29,72.18499755859375
2015-12-30,72.19750213623047
2015-12-31,73.2300033569336
2016-01-01,73.2300033569336
2016-01-04,73.4000015258789
2016-01-05,73.12249755859375
2016-01-07,74.59500122070312
2016-01-08,74.59500122070312
2016-01-11,74.79499816894531
2016-01-12,76.00199890136719
2016-01-13,76.5250015258789
2016-01-14,76.21299743652344
2016-01-15,76.29299926757812
2016-01-18,77.70700073242188
2016-01-19,79.36000061035156
2016-01-20,78.61250305175781
2016-01-21,81.81999969482422
2016-01-22,82.9000015258789
2016-01-25,78.37000274658203
2016-01-26,79.83999633789062
2016-01-27,78.2300033569336
2016-01-28,77.8489990234375
2016-01-29,76.55000305175781
2016-02-01,75.44000244140625
2016-02-02,77.26000213623047
2016-02-03,79.71499633789062
2016-02-04,76.93000030517578
2016-02-05,76.7699966430664
2016-02-08,77.25
2016-02-09,78.94000244140625
2016-02-10,79.58999633789062
2016-02-11,78.37000274658203
2016-02-12,79.76750183105469
2016-02-15,78.30999755859375
2016-02-16,77.5
2016-02-17,77.80999755859375
2016-02-18,74.86000061035156
2016-02-19,76.3499984741211
2016-02-22,77.37000274658203
2016-02-23,77.37000274658203
2016-02-24,76.0999984741211
2016-02-25,75.73500061035156
2016-02-26,75.18000030517578
2016-02-29,76.33999633789062
2016-03-01,74.40499877929688
2016-03-02,73.27999877929688
2016-03-03,73.3499984741211
2016-03-04,73.08999633789062
2016-03-07,73.08999633789062
2016-03-08,73.08999633789062
2016-03-09,71.87000274658203
2016-03-10,70.98200225830078
2016-03-11,71.14800262451172
2016-03-14,69.90499877929688
2016-03-15,70.26000213623047
2016-03-16,71.08999633789062
2016-03-17,69.83499908447266
2016-03-18,68.12000274658203
2016-03-21,68.33000183105469
2016-03-22,67.86000061035156
2016-03-23,67.25
2016-03-24,68.71499633789062
2016-03-25,68.58000183105469
2016-03-28,68.23999786376953
2016-03-29,68.41000366210938
2016-03-30,68.06500244140625
2016-03-31,67.68000030517578
2016-04-01,67.0
2016-04-04,67.5
2016-04-05,68.6500015258789
2016-04-06,68.75
2016-04-07,67.8499984741211
2016-04-08,68.02999877929688
2016-04-11,67.07499694824219
2016-04-12,66.75
2016-04-13,65.18499755859375
2016-04-14,65.98999786376953
2016-04-15,65.93000030517578
2016-04-18,66.5
2016-04-19,66.44999694824219
2016-04-20,65.87999725341797
2016-04-21,65.67500305175781
2016-04-22,66.66000366210938
2016-04-25,66.76000213623047
2016-04-26,66.55999755859375
2016-04-27,65.76499938964844
2016-04-28,65.11000061035156
2016-04-29,64.55999755859375
2016-05-02,64.55999755859375
2016-05-03,64.55999755859375
2016-05-04,66.3499984741211
2016-05-05,66.58399963378906
2016-05-06,65.9739990234375
2016-05-09,65.86199951171875
2016-05-10,66.29000091552734
2016-05-11,66.09600067138672
2016-05-12,65.04499816894531
2016-05-13,64.83000183105469
2016-05-16,65.48200225830078
2016-05-17,64.88400268554688
2016-05-18,64.71900177001953
2016-05-19,65.74500274658203
2016-05-20,66.72000122070312
2016-05-23,66.84500122070312
2016-05-24,66.78700256347656
2016-05-25,66.41000366210938
2016-05-26,65.42500305175781
2016-05-27,65.82499694824219
2016-05-30,66.1500015258789
2016-05-31,65.66899871826172
2016-06-01,66.8270034790039
2016-06-02,66.91000366210938
2016-06-03,67.05999755859375
2016-06-06,65.65399932861328
2016-06-07,65.23999786376953
2016-06-08,64.62000274658203
2016-06-09,63.71889877319336
2016-06-10,64.19599914550781
2016-06-13,65.302001953125
2016-06-14,65.68499755859375
2016-06-15,66.05999755859375
2016-06-16,65.25299835205078
2016-06-17,65.57499694824219
2016-06-20,64.75
2016-06-21,64.26499938964844
2016-06-22,63.93600082397461
2016-06-23,64.76899719238281
2016-06-24,63.76499938964844
2016-06-27,65.2874984741211
2016-06-28,65.4000015258789
2016-06-29,64.04000091552734
2016-06-30,63.814998626708984
2016-07-01,63.959999084472656
2016-07-04,63.790000915527344
2016-07-05,63.83000183105469
2016-07-06,64.43499755859375
2016-07-07,64.26499938964844
2016-07-08,64.67900085449219
2016-07-11,63.834999084472656
2016-07-12,64.18000030517578
2016-07-13,63.79999923706055
2016-07-14,63.849998474121094
2016-07-15,62.88750076293945
2016-07-18,63.34000015258789
2016-07-19,62.8120002746582
2016-07-20,63.62799835205078
2016-07-21,63.79999923706055
2016-07-22,64.36799621582031
2016-07-25,64.81500244140625
2016-07-26,65.43599700927734
2016-07-27,65.80000305175781
2016-07-28,65.79750061035156
2016-07-29,66.58300018310547
2016-08-01,65.98750305175781
2016-08-02,66.93000030517578
2016-08-03,66.70999908447266
2016-08-04,66.19999694824219
2016-08-05,65.70999908447266
2016-08-08,65.5469970703125
2016-08-09,64.5999984741211
2016-08-10,64.76000213623047
2016-08-11,64.9000015258789
2016-08-12,64.3499984741211
2016-08-15,64.36080169677734
2016-08-16,64.00769805908203
2016-08-17,63.83489990234375
2016-08-18,63.83919906616211
2016-08-19,63.6411018371582
2016-08-22,63.75
2016-08-23,64.77149963378906
2016-08-24,64.59239959716797
2016-08-25,65.08580017089844
2016-08-26,64.80879974365234
2016-08-29,64.71260070800781
2016-08-30,64.61859893798828
2016-08-31,65.30970001220703
2016-09-01,65.28070068359375
2016-09-02,65.85399627685547
2016-09-05,65.1980972290039
2016-09-06,64.83000183105469
2016-09-07,64.42669677734375
2016-09-08,64.1852035522461
2016-09-09,63.991600036621094
2016-09-12,64.55049896240234
2016-09-13,64.69419860839844
2016-09-14,65.36509704589844
2016-09-15,65.14440155029297
2016-09-16,64.48290252685547
2016-09-19,65.04149627685547
2016-09-20,64.59010314941406
2016-09-21,64.72149658203125
2016-09-22,63.89120101928711
2016-09-23,63.636600494384766
2016-09-26,64.02670288085938
2016-09-27,63.85409927368164
2016-09-28,63.885501861572266
2016-09-29,63.06520080566406
2016-09-30,63.08000183105469
2016-10-03,62.87189865112305
2016-10-04,62.28810119628906
2016-10-05,62.6875
2016-10-06,62.27410125732422
2016-10-07,62.101600646972656
2016-10-10,62.08039855957031
2016-10-11,62.02130126953125
2016-10-12,62.66210174560547
2016-10-13,63.50310134887695
2016-10-14,63.00960159301758
2016-10-17,62.77669906616211
2016-10-18,63.06639862060547
2016-10-19,62.7318000793457
2016-10-20,62.25859832763672
2016-10-21,62.37580108642578
2016-10-24,62.28499984741211
2016-10-25,62.1869010925293
2016-10-26,62.4119987487793
2016-10-27,62.77040100097656
2016-10-28,62.678199768066406
2016-10-31,63.041900634765625
2016-11-01,63.2681999206543
2016-11-02,63.32389831542969
2016-11-03,63.536598205566406
2016-11-04,63.5614013671875
2016-11-07,64.36009979248047
2016-11-08,63.597900390625
2016-11-09,63.742401123046875
2016-11-10,63.59859848022461
2016-11-11,65.55760192871094
2016-11-14,65.75330352783203
2016-11-15,66.14700317382812
2016-11-16,64.45539855957031
2016-11-17,64.47489929199219
2016-11-18,64.83309936523438
2016-11-21,64.85780334472656
2016-11-22,63.95220184326172
2016-11-23,63.711299896240234
2016-11-24,64.29779815673828
2016-11-25,64.49970245361328
2016-11-28,64.8812026977539
2016-11-29,64.78289794921875
2016-11-30,65.13500213623047
2016-12-01,64.07129669189453
2016-12-02,63.900001525878906
2016-12-05,63.815101623535156
2016-12-06,63.78150177001953
2016-12-07,63.81230163574219
2016-12-08,63.2661018371582
2016-12-09,63.26179885864258
2016-12-12,62.48030090332031
2016-12-13,60.96500015258789
2016-12-14,60.52750015258789
2016-12-15,61.86000061035156
2016-12-16,61.75
2016-12-19,62.1161994934082
2016-12-20,61.900001525878906
2016-12-21,61.39870071411133
2016-12-22,61.13999938964844
2016-12-23,60.96689987182617
2016-12-26,61.022499084472656
2016-12-27,60.931400299072266
2016-12-28,60.60499954223633
2016-12-29,60.47629928588867
2016-12-30,60.34130096435547
2017-01-02,61.231300354003906
2017-01-03,61.22829818725586
2017-01-04,60.92300033569336
2017-01-05,60.3650016784668
2017-01-06,59.40119934082031
2017-01-09,59.564998626708984
2017-01-10,60.102500915527344
2017-01-11,60.13999938964844
2017-01-12,59.778099060058594
2017-01-13,59.432498931884766
2017-01-16,59.637001037597656
2017-01-17,59.78200149536133
2017-01-18,59.33000183105469
2017-01-19,59.52320098876953
2017-01-20,59.65999984741211
2017-01-23,59.799800872802734
2017-01-24,59.510101318359375
2017-01-25,59.139801025390625
2017-01-26,59.56679916381836
2017-01-27,60.279300689697266
2017-01-30,59.77750015258789
2017-01-31,59.718299865722656
2017-02-01,60.15549850463867
2017-02-02,60.091400146484375
2017-02-03,59.3661994934082
2017-02-06,58.94609832763672
2017-02-07,58.90010070800781
2017-02-08,59.44260025024414
2017-02-09,59.173099517822266
2017-02-10,58.96120071411133
2017-02-13,58.2223014831543
2017-02-14,57.92559814453125
2017-02-15,57.03969955444336
2017-02-16,57.330501556396484
2017-02-17,57.56650161743164
2017-02-20,58.31700134277344
2017-02-21,57.910701751708984
2017-02-22,57.39419937133789
2017-02-23,57.919498443603516
2017-02-24,57.73429870605469
2017-02-27,58.36309814453125
2017-02-28,58.18349838256836
2017-03-01,58.35210037231445
2017-03-02,58.23630142211914
2017-03-03,58.71979904174805
2017-03-06,58.1870002746582
2017-03-07,58.233299255371094
2017-03-08,58.13650131225586
2017-03-09,58.872501373291016
2017-03-10,59.256900787353516
2017-03-13,59.068199157714844
2017-03-14,58.77439880371094
2017-03-15,59.18600082397461
2017-03-16,58.38079833984375
2017-03-17,57.770198822021484
2017-03-20,57.15409851074219
2017-03-21,57.3036003112793
2017-03-22,57.59049987792969
2017-03-23,57.732398986816406
2017-03-24,57.35449981689453
2017-03-27,56.96860122680664
2017-03-28,56.87839889526367
2017-03-29,56.967899322509766
2017-03-30,56.65129852294922
2017-03-31,55.98429870605469
2017-04-03,56.23460006713867
2017-04-04,56.084800720214844
2017-04-05,55.949798583984375
2017-04-06,56.41429901123047
2017-04-07,56.39849853515625
2017-04-10,57.375999450683594
2017-04-11,57.10449981689453
2017-04-12,57.028099060058594
2017-04-13,56.62160110473633
2017-04-14,56.2588996887207
2017-04-17,56.30289840698242
2017-04-18,55.88240051269531
2017-04-19,56.19649887084961
2017-04-20,56.567901611328125
2017-04-21,56.10940170288086
2017-04-24,56.42649841308594
2017-04-25,55.77989959716797
2017-04-26,56.060001373291016
2017-04-27,57.09700012207031
2017-04-28,56.97200012207031
2017-05-01,56.93199920654297
2017-05-02,56.97380065917969
2017-05-03,57.0546989440918
2017-05-04,57.325401306152344
2017-05-05,58.36000061035156
2017-05-08,58.047000885009766
2017-05-09,58.20500183105469
2017-05-10,58.41899871826172
2017-05-11,57.43960189819336
2017-05-12,57.07040023803711
2017-05-15,57.0817985534668
2017-05-16,56.333499908447266
2017-05-17,56.426998138427734
2017-05-18,57.0713005065918
2017-05-19,57.52579879760742
2017-05-22,56.926998138427734
2017-05-23,56.60029983520508
2017-05-24,56.3036994934082
2017-05-25,56.34590148925781
2017-05-26,56.80139923095703
2017-05-29,56.48149871826172
2017-05-30,56.46220016479492
2017-05-31,56.530799865722656
2017-06-01,56.71039962768555
2017-06-02,56.37929916381836
2017-06-05,56.60609817504883
2017-06-06,56.58110046386719
2017-06-07,56.48529815673828
2017-06-08,57.04130172729492
2017-06-09,56.87329864501953
2017-06-12,57.01240158081055
2017-06-13,57.000099182128906
2017-06-14,56.87770080566406
2017-06-15,57.42599868774414
2017-06-16,57.79999923706055
2017-06-19,57.70940017700195
2017-06-20,58.42110061645508
2017-06-21,59.560001373291016
2017-06-22,60.2400016784668
2017-06-23,59.84349822998047
2017-06-26,59.42340087890625
2017-06-27,58.89419937133789
2017-06-28,59.35150146484375
2017-06-29,59.21670150756836
2017-06-30,59.41999816894531
2017-07-03,58.88059997558594
2017-07-04,59.234901428222656
2017-07-05,59.35850143432617
2017-07-06,60.17850112915039
2017-07-07,60.099998474121094
2017-07-10,60.347900390625
2017-07-12,60.7599983215332
2017-07-13,59.900001525878906
2017-07-14,59.7484016418457
2017-07-17,59.061500549316406
2017-07-18,59.290000915527344
2017-07-19,59.079898834228516
2017-07-20,58.94710159301758
2017-07-21,58.88999938964844
2017-07-24,59.227500915527344
2017-07-25,59.970001220703125
2017-07-26,59.95249938964844
2017-07-27,59.54090118408203
2017-07-28,59.37200164794922
2017-07-31,59.47919845581055
2017-08-01,59.72999954223633
2017-08-02,60.174400329589844
2017-08-03,60.4900016784668
2017-08-04,60.295501708984375
2017-08-07,59.93550109863281
2017-08-08,59.955299377441406
2017-08-09,59.78919982910156
2017-08-10,60.07059860229492
2017-08-11,59.98929977416992
2017-08-14,59.78929901123047
2017-08-15,59.811100006103516
2017-08-16,59.750999450683594
2017-08-17,59.41120147705078
2017-08-18,59.039798736572266
2017-08-21,58.89500045776367
2017-08-22,59.072601318359375
2017-08-23,58.97700119018555
2017-08-24,58.972599029541016
2017-08-25,59.13050079345703
2017-08-28,58.56330108642578
2017-08-29,58.43000030517578
2017-08-30,58.76279830932617
2017-08-31,58.455101013183594
2017-09-01,57.97669982910156
2017-09-04,57.46549987792969
2017-09-05,57.737998962402344
2017-09-06,57.55160140991211
2017-09-07,57.340999603271484
2017-09-08,56.911800384521484
2017-09-11,57.317298889160156
2017-09-12,57.215599060058594
2017-09-13,57.62779998779297
2017-09-14,57.90769958496094
2017-09-15,57.52949905395508
2017-09-18,57.67259979248047
2017-09-19,58.07109832763672
2017-09-20,58.080299377441406
2017-09-21,58.11470031738281
2017-09-22,57.86349868774414
2017-09-25,57.596900939941406
2017-09-26,57.55379867553711
2017-09-27,57.8588981628418
2017-09-28,58.16899871826172
2017-09-29,57.889801025390625
2017-10-02,57.52109909057617
2017-10-03,57.87689971923828
2017-10-04,57.9098014831543
2017-10-05,57.645999908447266
2017-10-06,57.70719909667969
2017-10-09,58.17599868774414
2017-10-10,58.25170135498047
2017-10-11,57.93830108642578
2017-10-12,57.80110168457031
2017-10-13,57.63740158081055
2017-10-16,57.20399856567383
2017-10-17,57.19409942626953
2017-10-18,57.274898529052734
2017-10-19,57.375301361083984
2017-10-20,57.23820114135742
2017-10-23,57.5447998046875
2017-10-24,57.488399505615234
2017-10-25,57.61520004272461
2017-10-26,57.715301513671875
2017-10-27,57.84090042114258
2017-10-30,58.09640121459961
2017-10-31,57.90019989013672
2017-11-01,58.229698181152344
2017-11-02,58.209800720214844
2017-11-03,58.261600494384766
2017-11-06,58.93330001831055
2017-11-07,58.25590133666992
2017-11-08,59.34090042114258
2017-11-09,59.111000061035156
2017-11-10,59.310001373291016
2017-11-13,59.19990158081055
2017-11-14,59.36759948730469
2017-11-15,60.3109016418457
2017-11-17,59.664398193359375
2017-11-20,59.0989990234375
2017-11-21,59.36869812011719
2017-11-22,59.1057014465332
2017-11-23,58.38090133666992
2017-11-24,58.42060089111328
2017-11-27,58.375
2017-11-28,58.434898376464844
2017-11-29,58.383201599121094
2017-11-30,58.59669876098633
2017-12-01,58.44779968261719
2017-12-04,58.801700592041016
2017-12-05,58.770999908447266
2017-12-06,58.76340103149414
2017-12-07,59.15530014038086
2017-12-08,59.196800231933594
2017-12-11,59.07979965209961
2017-12-12,58.912899017333984
2017-12-13,59.18429946899414
2017-12-14,58.550201416015625
2017-12-15,58.811500549316406
2017-12-18,58.595001220703125
2017-12-19,58.63990020751953
2017-12-20,58.74369812011719
2017-12-21,58.69770050048828
2017-12-22,58.410301208496094
2017-12-25,58.285499572753906
2017-12-26,58.03770065307617
2017-12-27,57.63719940185547
2017-12-28,57.74169921875
2017-12-29,57.56890106201172
2018-01-01,57.604801177978516
2018-01-02,57.58300018310547
2018-01-03,57.52799987792969
2018-01-04,57.119300842285156
2018-01-05,56.9723014831543
2018-01-08,56.98899841308594
2018-01-09,57.09090042114258
2018-01-10,56.859901428222656
2018-01-11,57.02090072631836
2018-01-12,56.50320053100586
2018-01-15,56.54869842529297
2018-01-16,56.310001373291016
2018-01-17,56.445899963378906
2018-01-18,56.8650016784668
2018-01-19,56.49369812011719
2018-01-22,56.592498779296875
2018-01-23,56.46039962768555
2018-01-24,56.347198486328125
2018-01-25,56.18360137939453
2018-01-26,55.880699157714844
2018-01-29,56.207000732421875
2018-01-30,56.279598236083984
2018-01-31,56.31779861450195
2018-02-01,56.1786994934082
2018-02-02,55.942901611328125
2018-02-05,56.41400146484375
2018-02-06,57.2864990234375
2018-02-07,56.84709930419922
2018-02-08,57.809600830078125
2018-02-09,58.283599853515625
2018-02-12,58.31769943237305
2018-02-13,57.75130081176758
2018-02-14,57.61800003051758
2018-02-15,56.694400787353516
2018-02-16,56.38679885864258
2018-02-19,56.441001892089844
2018-02-20,56.37820053100586
2018-02-21,56.51409912109375
2018-02-22,56.713401794433594
2018-02-23,56.46500015258789
2018-02-26,56.322601318359375
2018-02-27,55.62879943847656
2018-02-28,56.219200134277344
2018-03-01,56.32059860229492
2018-03-02,56.786800384521484
2018-03-05,56.952999114990234
2018-03-06,56.41279983520508
2018-03-07,56.83760070800781
2018-03-08,56.78770065307617
2018-03-09,57.08259963989258
2018-03-12,56.653499603271484
2018-03-13,56.86640167236328
2018-03-14,57.04389953613281
2018-03-15,56.93769836425781
2018-03-16,57.411800384521484
2018-03-19,57.46049880981445
2018-03-20,57.72880172729492
2018-03-21,57.503299713134766
2018-03-22,56.83570098876953
2018-03-23,57.31039810180664
2018-03-26,57.11650085449219
2018-03-27,57.215301513671875
2018-03-28,57.405601501464844
2018-03-29,57.71870040893555
2018-03-30,57.25419998168945
2018-04-02,57.11159896850586
2018-04-03,57.436798095703125
2018-04-04,57.624000549316406
2018-04-05,57.66899871826172
2018-04-06,57.63249969482422
2018-04-09,58.06850051879883
2018-04-10,60.61899948120117
2018-04-11,62.91579818725586
2018-04-12,62.410099029541016
2018-04-13,62.016300201416016
2018-04-16,62.01499938964844
2018-04-17,61.222801208496094
2018-04-18,61.51470184326172
2018-04-19,60.83570098876953
2018-04-20,60.954200744628906
2018-04-23,61.36199951171875
2018-04-24,61.781700134277344
2018-04-25,61.5099983215332
2018-04-26,62.400901794433594
2018-04-27,62.676300048828125
2018-04-30,62.3202018737793
2018-05-01,62.933101654052734
2018-05-02,63.39799880981445
2018-05-03,63.75149917602539
2018-05-04,62.95069885253906
2018-05-07,62.4453010559082
2018-05-08,62.8754997253418
2018-05-09,63.46149826049805
2018-05-10,63.026100158691406
2018-05-11,61.700401306152344
2018-05-14,61.767601013183594
2018-05-15,61.82059860229492
2018-05-16,62.236000061035156
2018-05-17,61.649600982666016
2018-05-18,62.13290023803711
2018-05-21,62.34349822998047
2018-05-22,61.53120040893555
2018-05-23,61.198001861572266
2018-05-24,61.285499572753906
2018-05-25,61.5265007019043
2018-05-28,62.142799377441406
2018-05-29,62.289798736572266
2018-05-30,62.86669921875
2018-05-31,62.09700012207031
2018-06-01,62.30440139770508
2018-06-04,62.150299072265625
2018-06-05,62.02090072631836
2018-06-06,62.07160186767578
2018-06-07,61.67660140991211
2018-06-08,62.34149932861328
2018-06-11,62.38399887084961
2018-06-12,62.75849914550781
2018-06-13,63.04010009765625
2018-06-14,62.54349899291992
2018-06-15,62.5620002746582
2018-06-18,62.980201721191406
2018-06-19,63.37310028076172
2018-06-20,63.808799743652344
2018-06-21,63.56169891357422
2018-06-22,63.84389877319336
2018-06-25,62.94200134277344
2018-06-26,62.753501892089844
2018-06-27,63.0786018371582
2018-06-28,63.095001220703125
2018-06-29,62.833900451660156
2018-07-02,62.93899917602539
2018-07-03,63.80540084838867
2018-07-04,63.11650085449219
2018-07-05,63.330101013183594
2018-07-06,63.150001525878906
2018-07-09,62.90409851074219
2018-07-10,62.37710189819336
2018-07-11,61.7593994140625
2018-07-12,62.33530044555664
2018-07-13,62.21910095214844
2018-07-16,62.48500061035156
2018-07-17,62.3120002746582
2018-07-18,62.61970138549805
2018-07-19,62.99909973144531
2018-07-20,63.58140182495117
2018-07-23,63.36819839477539
2018-07-24,62.94540023803711
2018-07-25,63.343101501464844
2018-07-26,62.791099548339844
2018-07-27,62.91849899291992
2018-07-30,62.69660186767578
2018-07-31,62.20640182495117
2018-08-01,62.21689987182617
2018-08-02,62.94329833984375
2018-08-03,63.29090118408203
2018-08-06,63.305301666259766
2018-08-07,63.68539810180664
2018-08-08,63.482200622558594
2018-08-09,65.5624008178711
2018-08-10,66.56320190429688
2018-08-13,67.81520080566406
2018-08-14,67.59159851074219
2018-08-15,66.84400177001953
2018-08-16,67.28780364990234
2018-08-17,66.83450317382812
2018-08-20,67.0458984375
2018-08-21,66.96170043945312
2018-08-22,67.26899719238281
2018-08-23,68.02200317382812
2018-08-24,68.19920349121094
2018-08-27,67.11470031738281
2018-08-28,67.43579864501953
2018-08-29,67.77649688720703
2018-08-30,67.90979766845703
2018-08-31,68.20269775390625
2018-09-03,67.55899810791016
2018-09-04,67.89839935302734
2018-09-05,68.13400268554688
2018-09-06,68.14900207519531
2018-09-07,69.14579772949219
2018-09-10,69.70279693603516
2018-09-11,70.53730010986328
2018-09-12,69.3749008178711
2018-09-13,68.90809631347656
2018-09-14,68.23889923095703
2018-09-17,68.00579833984375
2018-09-18,68.13040161132812
2018-09-19,67.33470153808594
2018-09-20,66.79019927978516
2018-09-21,66.33619689941406
2018-09-24,66.56269836425781
2018-09-25,65.87129974365234
2018-09-26,65.7344970703125
2018-09-27,65.8125
2018-09-28,65.53600311279297
2018-10-01,65.58350372314453
2018-10-02,64.9364013671875
2018-10-03,65.38829803466797
2018-10-04,65.89759826660156
2018-10-05,66.81839752197266
2018-10-08,66.56790161132812
2018-10-09,66.63269805908203
2018-10-10,66.20179748535156
2018-10-11,66.90070343017578
2018-10-12,66.21980285644531
2018-10-15,65.95770263671875
2018-10-16,65.53990173339844
2018-10-17,65.28790283203125
2018-10-18,65.51360321044922
2018-10-19,65.78350067138672
2018-10-22,65.51679992675781
2018-10-23,65.1675033569336
2018-10-24,65.51509857177734
2018-10-25,65.52200317382812
2018-10-26,65.49449920654297
2018-10-29,65.78109741210938
2018-10-30,65.77890014648438
2018-10-31,65.47200012207031
2018-11-01,65.71479797363281
2018-11-02,65.65119934082031
2018-11-05,66.06159973144531
2018-11-06,66.02989959716797
2018-11-07,66.01300048828125
2018-11-08,66.15750122070312
2018-11-09,66.86830139160156
2018-11-12,67.85340118408203
2018-11-13,67.81880187988281
2018-11-14,67.9385986328125
2018-11-15,67.05809783935547
2018-11-16,65.87200164794922
2018-11-19,65.99019622802734
2018-11-20,65.55760192871094
2018-11-21,66.05059814453125
2018-11-22,65.66619873046875
2018-11-23,65.59729766845703
2018-11-26,66.50659942626953
2018-11-27,67.089599609375
2018-11-28,67.01730346679688
2018-11-29,66.9175033569336
2018-11-30,66.0697021484375
2018-12-03,66.706298828125
2018-12-04,66.5521011352539
2018-12-05,66.80999755859375
2018-12-06,66.48819732666016
2018-12-07,66.81230163574219
2018-12-10,66.32589721679688
2018-12-11,66.65390014648438
2018-12-12,66.36620330810547
2018-12-13,66.37740325927734
2018-12-14,66.31590270996094
2018-12-17,66.64070129394531
2018-12-18,66.63739776611328
2018-12-19,67.39520263671875
2018-12-20,67.41200256347656
2018-12-21,68.24749755859375
2018-12-24,68.7208023071289
2018-12-25,68.61380004882812
2018-12-26,68.72039794921875
2018-12-27,68.64790344238281
2018-12-28,69.55719757080078
2018-12-31,69.52120208740234
2019-01-01,69.17400360107422
2019-01-02,68.89250183105469
2019-01-03,69.02580261230469
2019-01-04,68.85910034179688
2019-01-07,67.56600189208984
2019-01-08,66.74829864501953
2019-01-09,66.8864974975586
2019-01-10,66.65270233154297
2019-01-11,66.86720275878906
2019-01-14,66.85220336914062
2019-01-15,66.98539733886719
2019-01-16,67.01349639892578
2019-01-17,66.31600189208984
2019-01-18,66.3467025756836
2019-01-21,66.20490264892578
2019-01-22,66.3635025024414
2019-01-23,66.4761962890625
2019-01-24,66.03710174560547
2019-01-25,65.73040008544922
2019-01-28,65.74629974365234
2019-01-29,66.20980072021484
2019-01-30,65.96330261230469
2019-01-31,65.41439819335938
2019-02-01,65.36329650878906
2019-02-04,65.45179748535156
2019-02-05,65.54129791259766
2019-02-06,65.60710144042969
2019-02-07,65.77749633789062
2019-02-08,65.8936996459961
2019-02-11,65.40029907226562
2019-02-12,65.77030181884766
2019-02-13,65.8301010131836
2019-02-14,66.51580047607422
2019-02-15,66.6229019165039
2019-02-18,66.2052993774414
2019-02-19,66.20269775390625
2019-02-20,65.76570129394531
2019-02-21,65.62989807128906
2019-02-22,65.64990234375
2019-02-25,65.40450286865234
2019-02-26,65.56790161132812
2019-02-27,65.64810180664062
2019-02-28,65.72579956054688
2019-03-01,65.82559967041016
2019-03-04,65.82469940185547
2019-03-05,65.65910339355469
2019-03-06,65.78939819335938
2019-03-07,65.92410278320312
2019-03-08,66.25389862060547
2019-03-11,66.34970092773438
2019-03-12,65.83110046386719
2019-03-13,65.58350372314453
2019-03-14,65.33769989013672
2019-03-15,65.44309997558594
2019-03-18,64.7957992553711
2019-03-19,64.33059692382812
2019-03-20,64.3302001953125
2019-03-21,63.80070114135742
2019-03-22,63.79399871826172
2019-03-25,64.50129699707031
2019-03-26,64.01950073242188
2019-03-27,64.30690002441406
2019-03-28,64.81559753417969
2019-03-29,64.90869903564453
2019-04-01,65.60220336914062
2019-04-02,65.21109771728516
2019-04-03,65.31659698486328
2019-04-04,65.18280029296875
2019-04-05,65.39289855957031
2019-04-08,65.3634033203125
2019-04-09,64.87419891357422
2019-04-10,64.86250305175781
2019-04-11,64.23919677734375
2019-04-12,64.5687026977539
2019-04-15,64.34760284423828
2019-04-16,64.30870056152344
2019-04-17,64.01699829101562
2019-04-18,63.854400634765625
2019-04-19,63.89609909057617
2019-04-22,63.98809814453125
2019-04-23,63.78450012207031
2019-04-24,63.669700622558594
2019-04-25,64.38710021972656
2019-04-26,64.6093978881836
2019-04-29,64.63150024414062
2019-04-30,64.43180084228516
2019-05-01,64.55879974365234
2019-05-02,64.7240982055664
2019-05-03,65.36599731445312
2019-05-06,65.32689666748047
2019-05-07,65.2791976928711
2019-05-08,65.3667984008789
2019-05-09,65.02449798583984
2019-05-10,65.2020034790039
2019-05-13,65.143798828125
2019-05-14,65.28939819335938
2019-05-15,64.85859680175781
2019-05-16,64.64440155029297
2019-05-17,64.6272964477539
2019-05-20,64.68389892578125
2019-05-21,64.46109771728516
2019-05-23,64.34559631347656
2019-05-24,64.82659912109375
2019-05-27,64.43589782714844
2019-05-28,64.3407974243164
2019-05-29,64.63379669189453
2019-05-30,64.9207992553711
2019-05-31,65.21389770507812
2019-06-03,65.5551986694336
2019-06-04,65.3031005859375
2019-06-05,65.12999725341797
2019-06-06,65.27850341796875
2019-06-07,65.03279876708984
2019-06-10,64.82839965820312
2019-06-11,64.70120239257812
2019-06-12,64.55030059814453
2019-06-13,64.77639770507812
2019-06-14,64.51809692382812
2019-06-17,64.32820129394531
2019-06-18,64.29869842529297
2019-06-19,63.957698822021484
2019-06-20,63.731998443603516
2019-06-21,62.8671989440918
2019-06-24,63.05699920654297
2019-06-25,62.52989959716797
2019-06-26,62.8661003112793
2019-06-27,63.00559997558594
2019-06-28,63.05739974975586
2019-07-01,62.95830154418945
2019-07-02,62.90840148925781
2019-07-03,63.27069854736328
2019-07-04,63.28089904785156
2019-07-05,63.43170166015625
2019-07-08,63.72700119018555
2019-07-09,63.65409851074219
2019-07-10,63.813201904296875
2019-07-11,63.11600112915039
2019-07-12,62.79570007324219
2019-07-15,63.110198974609375
2019-07-16,62.646400451660156
2019-07-17,62.96379852294922
2019-07-18,62.902198791503906
2019-07-19,62.85409927368164
2019-07-22,62.976200103759766
2019-07-23,63.0010986328125
2019-07-24,63.16510009765625
2019-07-25,63.24509811401367
2019-07-26,63.15129852294922
2019-07-29,63.17660140991211
2019-07-30,63.41419982910156
2019-07-31,63.49079895019531
2019-08-01,63.56460189819336
2019-08-02,64.29989624023438
2019-08-05,65.22650146484375
2019-08-06,65.71990203857422
2019-08-07,65.25430297851562
2019-08-08,65.3292007446289
2019-08-09,65.07720184326172
2019-08-12,65.27880096435547
2019-08-13,65.41259765625
2019-08-14,64.88050079345703
2019-08-15,66.04650115966797
2019-08-16,66.05239868164062
2019-08-19,66.35820007324219
2019-08-20,66.9352035522461
2019-08-21,66.41940307617188
2019-08-22,65.76629638671875
2019-08-23,65.52950286865234
2019-08-26,66.24369812011719
2019-08-27,66.09320068359375
2019-08-28,66.41130065917969
2019-08-29,66.74510192871094
2019-08-30,66.49150085449219
2019-09-02,66.73799896240234
2019-09-03,66.75679779052734
2019-09-04,66.74569702148438
2019-09-05,66.19120025634766
2019-09-06,66.16709899902344
2019-09-09,65.75849914550781
2019-09-10,65.51470184326172
2019-09-11,65.31729888916016
2019-09-12,65.42160034179688
2019-09-13,64.72859954833984
2019-09-16,63.899600982666016
2019-09-17,63.968299865722656
2019-09-18,64.28810119628906
2019-09-19,64.21089935302734
2019-09-20,63.97919845581055
2019-09-23,63.95249938964844
2019-09-24,63.76890182495117
2019-09-25,64.0000991821289
2019-09-26,64.1498031616211
2019-09-27,64.21510314941406
2019-09-30,64.62210083007812
2019-10-01,64.82050323486328
2019-10-02,65.22969818115234
2019-10-03,65.21649932861328
2019-10-04,65.07640075683594
2019-10-07,64.66439819335938
2019-10-08,64.94409942626953
2019-10-09,65.15540313720703
2019-10-10,65.01730346679688
2019-10-11,64.3927001953125
2019-10-14,64.2396011352539
2019-10-15,64.25240325927734
2019-10-16,64.2781982421875
2019-10-17,64.08270263671875
2019-10-18,64.06490325927734
2019-10-21,63.890201568603516
2019-10-22,63.725101470947266
2019-10-23,63.6526985168457
2019-10-24,63.90380096435547
2019-10-25,64.03479766845703
2019-10-28,63.82569885253906
2019-10-29,63.68349838256836
2019-10-30,63.94179916381836
2019-10-31,63.75080108642578
2019-11-01,64.09130096435547
2019-11-04,63.40169906616211
2019-11-05,63.449100494384766
2019-11-06,63.44779968261719
2019-11-07,63.81549835205078
2019-11-08,63.74409866333008
2019-11-11,63.8025016784668
2019-11-12,63.835601806640625
2019-11-13,64.22820281982422
2019-11-14,64.28150177001953
2019-11-15,63.89289855957031
2019-11-18,63.70330047607422
2019-11-19,63.85580062866211
2019-11-20,63.837398529052734
2019-11-21,63.787899017333984
2019-11-22,63.66999816894531
2019-11-25,63.79790115356445
2019-11-26,63.898101806640625
2019-11-27,63.94070053100586
2019-11-28,63.958099365234375
2019-11-29,64.05619812011719
2019-12-02,64.29199981689453
2019-12-03,64.17160034179688
2019-12-04,64.09120178222656
2019-12-05,63.859100341796875
2019-12-06,63.67580032348633
2019-12-09,63.630001068115234
2019-12-10,63.51430130004883
2019-12-11,63.485198974609375
2019-12-12,63.30400085449219
2019-12-13,62.674800872802734
2019-12-16,62.86399841308594
2019-12-17,62.439998626708984
2019-12-18,62.40879821777344
2019-12-19,62.61280059814453
2019-12-20,62.3218994140625
2019-12-23,62.222599029541016
2019-12-24,62.292198181152344
2019-12-25,61.91999816894531
2019-12-26,61.81169891357422
2019-12-27,62.17599868774414
2019-12-30,62.05120086669922
2019-12-31,61.971099853515625
2020-01-01,62.02830123901367
2020-01-02,61.83000183105469
2020-01-03,61.69419860839844
2020-01-06,62.029998779296875
2020-01-07,61.775001525878906
2020-01-08,61.93090057373047
2020-01-09,61.26190185546875
2020-01-10,61.2661018371582
2020-01-13,61.005001068115234
2020-01-14,61.1879997253418
2020-01-15,61.4025993347168
2020-01-16,61.344398498535156
2020-01-17,61.57749938964844
2020-01-20,61.56740188598633
2020-01-21,61.568599700927734
2020-01-22,61.85969924926758
2020-01-23,61.87799835205078
2020-01-24,61.892799377441406
2020-01-27,62.13100051879883
2020-01-28,62.89390182495117
2020-01-29,62.21329879760742
2020-01-30,62.51649856567383
2020-01-31,63.19609832763672
2020-02-03,63.89030075073242
2020-02-04,63.653099060058594
2020-02-05,62.92620086669922
2020-02-06,62.83879852294922
2020-02-07,63.27000045776367
2020-02-10,64.12930297851562
2020-02-11,64.07830047607422
2020-02-12,63.32429885864258
2020-02-13,63.198001861572266
2020-02-14,63.634498596191406
2020-02-17,63.52510070800781
2020-02-18,63.46549987792969
2020-02-19,63.865699768066406
2020-02-20,63.52069854736328
2020-02-21,64.1261978149414
2020-02-24,64.0541000366211
2020-02-25,65.32369995117188
2020-02-26,65.27839660644531
2020-02-27,65.45130157470703
2020-02-28,66.26909637451172
2020-03-02,67.13099670410156
2020-03-03,66.25569915771484
2020-03-04,66.17960357666016
2020-03-05,66.19200134277344
2020-03-06,67.53939819335938
2020-03-09,72.05000305175781
2020-03-10,74.64099884033203
2020-03-11,71.05020141601562
2020-03-12,73.11499786376953
2020-03-13,74.89810180664062
2020-03-16,73.23799896240234
2020-03-17,74.3563003540039
2020-03-18,75.29750061035156
2020-03-19,80.91999816894531
2020-03-20,78.9655990600586
2020-03-23,79.83869934082031
2020-03-24,79.44280242919922
2020-03-25,78.26319885253906
2020-03-26,78.32849884033203
2020-03-27,77.44029998779297
2020-03-30,78.6520004272461
2020-03-31,79.58920288085938
2020-04-01,78.41419982910156
2020-04-02,78.66619873046875
2020-04-03,77.09950256347656
2020-04-06,77.09750366210938
2020-04-07,75.95559692382812
2020-04-08,75.53510284423828
2020-04-09,75.04810333251953
2020-04-10,74.26380157470703
2020-04-13,73.66329956054688
2020-04-14,73.60289764404297
2020-04-15,73.0154037475586
2020-04-16,74.81849670410156
2020-04-17,74.19740295410156
2020-04-20,74.06510162353516
2020-04-21,75.4092025756836
2020-04-22,76.92009735107422
2020-04-23,75.93009948730469
2020-04-24,74.91500091552734
2020-04-27,74.59329986572266
2020-04-28,74.46499633789062
2020-04-29,74.14739990234375
2020-04-30,73.06539916992188
2020-05-01,74.3385009765625
2020-05-04,75.42749786376953
2020-05-05,74.72489929199219
2020-05-06,73.69860076904297
2020-05-07,74.46499633789062
2020-05-08,73.88870239257812
2020-05-11,73.39340209960938
2020-05-12,73.62139892578125
2020-05-13,73.60269927978516
2020-05-14,73.94779968261719
2020-05-15,73.50969696044922
2020-05-18,73.5969009399414
2020-05-19,72.69059753417969
2020-05-20,72.49189758300781
2020-05-21,71.21170043945312
2020-05-22,70.90480041503906
2020-05-25,71.57440185546875
2020-05-26,71.6187973022461
2020-05-27,70.7594985961914
2020-05-28,71.02230072021484
2020-05-29,70.50489807128906
2020-06-01,70.16010284423828
2020-06-02,69.07640075683594
2020-06-03,68.66010284423828
2020-06-04,68.49749755859375
2020-06-05,69.02729797363281
2020-06-08,68.13680267333984
2020-06-09,68.0905990600586
2020-06-10,68.5863037109375
2020-06-11,68.41739654541016
2020-06-12,70.06759643554688
2020-06-15,69.50640106201172
2020-06-16,69.57250213623047
2020-06-17,69.58689880371094
2020-06-18,69.72799682617188
2020-06-19,69.92019653320312
2020-06-22,69.64710235595703
2020-06-23,69.091796875
2020-06-24,68.72429656982422
2020-06-25,69.4905014038086
2020-06-26,69.05829620361328
2020-06-29,69.72429656982422
2020-06-30,69.9729995727539
2020-07-01,71.15070343017578
2020-07-02,70.85870361328125
2020-07-03,70.58830261230469
2020-07-06,71.33110046386719
2020-07-07,71.78800201416016
2020-07-08,71.41000366210938
2020-07-09,71.2041015625
2020-07-10,70.74440002441406
2020-07-13,70.69750213623047
2020-07-14,70.77159881591797
2020-07-15,70.95809936523438
2020-07-16,71.00430297851562
2020-07-17,71.54840087890625
2020-07-20,71.82530212402344
2020-07-21,71.4906997680664
2020-07-22,70.69709777832031
2020-07-23,71.12989807128906
2020-07-24,71.30490112304688
2020-07-27,71.70999908447266
2020-07-28,71.54010009765625
2020-07-29,72.4740982055664
2020-07-30,72.47579956054688
2020-07-31,73.32150268554688
2020-08-03,74.3550033569336
2020-08-04,73.03669738769531
2020-08-05,73.38890075683594
2020-08-06,72.81439971923828
2020-08-07,73.16230010986328
2020-08-10,73.71499633789062
2020-08-11,73.5260009765625
2020-08-12,73.06490325927734
2020-08-13,73.7780990600586
2020-08-14,72.91449737548828
2020-08-17,72.95719909667969
2020-08-18,73.63020324707031
2020-08-19,73.0459976196289
2020-08-20,73.25659942626953
2020-08-21,73.8687973022461
2020-08-24,74.7300033569336
2020-08-25,74.5999984741211
2020-08-26,75.30889892578125
2020-08-27,75.5873031616211
2020-08-28,74.98410034179688
2020-08-31,74.13020324707031
2020-09-01,73.81289672851562
2020-09-02,73.55960083007812
2020-09-03,75.46269989013672
2020-09-04,75.29519653320312
2020-09-07,75.31729888916016
2020-09-08,75.71810150146484
2020-09-09,76.23699951171875
2020-09-10,75.32369995117188
2020-09-11,75.14350128173828
2020-09-14,74.86499786376953
2020-09-15,75.206298828125
2020-09-16,75.20050048828125
2020-09-17,74.86009979248047
2020-09-18,74.95719909667969
2020-09-21,75.54850006103516
2020-09-22,76.29219818115234
2020-09-23,76.01899719238281
2020-09-24,76.79730224609375
2020-09-25,77.02639770507812
2020-09-28,78.10379791259766
2020-09-29,79.1613998413086
2020-09-30,78.96510314941406
2020-10-01,77.66560363769531
2020-10-02,77.2061996459961
2020-10-05,78.13999938964844
2020-10-06,78.1093978881836
2020-10-07,78.372802734375
2020-10-08,78.0824966430664
2020-10-09,77.27960205078125
2020-10-12,76.8385009765625
2020-10-13,77.00019836425781
2020-10-14,77.0259017944336
2020-10-15,77.71540069580078
2020-10-16,77.92070007324219
2020-10-19,77.51699829101562
2020-10-20,77.58820343017578
2020-10-21,77.2822036743164
2020-10-22,76.67890167236328
2020-10-23,76.53839874267578
2020-10-26,76.16950225830078
2020-10-27,76.44950103759766
2020-10-28,77.2865982055664
2020-10-29,79.052001953125
2020-10-30,78.83830261230469
2020-11-02,79.47090148925781
2020-11-03,80.52189636230469
2020-11-04,79.04989624023438
2020-11-05,77.5636978149414
2020-11-06,76.88719940185547
2020-11-09,77.31649780273438
2020-11-10,76.26370239257812
2020-11-11,76.46240234375
2020-11-12,77.04750061035156
2020-11-13,77.07450103759766
2020-11-16,77.31790161132812
2020-11-17,76.27629852294922
2020-11-18,76.20950317382812
2020-11-19,75.8843994140625
2020-11-20,76.16519927978516
2020-11-23,76.17890167236328
2020-11-24,75.96170043945312
2020-11-25,75.41790008544922
2020-11-26,75.44599914550781
2020-11-27,75.64990234375
2020-11-30,75.99150085449219
2020-12-01,76.40480041503906
2020-12-02,75.95850372314453
2020-12-03,75.11070251464844
2020-12-04,74.48889923095703
2020-12-07,73.8550033569336
2020-12-08,73.74610137939453
2020-12-09,73.34049987792969
2020-12-10,73.61129760742188
2020-12-11,73.07820129394531
2020-12-14,73.03199768066406
2020-12-15,74.12129974365234
2020-12-16,73.27850341796875
2020-12-17,73.347900390625
2020-12-18,73.09040069580078
2020-12-21,73.48100280761719
2020-12-22,74.55130004882812
2020-12-23,75.87809753417969
2020-12-24,75.02020263671875
2020-12-25,74.02999877929688
2020-12-28,73.95490264892578
2020-12-29,73.93049621582031
2020-12-30,74.02140045166016
2020-12-31,74.52200317382812
2021-01-01,73.91120147705078
2021-01-04,74.12740325927734
2021-01-05,74.47540283203125
2021-01-06,74.13510131835938
2021-01-07,74.09149932861328
2021-01-08,74.59510040283203
2021-01-11,74.4020004272461
2021-01-12,74.62809753417969
2021-01-13,73.44020080566406
2021-01-14,73.8488998413086
2021-01-15,73.32530212402344
2021-01-18,73.59860229492188
2021-01-19,73.92980194091797
2021-01-20,73.77100372314453
2021-01-21,73.45339965820312
2021-01-22,73.94770050048828
2021-01-25,75.31490325927734
2021-01-26,75.2822036743164
2021-01-27,75.07009887695312
2021-01-28,75.87339782714844
2021-01-29,76.1666030883789
2021-02-01,75.88179779052734
2021-02-02,76.11360168457031
2021-02-03,76.22049713134766
2021-02-04,75.885498046875
2021-02-05,75.4906997680664
2021-02-08,74.60790252685547
2021-02-09,74.3228988647461
2021-02-10,73.87670135498047
2021-02-11,73.86650085449219
2021-02-12,73.63899993896484
2021-02-15,73.57319641113281
2021-02-16,73.33200073242188
2021-02-17,73.5416030883789
2021-02-18,73.7156982421875
2021-02-19,73.83380126953125
2021-02-22,74.14360046386719
2021-02-23,74.22450256347656
2021-02-24,74.07080078125
2021-02-25,73.49469757080078
2021-02-26,74.706298828125
2021-03-01,74.6709976196289
2021-03-02,74.25150299072266
2021-03-03,73.78880310058594
2021-03-04,74.01429748535156
2021-03-05,74.55500030517578
2021-03-08,74.32720184326172
2021-03-09,74.47460174560547
2021-03-10,74.02950286865234
2021-03-11,73.5239028930664
2021-03-12,73.30030059814453
2021-03-15,73.31849670410156
2021-03-16,72.73500061035156
2021-03-17,72.86799621582031
2021-03-18,73.65480041503906
2021-03-19,74.32160186767578
2021-03-22,74.15370178222656
2021-03-23,74.7958984375
2021-03-24,76.3313980102539
2021-03-25,76.61620330810547
2021-03-26,76.11710357666016
2021-03-29,75.66110229492188
2021-03-30,75.65460205078125
2021-03-31,75.90399932861328
2021-04-01,75.67489624023438
2021-04-02,76.26429748535156
2021-04-05,76.41519927978516
2021-04-06,76.43409729003906
2021-04-07,77.00050354003906
2021-04-08,77.15809631347656
2021-04-09,76.79199981689453
2021-04-12,77.38700103759766
2021-04-13,77.29119873046875
2021-04-14,75.91850280761719
2021-04-15,76.01419830322266
2021-04-16,76.07849884033203
2021-04-19,75.95500183105469
2021-04-20,76.27210235595703
2021-04-21,76.822998046875
2021-04-22,76.56900024414062
2021-04-23,75.50550079345703
2021-04-26,74.908203125
2021-04-27,74.9751968383789
2021-04-28,74.7791976928711
2021-04-29,74.3635025024414
2021-04-30,74.72930145263672
2021-05-03,75.19750213623047
2021-05-04,74.89430236816406
2021-05-05,74.7322998046875
2021-05-06,74.80370330810547
2021-05-07,74.1886978149414
2021-05-10,73.5707015991211
2021-05-11,74.27649688720703
2021-05-12,74.16739654541016
2021-05-13,74.60050201416016
2021-05-14,73.997802734375
2021-05-17,73.95770263671875
2021-05-18,73.78260040283203
2021-05-19,73.67140197753906
2021-05-20,73.73169708251953
2021-05-21,73.46900177001953
2021-05-24,73.61280059814453
2021-05-25,73.43890380859375
2021-05-26,73.47149658203125
2021-05-27,73.53900146484375
2021-05-28,73.44020080566406
2021-05-31,73.1947021484375
2021-06-01,73.39839935302734
2021-06-02,73.5154037475586
2021-06-03,73.14510345458984
2021-06-04,73.2145004272461
2021-06-07,73.00160217285156
2021-06-08,72.7925033569336
2021-06-09,72.24310302734375
2021-06-10,72.302001953125
2021-06-11,71.74099731445312
2021-06-14,72.06330108642578
2021-06-15,72.02030181884766
2021-06-16,72.20939636230469
2021-06-17,72.56539916992188
2021-06-18,72.38919830322266
2021-06-21,72.7979965209961
2021-06-22,73.08899688720703
2021-06-23,72.86199951171875
2021-06-24,72.63079833984375
2021-06-25,72.2969970703125
2021-06-28,72.20999908447266
2021-06-29,72.20439910888672
2021-06-30,72.72239685058594
2021-07-01,73.05449676513672
2021-07-02,73.45690155029297
2021-07-05,73.21489715576172
2021-07-06,73.39630126953125
2021-07-07,74.4988021850586
2021-07-08,74.69920349121094
2021-07-09,74.71170043945312
2021-07-12,74.2531967163086
2021-07-13,74.36689758300781
2021-07-14,74.33460235595703
2021-07-15,74.12629699707031
2021-07-16,74.36869812011719
2021-07-19,74.05899810791016
2021-07-20,74.6613998413086
2021-07-21,74.34729766845703
2021-07-22,73.94120025634766
2021-07-23,73.65509796142578
2021-07-26,73.677001953125
2021-07-27,73.68090057373047
2021-07-28,73.70909881591797
2021-07-29,73.4386978149414
2021-07-30,73.15299987792969
2021-08-02,73.08789825439453
2021-08-03,72.95809936523438
2021-08-04,72.939697265625
2021-08-05,73.17859649658203
2021-08-06,73.12090301513672
2021-08-09,73.5031967163086
2021-08-10,73.62059783935547
2021-08-11,73.9219970703125
2021-08-12,73.40149688720703
2021-08-13,73.53839874267578
2021-08-16,73.15010070800781
2021-08-17,73.28269958496094
2021-08-18,73.595703125
2021-08-19,73.84349822998047
2021-08-20,74.27510070800781
2021-08-23,74.19509887695312
2021-08-24,74.08049774169922
2021-08-25,73.7614974975586
2021-08-26,73.7699966430664
2021-08-27,74.26750183105469
2021-08-30,73.40119934082031
2021-08-31,73.41649627685547
2021-09-01,73.27259826660156
2021-09-02,72.9813003540039
2021-09-03,73.00890350341797
2021-09-06,72.77220153808594
2021-09-07,72.96820068359375
2021-09-08,73.36319732666016
2021-09-09,73.24569702148438
2021-09-10,72.86199951171875
2021-09-13,73.09609985351562
2021-09-14,72.64399719238281
2021-09-15,72.87960052490234
2021-09-16,72.2406005859375
2021-09-17,72.47250366210938
2021-09-20,72.80850219726562
2021-09-21,73.36000061035156
2021-09-22,73.00150299072266
2021-09-23,72.91590118408203
2021-09-24,72.6729965209961
2021-09-27,72.6968994140625
2021-09-28,72.58460235595703
2021-09-29,72.83920288085938
2021-09-30,72.84590148925781
2021-10-01,72.71720123291016
2021-10-04,72.74500274658203
2021-10-05,72.47989654541016
2021-10-06,72.29090118408203
2021-10-07,72.39459991455078
2021-10-08,71.78350067138672
2021-10-11,71.75330352783203
2021-10-12,71.83509826660156
2021-10-13,71.84649658203125
2021-10-14,71.96900177001953
2021-10-15,71.36750030517578
2021-10-18,71.03150177001953
2021-10-19,71.18900299072266
2021-10-20,70.82859802246094
2021-10-21,70.81909942626953
2021-10-22,71.1166000366211
2021-10-25,70.35250091552734
2021-10-26,69.80590057373047
2021-10-27,69.45379638671875
2021-10-28,70.58049774169922
2021-10-29,70.14240264892578
2021-11-01,70.82340240478516
2021-11-02,71.57990264892578
2021-11-03,71.60540008544922
2021-11-04,71.69560241699219
2021-11-05,71.40599822998047
2021-11-08,71.27320098876953
2021-11-09,71.21980285644531
2021-11-10,70.70449829101562
2021-11-11,71.23860168457031
2021-11-12,71.56400299072266
2021-11-15,72.85929870605469
2021-11-16,72.48280334472656
2021-11-17,73.09750366210938
2021-11-18,72.55870056152344
2021-11-19,73.06500244140625
2021-11-22,73.53299713134766
2021-11-23,74.97039794921875
2021-11-24,74.27149963378906
2021-11-25,74.93299865722656
2021-11-26,74.5282974243164
2021-11-29,75.5199966430664
2021-11-30,74.43920135498047
2021-12-01,74.0790023803711
2021-12-02,74.24600219726562
2021-12-03,73.61949920654297
2021-12-06,73.8677978515625
2021-12-07,74.34819793701172
2021-12-08,73.99030303955078
2021-12-09,73.52349853515625
2021-12-10,73.61499786376953
2021-12-13,73.40869903564453
2021-12-14,73.4625015258789
2021-12-15,73.79340362548828
2021-12-16,73.60130310058594
2021-12-17,73.76020050048828
2021-12-20,74.0625991821289
2021-12-21,74.0634994506836
2021-12-22,73.86959838867188
2021-12-23,73.61129760742188
2021-12-24,73.29879760742188
2021-12-27,73.61000061035156
2021-12-28,73.35900115966797
2021-12-29,73.6675033569336
2021-12-30,73.9749984741211
2021-12-31,74.53150177001953
2022-01-03,74.98600006103516
2022-01-04,74.3718032836914
2022-01-05,75.26300048828125
2022-01-06,76.6615982055664
2022-01-07,76.35369873046875
2022-01-10,75.44599914550781
2022-01-11,74.85600280761719
2022-01-12,74.45369720458984
2022-01-13,74.56449890136719
2022-01-14,76.30599975585938
2022-01-17,76.32450103759766
2022-01-18,76.06199645996094
2022-01-19,76.80850219726562
2022-01-20,76.31659698486328
2022-01-21,76.09130096435547
2022-01-24,77.40599822998047
2022-01-25,78.65350341796875
2022-01-26,78.73570251464844
2022-01-27,79.19960021972656
2022-01-28,78.07250213623047
2022-01-31,77.73580169677734
2022-02-01,77.30780029296875
2022-02-02,76.69159698486328
2022-02-03,76.1729965209961
2022-02-04,76.4114990234375
2022-02-07,75.82779693603516
2022-02-08,75.41739654541016
2022-02-09,75.0354995727539
2022-02-10,74.71019744873047
2022-02-11,75.02729797363281
2022-02-14,77.45439910888672
2022-02-15,76.4854965209961
2022-02-16,75.4729995727539
2022-02-17,75.03450012207031
2022-02-18,76.12860107421875
2022-02-21,77.36579895019531
2022-02-22,80.38300323486328
2022-02-23,78.80950164794922
2022-02-24,81.41439819335938
2022-02-25,84.91500091552734
2022-02-28,83.26100158691406
2022-03-01,104.97350311279297
2022-03-02,108.47949981689453
2022-03-03,102.71499633789062
2022-03-04,109.46499633789062
2022-03-07,108.84510040283203
2022-03-08,138.96510314941406
2022-03-09,129.96499633789062
2022-03-10,138.71499633789062
2022-03-11,133.46499633789062
2022-03-14,132.0886993408203
2022-03-15,119.96499633789062
2022-03-16,108.27749633789062
2022-03-17,100.96510314941406
2022-03-18,103.08999633789062
2022-03-22,106.61499786376953
2022-03-23,105.96499633789062
2022-03-24,96.71499633789062
2022-03-25,102.21499633789062
2022-03-28,100.83999633789062
2022-03-29,97.96510314941406
2022-03-30,87.46499633789062
2022-03-31,83.46499633789062
2022-04-01,81.71499633789062
2022-04-04,84.21499633789062
2022-04-05,83.71499633789062
2022-04-06,83.96499633789062
2022-04-07,82.08999633789062
2022-04-08,79.21499633789062
2022-04-11,85.08999633789062
2022-04-12,83.46499633789062
2022-04-13,85.33999633789062
2022-04-14,82.38999938964844
2022-04-15,82.58999633789062
2022-04-18,80.71499633789062
2022-04-19,81.08999633789062
2022-04-20,80.96499633789062
2022-04-21,82.73999786376953
2022-04-22,80.83999633789062
2022-04-25,77.33999633789062
2022-04-26,75.73999786376953
2022-04-27,74.21499633789062
2022-04-28,73.83999633789062
2022-04-29,72.71499633789062
2022-05-02,73.31500244140625
2022-05-03,70.56500244140625
2022-05-04,67.21489715576172
2022-05-05,66.96499633789062
2022-05-06,64.79000091552734
2022-05-09,68.96499633789062
2022-05-10,69.83999633789062
2022-05-11,69.83999633789062
2022-05-12,66.71499633789062
2022-05-13,65.08999633789062
2022-05-16,66.46499633789062
2022-05-17,64.58999633789062
2022-05-18,64.96499633789062
2022-05-19,64.21499633789062
2022-05-20,62.09000015258789
2022-05-23,62.46500015258789
2022-05-24,58.540000915527344
2022-05-25,57.089900970458984
2022-05-26,60.315101623535156
2022-05-27,64.21499633789062
2022-05-30,66.46499633789062
2022-05-31,64.58989715576172
2022-06-01,62.71500015258789
2022-06-02,63.46500015258789
2022-06-03,63.46500015258789
2022-06-06,63.21500015258789
2022-06-07,61.34000015258789
2022-06-08,62.464900970458984
2022-06-09,59.9650993347168
2022-06-10,57.96500015258789
2022-06-14,57.71500015258789
2022-06-15,58.34000015258789
2022-06-16,57.21500015258789
2022-06-17,57.339900970458984
2022-06-20,56.71500015258789
2022-06-21,54.71500015258789
2022-06-22,53.84000015258789
2022-06-23,54.96500015258789
2022-06-24,54.46500015258789
2022-06-27,53.3650016784668
2022-06-28,53.09000015258789
2022-06-29,53.714900970458984
2022-06-30,52.4650993347168
2022-07-01,54.84000015258789
2022-07-04,53.23749923706055
2022-07-05,54.5
2022-07-06,63.4650993347168
2022-07-07,63.51499938964844
2022-07-08,63.040000915527344
2022-07-11,64.86499786376953
2022-07-12,60.91999816894531
2022-07-13,58.38999938964844
2022-07-14,58.439998626708984
2022-07-15,58.2400016784668
2022-07-19,57.71500015258789
2022-07-20,56.46500015258789
2022-07-21,54.9650993347168
2022-07-22,57.96500015258789
2022-07-25,58.09000015258789
2022-07-26,58.46500015258789
2022-07-27,60.09000015258789
2022-07-28,59.34000015258789
2022-07-29,62.46500015258789
2022-08-01,62.21500015258789
2022-08-02,60.16999816894531
2022-08-03,60.790000915527344
2022-08-04,62.68510055541992
2022-08-05,61.46500015258789
2022-08-08,60.4900016784668
2022-08-09,61.84000015258789
2022-08-10,60.439998626708984
2022-08-11,61.46500015258789
2022-08-12,60.59000015258789
2022-08-15,62.21500015258789
2022-08-16,60.5
2022-08-17,61.46500015258789
2022-08-18,60.46500015258789
2022-08-19,59.96500015258789
2022-08-22,59.46500015258789
2022-08-23,60.09000015258789
2022-08-24,60.21500015258789
2022-08-25,59.790000915527344
2022-08-26,60.34000015258789
2022-08-29,60.26499938964844
2022-08-30,61.71500015258789
2022-08-31,59.96500015258789
2022-09-01,60.09000015258789
2022-09-02,60.17499923706055
2022-09-05,60.17499923706055
2022-09-06,60.974998474121094
2022-09-07,61.2400016784668
2022-09-08,64.26490020751953
2022-09-09,61.46500015258789
2022-09-12,62.185001373291016
2022-09-13,59.625
2022-09-14,58.5
2022-09-15,59.689998626708984
2022-09-16,59.59000015258789
2022-09-19,59.5
2022-09-20,60.040000915527344
2022-09-21,60.400001525878906
2022-09-22,61.564998626708984
2022-09-23,61.46500015258789
2022-09-26,57.21500015258789
2022-09-27,58.46500015258789
2022-09-28,58.8650016784668
2022-09-29,58.41510009765625
2022-09-30,57.46500015258789
2022-10-03,60.21500015258789
2022-10-04,57.9900016784668
2022-10-05,58.9900016784668
2022-10-06,61.28990173339844
2022-10-07,60.4900016784668
2022-10-10,64.33499908447266
2022-10-11,61.96500015258789
2022-10-12,64.125
2022-10-13,63.689998626708984
2022-10-14,63.964900970458984
2022-10-17,62.6150016784668
2022-10-18,62.01499938964844
2022-10-19,62.26499938964844
2022-10-20,60.96500015258789
2022-10-21,61.6150016784668
2022-10-24,61.6150016784668
2022-10-25,61.21500015258789
2022-10-26,62.21500015258789
2022-10-27,61.2400016784668
2022-10-28,61.290000915527344
2022-10-31,61.4900016784668
2022-11-01,62.01499938964844
2022-11-02,61.714900970458984
2022-11-03,61.665000915527344
2022-11-04,62.314998626708984
2022-11-07,61.96500015258789
2022-11-08,63.165000915527344
2022-11-09,60.939998626708984
2022-11-10,61.6150016784668
2022-11-11,60.71500015258789
2022-11-14,60.51499938964844
2022-11-15,59.53499984741211
2022-11-16,61.3651008605957
2022-11-17,60.7400016784668
2022-11-18,60.3650016784668
2022-11-21,60.814998626708984
2022-11-22,60.625
2022-11-23,60.630001068115234
2022-11-24,60.76499938964844
2022-11-25,60.33000183105469
2022-11-28,60.46500015258789
2022-11-29,61.814998626708984
2022-11-30,60.810001373291016
2022-12-01,60.9900016784668
2022-12-02,61.18000030517578
2022-12-05,60.51499938964844
2022-12-06,60.51499938964844
2022-12-07,60.51499938964844
2022-12-08,63.464900970458984
2022-12-09,63.3650016784668
2022-12-12,62.47999954223633
2022-12-13,62.625
2022-12-14,63.18000030517578
2022-12-15,64.71499633789062
2022-12-16,64.61499786376953
2022-12-19,64.83999633789062
2022-12-20,69.71499633789062
2022-12-21,69.25
2022-12-22,73.21499633789062
2022-12-23,68.21499633789062
2022-12-26,70.21499633789062
2022-12-27,68.33000183105469
2022-12-28,69.96499633789062
2022-12-29,72.71499633789062
2022-12-30,73.96499633789062
2023-01-02,73.71499633789062
2023-01-03,70.99549865722656
2023-01-04,73.01499938964844
2023-01-05,72.46499633789062
2023-01-06,72.11499786376953
2023-01-09,72.46499633789062
2023-01-10,69.87999725341797
2023-01-11,69.63999938964844
2023-01-12,69.11900329589844
2023-01-13,67.75
2023-01-16,65.96499633789062
2023-01-17,68.71499633789062
2023-01-18,68.46499633789062
2023-01-19,68.71499633789062
2023-01-20,69.36499786376953
2023-01-23,68.21499633789062
2023-01-24,68.94499969482422
2023-01-25,69.41500091552734
2023-01-26,69.19499969482422
2023-01-27,69.46499633789062
2023-01-30,70.69249725341797
2023-01-31,69.87999725341797
2023-02-01,70.55000305175781
2023-02-02,69.9000015258789
2023-02-03,75.03099822998047
2023-02-06,70.61499786376953
2023-02-07,71.4749984741211
2023-02-08,72.0999984741211
2023-02-09,73.22100067138672
2023-02-10,73.00499725341797
2023-02-13,73.07499694824219
2023-02-14,74.06400299072266
2023-02-15,73.56500244140625
2023-02-16,73.96499633789062
2023-02-17,74.68000030517578
2023-02-20,73.96499633789062
2023-02-21,75.46399688720703
2023-02-22,74.61499786376953
2023-02-23,74.86499786376953
2023-02-24,75.36499786376953
2023-02-27,75.9800033569336
2023-02-28,74.61499786376953
2023-03-01,75.01499938964844
2023-03-02,75.2300033569336
2023-03-03,75.48999786376953
2023-03-06,75.36499786376953
2023-03-07,75.36499786376953
2023-03-08,75.56500244140625
2023-03-09,76.01499938964844
2023-03-10,75.81500244140625
2023-03-13,76.16500091552734
2023-03-14,75.51499938964844
2023-03-15,75.71499633789062
2023-03-17,76.46499633789062
2023-03-20,76.92500305175781
2023-03-21,77.46499633789062
2023-03-22,77.21499633789062
2023-03-23,76.88999938964844
2023-03-24,75.96499633789062
2023-03-27,77.24500274658203
2023-03-28,76.5
2023-03-29,76.5250015258789
2023-03-30,77.29000091552734
2023-03-31,77.23999786376953
2023-04-03,77.96499633789062
2023-04-04,78.61499786376953
2023-04-05,79.26499938964844
2023-04-06,80.16500091552734
2023-04-07,81.16500091552734
2023-04-10,81.06500244140625
2023-04-11,81.625
2023-04-12,81.06500244140625
2023-04-13,82.01499938964844
2023-04-14,81.66500091552734
2023-04-17,81.51499938964844
2023-04-18,82.01499938964844
2023-04-19,81.76499938964844
2023-04-20,81.66500091552734
2023-04-21,81.76499938964844
2023-04-24,81.41500091552734
2023-04-25,81.45999908447266
2023-04-26,80.81600189208984
2023-04-27,81.76499938964844
2023-04-28,81.81500244140625
2023-05-01,80.41500091552734
2023-05-02,80.66500091552734
2023-05-03,80.07499694824219
2023-05-04,79.46499633789062
2023-05-05,78.46499633789062
2023-05-08,77.7750015258789
2023-05-09,77.69000244140625
2023-05-10,77.96499633789062
2023-05-11,77.69000244140625
2023-05-12,76.96499633789062
2023-05-15,77.32499694824219
2023-05-16,79.71499633789062
2023-05-17,80.45500183105469
2023-05-18,79.71499633789062
2023-05-19,80.36499786376953
2023-05-22,80.06500244140625
2023-05-23,80.46499633789062
2023-05-24,80.125
2023-05-25,80.06500244140625
2023-05-26,79.98999786376953
2023-05-29,78.96499633789062
2023-05-30,80.21499633789062
2023-05-31,79.61000061035156
2023-06-01,81.51499938964844
2023-06-02,80.96499633789062
2023-06-05,80.76499938964844
2023-06-06,80.56500244140625
2023-06-07,81.31500244140625
2023-06-08,81.51499938964844
2023-06-09,81.9749984741211
2023-06-12,82.69000244140625
2023-06-13,83.84500122070312
2023-06-14,83.91500091552734
2023-06-15,83.96499633789062
2023-06-16,83.44499969482422
2023-06-19,83.46499633789062
2023-06-20,83.81500244140625
2023-06-21,84.71399688720703
2023-06-22,83.61499786376953
2023-06-23,80.94999694824219
2023-06-26,83.61499786376953
2023-06-27,84.375
2023-06-28,85.33999633789062
2023-06-29,85.8550033569336
2023-06-30,86.82499694824219
2023-07-03,87.91500091552734
2023-07-04,89.47000122070312
2023-07-05,89.96499633789062
2023-07-06,91.21499633789062
2023-07-07,91.21499633789062
2023-07-10,91.2249984741211
2023-07-11,90.51499938964844
2023-07-12,90.46499633789062
2023-07-13,90.46499633789062
2023-07-14,90.09500122070312
2023-07-17,90.21499633789062
2023-07-18,90.56999969482422
2023-07-19,90.96499633789062
2023-07-20,91.91500091552734
2023-07-21,90.06500244140625
2023-07-24,90.46499633789062
2023-07-25,90.41500091552734
2023-07-26,90.16500091552734
2023-07-27,89.96499633789062
2023-07-28,90.66500091552734
2023-07-31,92.0250015258789
2023-08-01,91.61499786376953
2023-08-02,92.375
2023-08-03,94.01499938964844
2023-08-04,94.96499633789062
2023-08-07,95.83999633789062
2023-08-08,95.71499633789062
2023-08-09,97.16999816894531
2023-08-10,96.83999633789062
2023-08-11,96.98999786376953
2023-08-14,99.95999908447266
2023-08-15,96.96499633789062
2023-08-16,98.46499633789062
2023-08-17,94.46399688720703
2023-08-18,94.46499633789062
2023-08-21,95.16500091552734
2023-08-22,93.46499633789062
2023-08-23,94.46499633789062
2023-08-24,94.96600341796875
2023-08-25,94.46499633789062
2023-08-28,95.46499633789062
2023-08-29,94.46499633789062
2023-08-30,95.38999938964844
2023-08-31,96.26499938964844
2023-09-01,95.83999633789062
2023-09-04,96.37000274658203
2023-09-05,96.21499633789062
2023-09-06,96.73500061035156
2023-09-07,97.76499938964844
2023-09-08,98.46499633789062
2023-09-11,97.71499633789062
2023-09-12,95.01499938964844
2023-09-13,94.86900329589844
2023-09-14,95.96499633789062
2023-09-15,95.46499633789062
2023-09-18,96.76499938964844
2023-09-19,95.91500091552734
2023-09-20,97.46600341796875
2023-09-21,95.98999786376953
2023-09-22,96.06400299072266
2023-09-25,96.26499938964844
2023-09-26,94.80500030517578
2023-09-27,96.56500244140625
2023-09-28,96.06999969482422
2023-09-29,96.61499786376953
2023-10-02,97.96499633789062
2023-10-03,98.76499938964844
2023-10-04,100.96499633789062
2023-10-05,99.46499633789062
2023-10-06,100.08999633789062
2023-10-09,100.96499633789062
2023-10-10,99.21499633789062
2023-10-11,100.26480102539062
2023-10-12,97.71600341796875
2023-10-13,97.69000244140625
2023-10-16,97.66500091552734
2023-10-17,97.31500244140625
2023-10-18,97.99500274658203
2023-10-19,98.07499694824219
2023-10-20,96.1500015258789
2023-10-23,95.41500091552734
2023-10-24,94.46499633789062
2023-10-25,93.44499969482422
2023-10-26,93.96499633789062
2023-10-27,93.61499786376953
2023-10-30,94.16500091552734
2023-10-31,92.5199966430664
2023-11-01,93.29000091552734
2023-11-02,92.57499694824219
2023-11-03,93.23999786376953
2023-11-06,91.69599914550781
2023-11-07,92.62000274658203
2023-11-08,92.06500244140625
2023-11-09,91.81500244140625
2023-11-10,91.63999938964844
2023-11-13,92.16999816894531
2023-11-14,91.87999725341797
2023-11-15,90.5
2023-11-16,89.41999816894531
2023-11-17,89.31500244140625
2023-11-20,89.33999633789062
2023-11-21,88.5199966430664
2023-11-22,88.20999908447266
2023-11-23,88.36499786376953
2023-11-24,88.23999786376953
2023-11-27,89.24500274658203
2023-11-28,89.04000091552734
2023-11-29,88.84500122070312
2023-11-30,88.66500091552734
2023-12-01,89.94000244140625
2023-12-04,91.19000244140625
2023-12-05,91.46499633789062
2023-12-06,90.17749786376953
2023-12-07,92.76499938964844
2023-12-08,92.4000015258789
2023-12-11,92.12000274658203
2023-12-12,90.92500305175781
2023-12-13,90.26499938964844
2023-12-14,89.31500244140625
2023-12-15,89.48999786376953
2023-12-18,90.61499786376953
2023-12-19,90.48999786376953
2023-12-20,90.44000244140625
2023-12-21,90.05500030517578
2023-12-22,92.86000061035156
2023-12-25,92.08999633789062
2023-12-26,91.9574966430664
2023-12-27,91.59500122070312
2023-12-28,91.61000061035156
2023-12-29,88.44000244140625
2024-01-01,89.21499633789062
2024-01-02,89.21499633789062
2024-01-03,90.3949966430664
2024-01-04,91.96499633789062
2024-01-05,91.31500244140625
2024-01-08,90.8949966430664
2024-01-09,90.8949966430664
2024-01-10,90.8949966430664
2024-01-11,90.88999938964844
2024-01-12,89.88999938964844
2024-01-15,89.88999938964844
2024-01-16,89.88999938964844
2024-01-17,87.94999694824219
2024-01-18,88.62000274658203
2024-01-19,88.62000274658203
2024-01-22,89.41999816894531
2024-01-23,87.98999786376953
2024-01-24,87.98999786376953
2024-01-25,88.69000244140625
2024-01-26,88.0
2024-01-29,88.0
2024-01-30,89.2699966430664
2024-01-31,89.73999786376953
2024-02-01,89.9800033569336
2024-02-02,90.41000366210938
2024-02-05,90.98999786376953
2024-02-06,90.98999786376953
2024-02-07,90.51000213623047
2024-02-08,90.51000213623047
2024-02-09,91.16999816894531
2024-02-12,91.37000274658203
2024-02-13,91.37000274658203
2024-02-14,91.5
2024-02-15,91.63999938964844
2024-02-16,92.2699966430664
2024-02-19,92.2699966430664
2024-02-20,92.47000122070312
2024-02-21,92.0999984741211
2024-02-22,92.0999984741211
2024-02-23,93.04000091552734
2024-02-26,93.04000091552734
2024-02-27,91.87000274658203
2024-02-28,91.87000274658203
2024-02-29,91.87000274658203
2024-03-01,91.48999786376953
2024-03-04,91.48999786376953
2024-03-05,91.48999786376953
2024-03-06,91.61000061035156
2024-03-07,90.80999755859375
2024-03-08,90.80999755859375
2024-03-11,90.94000244140625
2024-03-12,90.48999786376953
2024-03-13,91.72000122070312
2024-03-14,91.33999633789062
2024-03-15,91.33999633789062
2024-03-18,92.5199966430664
2024-03-19,92.5199966430664
2024-03-20,91.44000244140625
2024-03-21,91.44000244140625
2024-03-22,92.3499984741211
2024-03-25,92.12000274658203
2024-03-26,92.4749984741211
2024-03-27,92.47000122070312
2024-03-28,92.44000244140625
2024-03-29,92.44000244140625
2024-04-01,92.56999969482422
2024-04-02,92.27999877929688
2024-04-03,92.27999877929688
2024-04-04,92.44999694824219
2024-04-05,92.44999694824219
2024-04-08,92.56999969482422
2024-04-09,92.62000274658203
2024-04-10,92.62000274658203
2024-04-11,92.88999938964844
2024-04-12,92.88999938964844
2024-04-15,93.30000305175781
2024-04-16,93.30000305175781
2024-04-17,93.30000305175781
2024-04-18,94.13999938964844
2024-04-19,93.69999694824219
2024-04-22,93.69999694824219
2024-04-23,93.0199966430664
2024-04-24,93.0199966430664
2024-04-25,93.47000122070312
2024-04-26,92.2699966430664
2024-04-29,92.2699966430664
2024-04-30,93.41999816894531
2024-05-01,93.41999816894531
2024-05-02,93.26000213623047
2024-05-03,93.26000213623047
2024-05-06,93.26000213623047
2024-05-07,91.06999969482422
2024-05-08,91.06999969482422
2024-05-09,91.27999877929688
2024-05-10,91.62000274658203
2024-05-13,91.62000274658203
2024-05-14,91.62000274658203
2024-05-15,91.31999969482422
2024-05-16,90.74500274658203
2024-05-17,90.74500274658203
2024-05-20,90.74500274658203
2024-05-21,90.29000091552734
2024-05-22,90.31999969482422
2024-05-23,90.31999969482422
2024-05-24,91.62000274658203
2024-05-27,91.62000274658203
2024-05-28,91.62000274658203
2024-05-29,91.62000274658203
2024-05-30,89.56999969482422
2024-05-31,89.56999969482422
2024-06-03,90.41999816894531
2024-06-04,89.31999969482422
2024-06-05,88.52999877929688
2024-06-06,89.04549407958984
2024-06-07,89.32048797607422
2024-06-10,88.8342514038086
2024-06-11,88.8700180053711
2024-06-12,89.24626922607422
2024-06-13,88.9970932006836
2024-06-14,87.87535095214844
2024-06-17,88.06436157226562
2024-06-18,88.72040557861328
2024-06-19,85.37165832519531
2024-06-20,83.49625396728516
2024-06-21,87.37244415283203
2024-06-24,87.3442153930664
2024-06-25,87.99541473388672
2024-06-26,87.4979476928711
2024-06-27,88.2453842163086
2024-06-28,84.99630737304688
2024-07-01,85.50910186767578
2024-07-02,86.7470474243164
2024-07-03,87.84622192382812
2024-07-04,88.49542999267578
2024-07-05,88.99748992919922
2024-07-08,87.1934585571289
2024-07-09,86.61963653564453
2024-07-10,86.4906997680664
2024-07-11,88.34503173828125
2024-07-12,86.99708557128906
2024-07-15,86.76679992675781
2024-07-16,87.99429321289062
2024-07-17,88.49625396728516
2024-07-18,88.4801025390625
2024-07-19,88.39669799804688
2024-07-22,86.88471984863281
2024-07-23,87.84465789794922
2024-07-24,87.84552001953125
2024-07-25,86.23690795898438
2024-07-26,84.9942855834961
2024-07-29,84.99562072753906
2024-07-30,86.39580535888672
2024-07-31,85.74746704101562
2024-08-01,85.99626922607422
2024-08-02,85.51448822021484
2024-08-05,84.13951873779297
2024-08-06,84.87247467041016
2024-08-07,85.66654205322266
2024-08-08,85.72735595703125
2024-08-09,86.74417114257812
2024-08-12,86.79954528808594
2024-08-13,90.99552154541016
2024-08-14,90.496337890625
2024-08-15,89.79513549804688
2024-08-16,88.9215316772461
2024-08-19,89.46427154541016
2024-08-20,89.99603271484375
2024-08-21,91.14886474609375
2024-08-22,91.4968032836914
2024-08-23,91.49641418457031
2024-08-26,90.2614517211914
2024-08-27,92.00057220458984
2024-08-28,91.49476623535156
2024-08-29,91.49394989013672
2024-08-30,91.49642944335938
2024-09-02,90.67738342285156
2024-09-03,89.79557037353516
2024-09-04,87.87251281738281
2024-09-05,87.49964141845703
2024-09-06,88.24842071533203
2024-09-09,89.15444946289062
2024-09-10,90.54016876220703
2024-09-11,90.99885559082031
2024-09-12,91.5688247680664
2024-09-13,89.1964111328125
2024-09-16,89.73624420166016
2024-09-17,91.39635467529297
2024-09-18,91.49606323242188
2024-09-19,93.62269592285156
2024-09-20,92.17015075683594
2024-09-23,91.74928283691406
2024-09-24,91.46929931640625
2024-09-25,92.7972183227539
2024-09-26,92.4964828491211
2024-09-27,92.60604095458984
2024-09-30,94.22872924804688
2024-10-01,92.99935150146484
2024-10-02,95.84689331054688
2024-10-03,95.64681243896484
2024-10-04,94.49250793457031
2024-10-07,94.79666900634766
2024-10-08,96.19636535644531
2024-10-09,96.74461364746094
2024-10-10,97.00032043457031
2024-10-11,96.59542083740234
2024-10-14,95.88238525390625
2024-10-15,95.59062957763672
2024-10-16,96.9949722290039
2024-10-17,97.496826171875
2024-10-18,97.39495849609375
2024-10-21,94.95330810546875
2024-10-22,96.7945556640625
2024-10-23,95.74276733398438
2024-10-24,95.95083618164062
2024-10-25,96.24457550048828
2024-10-28,97.24337005615234
2024-10-29,97.24455261230469
2024-10-30,97.49544525146484
2024-10-31,97.01905822753906
2024-11-01,97.37313842773438
2024-11-04,97.02130889892578
2024-11-05,98.99544525146484
2024-11-06,97.7958755493164
2024-11-07,97.2181625366211
2024-11-08,97.9981689453125
2024-11-11,97.06427001953125
2024-11-12,95.9945068359375
2024-11-13,98.2466812133789
2024-11-14,98.49440002441406
2024-11-15,99.57842254638672
2024-11-18,99.98167419433594
2024-11-19,99.74581146240234
2024-11-20,100.57264709472656
2024-11-21,100.59713745117188
2024-11-22,101.29666137695312
2024-11-25,103.70426940917969
2024-11-26,104.01014709472656
2024-11-27,105.49270629882812
2024-11-28,113.14102172851562
2024-11-29,107.99378967285156
2024-12-02,106.50303649902344
2024-12-03,106.48507690429688
2024-12-04,104.99542999267578
2024-12-05,104.99980926513672
2024-12-06,100.99154663085938
2024-12-09,97.96543884277344
2024-12-10,99.995361328125
2024-12-11,103.04581451416016
2024-12-12,105.50025939941406
2024-12-13,104.99627685546875
2024-12-16,102.28646087646484
2024-12-17,103.59478759765625
2024-12-18,104.59326934814453
2024-12-19,104.67269897460938
2024-12-20,103.4926986694336
2024-12-23,101.84226989746094
2024-12-24,101.2236557006836
2024-12-25,99.94905090332031
2024-12-26,99.98509216308594
2024-12-27,99.7610855102539
2024-12-30,104.51876068115234
2024-12-31,110.49376678466797
2025-01-02,113.72217559814453
2025-01-03,110.99624633789062
2025-01-06,108.83383178710938
2025-01-07,107.49576568603516
2025-01-08,107.24622344970703
2025-01-09,104.4962387084961
2025-01-10,102.2526626586914
2025-01-13,101.7596664428711
2025-01-14,102.74462127685547
2025-01-15,101.9962387084961
2025-01-16,102.4911880493164
2025-01-17,103.61359405517578
2025-01-20,101.78314971923828
2025-01-21,100.99717712402344
2025-01-22,99.49525451660156
2025-01-23,99.24761199951172
2025-01-24,99.86971282958984
2025-01-27,97.211669921875
2025-01-28,97.3646011352539
2025-01-29,97.9966812133789
2025-01-30,99.24478149414062
2025-01-31,98.4952621459961
2025-02-03,98.75531005859375
2025-02-04,99.7456283569336
2025-02-05,100.69673919677734
2025-02-06,97.99336242675781
2025-02-07,96.73268127441406
2025-02-10,96.73853302001953
2025-02-11,96.61639404296875
2025-02-12,96.47132873535156
2025-02-13,93.99623107910156
2025-02-14,89.4957504272461
2025-02-17,90.09052276611328
2025-02-18,91.49703979492188
2025-02-19,91.5439224243164
2025-02-20,89.6190185546875
2025-02-21,88.67111206054688
2025-02-24,87.92698669433594
2025-02-25,87.73686981201172
2025-02-26,86.59569549560547
2025-02-27,86.82077026367188
2025-02-28,87.69821166992188
2025-03-03,87.48175811767578
2025-03-04,89.69569396972656
2025-03-05,89.74787902832031
2025-03-06,90.38959503173828
2025-03-07,89.00328826904297
2025-03-10,87.95074462890625
2025-03-11,87.62010955810547
2025-03-12,85.62406921386719
2025-03-13,87.1458511352539
2025-03-14,86.24547576904297
2025-03-17,84.54794311523438
2025-03-18,83.44552612304688
2025-03-19,81.74739837646484
2025-03-20,83.98011779785156
2025-03-21,84.92083740234375
2025-03-24,84.31856536865234
2025-03-25,83.87203979492188
2025-03-26,84.62159729003906
2025-03-27,84.07198333740234
2025-03-28,84.49272155761719
2025-03-31,82.61974334716797
2025-04-01,82.99401092529297
2025-04-02,84.49504089355469
2025-04-03,84.25365447998047
2025-04-04,83.9219741821289
2025-04-07,83.73799133300781
2025-04-08,86.14550018310547
2025-04-09,85.84398651123047
2025-04-10,86.12574768066406
2025-04-11,83.48717498779297
2025-04-14,83.97508239746094
2025-04-15,82.24932861328125
2025-04-16,83.5453872680664
2025-04-17,82.9946060180664
2025-04-22,81.17516326904297
2025-04-23,81.51790618896484
2025-04-24,82.99446105957031
2025-04-25,83.19823455810547
2025-04-28,82.73937225341797
2025-04-29,82.64576721191406
2025-04-30,81.99578857421875
2025-05-01,82.01812744140625
2025-05-02,82.22724914550781
2025-05-05,81.91653442382812
2025-05-06,80.49713897705078
2025-05-07,81.49191284179688
2025-05-08,80.62101745605469
2025-05-09,82.49641418457031
2025-05-12,82.63175201416016
2025-05-13,80.99641418457031
2025-05-14,79.84282684326172
2025-05-15,80.37244415283203
2025-05-16,79.99535369873047
2025-05-19,80.00536346435547
2025-05-20,80.74639129638672
2025-05-21,80.62069702148438
2025-05-22,79.88544464111328
2025-05-23,79.6562271118164
2025-05-26,78.43033599853516
2025-05-27,79.74639129638672
2025-05-28,80.24319458007812
2025-05-29,79.8642578125
2025-05-30,76.89337921142578
2025-06-02,77.64775085449219
2025-06-03,79.2457275390625
2025-06-04,78.97001647949219
2025-06-05,79.24608612060547
2025-06-06,77.2464828491211
2025-06-09,78.52338409423828
2025-06-10,78.9974594116211
2025-06-11,78.47003936767578
2025-06-12,79.49850463867188
2025-06-13,79.99957275390625
2025-06-16,79.7751693725586
2025-06-17,78.61264038085938
2025-06-18,78.49988555908203
2025-06-19,78.49607849121094
2025-06-20,78.3701171875
2025-06-23,77.64508819580078
2025-06-24,78.49512481689453
2025-06-25,78.37149047851562
2025-06-26,78.2427978515625
2025-06-27,78.74858093261719
2025-06-30,77.72760772705078
2025-07-01,78.19686889648438
2025-07-02,78.49253845214844
2025-07-03,78.92086029052734
2025-07-04,79.06613159179688
2025-07-07,77.9681625366211
2025-07-08,78.6965103149414
2025-07-09,78.49620056152344
2025-07-10,78.19583129882812
2025-07-11,77.7971420288086
2025-07-14,77.25990295410156
2025-07-15,78.08441925048828
2025-07-16,78.07186126708984
2025-07-17,78.24713897705078
2025-07-18,78.01062774658203
2025-07-21,77.75179290771484
2025-07-22,78.19585418701172
2025-07-23,78.49857330322266
2025-07-24,78.3905029296875
2025-07-25,79.24684143066406
2025-07-28,78.29944610595703
2025-07-29,81.3310317993164
2025-07-30,81.24903106689453
2025-07-31,81.24861907958984
2025-08-01,81.097900390625
2025-08-04,78.27940368652344
2025-08-05,79.82319641113281
2025-08-06,79.99654388427734
2025-08-07,79.99819946289062
2025-08-08,79.23939514160156
2025-08-11,78.90477752685547
2025-08-12,79.49446868896484
2025-08-13,79.44583892822266
2025-08-14,79.4472427368164
2025-08-15,79.74620056152344
2025-08-18,78.84575653076172
2025-08-19,80.49098205566406
2025-08-20,80.77119445800781
2025-08-21,80.49651336669922
2025-08-22,80.57979583740234
2025-08-25,79.08953094482422
2025-08-26,80.69578552246094
2025-08-27,80.49474334716797
2025-08-28,80.347900390625
2025-08-29,80.49620819091797
2025-09-01,78.8982162475586
2025-09-02,80.57393646240234
2025-09-03,80.54789733886719
2025-09-04,80.9971923828125
2025-09-05,81.29374694824219
2025-09-08,81.24029541015625
2025-09-09,82.47158813476562
2025-09-10,83.69512939453125
2025-09-11,84.4939956665039
2025-09-12,84.48434448242188
2025-09-15,82.52635955810547
2025-09-16,82.99762725830078
2025-09-17,83.1961898803711
2025-09-18,84.00404357910156
2025-09-19,83.23562622070312
2025-09-22,82.80157470703125
2025-09-23,83.61876678466797
2025-09-24,83.64659118652344
2025-09-25,83.75614929199219
2025-09-26,83.94759368896484
2025-09-29,82.46550750732422
2025-09-30,83.0694580078125
2025-10-01,82.89227294921875
2025-10-02,82.50117492675781
2025-10-03,82.54900360107422
2025-10-06,81.56487274169922
2025-10-07,82.99972534179688
2025-10-08,82.07256317138672
2025-10-09,81.44542694091797
2025-10-10,81.16867065429688
2025-10-13,80.07654571533203
2025-10-14,81.14334869384766
2025-10-15,79.49613952636719
2025-10-16,78.6495590209961
2025-10-17,80.49652862548828
2025-10-20,80.55245971679688
2025-10-21,80.8450927734375
2025-10-22,81.3714599609375
2025-10-23,81.49440002441406
2025-10-24,81.41976165771484
2025-10-27,79.82564544677734
2025-10-28,79.24275970458984
2025-10-29,79.23696899414062
2025-10-30,79.99542999267578
2025-10-31,79.94754028320312
2025-11-03,80.89276885986328
2025-11-04,80.98277282714844
2025-11-05,80.9957275390625
2025-11-06,81.3468246459961
2025-11-07,81.24295043945312
2025-11-10,80.30562591552734
2025-11-11,81.2486343383789
2025-11-12,80.92765045166016
2025-11-13,81.27145385742188
2025-11-14,80.69581604003906
2025-11-17,80.08954620361328
2025-11-18,81.24616241455078
2025-11-19,81.06904602050781
2025-11-20,80.54329681396484
2025-11-21,80.04438781738281
2025-11-24,78.18549346923828
2025-11-25,78.49854278564453
2025-11-26,78.8697738647461
2025-11-27,78.49583435058594
2025-11-28,77.94819641113281
2025-12-01,76.83787536621094
2025-12-02,77.72452545166016
2025-12-03,77.45410919189453
2025-12-04,76.99481964111328
2025-12-05,75.99678802490234
2025-12-08,75.99091339111328
2025-12-09,76.54546356201172
2025-12-10,77.18621063232422
2025-12-11,78.24519348144531
2025-12-12,80.26023864746094
2025-12-15,79.72608184814453
2025-12-16,79.49618530273438
2025-12-17,79.03944396972656
2025-12-18,80.49685668945312
2025-12-19,79.91411590576172
2025-12-22,79.65387725830078
2025-12-23,78.7951889038086
2025-12-24,77.99622344970703
2025-12-26,78.9462890625
2025-12-29,79.02978515625
2025-12-30,78.50053405761719
2025-12-31,79.49620056152344
2026-01-02,79.00093841552734
2026-01-05,79.3479232788086
2026-01-06,80.9955062866211
2026-01-07,80.49479675292969
2026-01-08,80.49791717529297
2026-01-09,80.49028778076172
2026-01-12,78.2896728515625
2026-01-13,78.3208236694336
2026-01-14,78.74717712402344
2026-01-15,78.49516296386719
2026-01-16,78.2450942993164
2026-01-19,76.91943359375
2026-01-20,77.49215698242188
2026-01-21,78.0491943359375
2026-01-22,76.99584197998047
2026-01-23,75.99620819091797
2026-01-26,74.09937286376953
2026-01-27,76.5212631225586
2026-01-28,76.2446517944336
2026-01-29,76.54338836669922
2026-01-30,75.24656677246094
2026-02-02,75.57585144042969
2026-02-03,76.44617462158203
2026-02-04,76.99885559082031
2026-02-05,76.24429321289062
2026-02-06,76.74554443359375
2026-02-09,75.93791198730469
2026-02-10,76.99591827392578
2026-02-11,77.41866302490234
2026-02-12,77.09587860107422
2026-02-13,77.23035430908203
2026-02-16,76.37820434570312
2026-02-17,76.74039459228516
2026-02-18,76.34718322753906
2026-02-19,76.7403793334961
2026-02-20,76.74653625488281
2026-02-23,75.57313537597656
2026-02-24,75.8044662475586
2026-02-25,76.54589080810547
2026-02-26,77.23640441894531
2026-02-27,76.87153625488281
2026-03-02,76.73075866699219
2026-03-03,77.47218322753906
2026-03-04,77.64916229248047
2026-03-05,77.87047576904297
2026-03-06,78.6610107421875
2026-03-09,79.96337127685547
2026-03-10,78.23169708251953
2026-03-11,79.04476165771484
2026-03-12,79.22181701660156
2026-03-13,79.4975357055664
2026-03-16,80.14718627929688
2026-03-17,81.24578857421875
2026-03-18,82.3689956665039
2026-03-19,83.8696060180664
2026-03-20,86.14614868164062
2026-03-23,83.04635620117188
2026-03-24,81.91938018798828
2026-03-25,80.49203491210938
2026-03-26,80.99649047851562
2026-03-27,81.37147521972656
2026-03-30,80.81458282470703
2026-03-31,81.28900146484375
2026-04-01,81.296142578125
2026-04-02,80.29541015625
2026-04-03,80.18264770507812
2026-04-06,80.40592956542969
2026-04-07,80.18473052978516
2026-04-08,78.42189025878906
2026-04-09,78.54821014404297
2026-04-10,77.61915588378906
2026-04-13,76.54850769042969
2026-04-14,76.16571044921875
2026-04-15,75.37187194824219
2026-04-16,75.49235534667969
2026-04-17,76.37057495117188
2026-04-20,75.51107025146484
2026-04-21,74.94779205322266
2026-04-22,75.11795043945312
2026-04-23,75.09745025634766
2026-04-24,75.87216186523438
2026-04-27,74.5252456665039
2026-04-28,74.86641693115234
2026-04-29,75.32247161865234
2026-04-30,74.74583435058594
2026-05-01,74.9588394165039
2026-05-04,74.97610473632812
2026-05-05,74.99559783935547
2026-05-06,75.4968490600586
2026-05-07,74.74810028076172
2026-05-08,74.64558410644531
2026-05-11,74.41757202148438
2026-05-12,73.59553527832031
2026-05-13,73.82369232177734
2026-05-14,74.1711654663086
2026-05-15,73.24612426757812
2026-05-18,72.83972930908203
2026-05-19,72.7733383178711
2026-05-20,71.19612884521484
2026-05-21,71.21063232421875
2026-05-22,71.19551086425781
2026-05-25,70.11922454833984
2026-05-26,71.43325805664062
2026-05-27,71.99893188476562
2026-05-28,70.8940200805664
2026-05-29,70.8446273803711
2026-06-01,71.22817993164062
2026-06-02,71.99707794189453
2026-06-03,73.19677734375
2026-06-04,73.74768829345703
2026-06-05,73.39739990234375
2026-06-08,73.68224334716797
2026-06-09,72.97111511230469
2026-06-10,71.97113037109375
2026-06-11,72.2442398071289
2026-06-12,71.97271728515625
2026-06-15,72.27986145019531
2026-06-16,72.44552612304688
2026-06-17,72.48615264892578
2026-06-18,72.89643859863281
2026-06-19,73.32108306884766
2026-06-22,72.26172637939453
2026-06-23,74.23731994628906
2026-06-24,74.4967041015625
2026-06-25,74.89640045166016
2026-06-26,75.19377136230469
2026-06-29,78.96835327148438
2026-06-30,76.9940185546875
2026-07-01,78.69542694091797
2026-07-02,77.4974365234375
2026-07-03,77.49842071533203
2026-07-06,76.15533447265625
2026-07-07,76.9970703125
2026-07-08,76.49679565429688
2026-07-09,76.79608917236328
2026-07-10,76.24677276611328
2026-07-13,75.87588500976562
2026-07-14,76.64704132080078
2026-07-15,77.49440002441406
2026-07-16,77.49506378173828
2026-07-17,78.09644317626953
2026-07-20,77.50032043457031
2026-07-21,78.57035064697266
2026-07-22,78.29437255859375
2026-07-23,77.97279357910156
2026-07-24,78.29774475097656
2026-07-27,78.06099700927734
